solid OpenSCAD_Model
  facet normal -0.794018 0.025687 -0.607351
    outer loop
      vertex -16.3863 0 13.1429
      vertex -15.4939 0.124719 11.9815
      vertex -15.5 0 11.9842
    endloop
  endfacet
  facet normal -0.794028 0.0260055 -0.607325
    outer loop
      vertex -15.4939 0.124719 11.9815
      vertex -16.3863 0 13.1429
      vertex -16.3512 1.07171 13.1429
    endloop
  endfacet
  facet normal -0.794033 0.0259936 -0.607319
    outer loop
      vertex -15.4503 1.01266 11.9625
      vertex -15.4939 0.124719 11.9815
      vertex -16.3512 1.07171 13.1429
    endloop
  endfacet
  facet normal -0.906916 0.0296988 -0.420264
    outer loop
      vertex -16.9589 1.11155 14.4571
      vertex -16.3863 0 13.1429
      vertex -16.9953 0 14.4571
    endloop
  endfacet
  facet normal -0.906914 0.0297027 -0.420267
    outer loop
      vertex -16.3512 1.07171 13.1429
      vertex -16.3863 0 13.1429
      vertex -16.9589 1.11155 14.4571
    endloop
  endfacet
  facet normal -0.999415 0.0326569 0.0101979
    outer loop
      vertex -16.0029 0 111.714
      vertex -15.9687 1.04664 111.714
      vertex -16.9953 0 14.4571
    endloop
  endfacet
  facet normal -0.999412 0.0327278 0.0101971
    outer loop
      vertex -15.9687 1.04664 111.714
      vertex -16.9589 1.11155 14.4571
      vertex -16.9953 0 14.4571
    endloop
  endfacet
  facet normal -0.967716 0.0316507 -0.25005
    outer loop
      vertex -16.0692 0.232369 112
      vertex -16.0029 0 111.714
      vertex -16.0768 0 112
    endloop
  endfacet
  facet normal -0.96775 0.0316636 -0.249916
    outer loop
      vertex -15.9687 1.04664 111.714
      vertex -16.0692 0.232369 112
      vertex -16.0424 1.05147 112
    endloop
  endfacet
  facet normal -0.967722 0.0316213 -0.250027
    outer loop
      vertex -16.0692 0.232369 112
      vertex -15.9687 1.04664 111.714
      vertex -16.0029 0 111.714
    endloop
  endfacet
  facet normal -0.790618 0.0778667 -0.607339
    outer loop
      vertex -15.4446 1.12777 11.9699
      vertex -16.3512 1.07171 13.1429
      vertex -16.2461 2.13884 13.1429
    endloop
  endfacet
  facet normal -0.790605 0.078191 -0.607314
    outer loop
      vertex -16.3512 1.07171 13.1429
      vertex -15.4446 1.12777 11.9699
      vertex -15.4503 1.01266 11.9625
    endloop
  endfacet
  facet normal -0.790583 0.07805 -0.60736
    outer loop
      vertex -15.4254 1.51927 11.995
      vertex -16.2461 2.13884 13.1429
      vertex -15.3509 2.02099 11.9625
    endloop
  endfacet
  facet normal -0.790696 0.0777101 -0.607257
    outer loop
      vertex -16.2461 2.13884 13.1429
      vertex -15.4254 1.51927 11.995
      vertex -15.4446 1.12777 11.9699
    endloop
  endfacet
  facet normal -0.903032 0.0889333 -0.420267
    outer loop
      vertex -16.8499 2.21834 14.4571
      vertex -16.3512 1.07171 13.1429
      vertex -16.9589 1.11155 14.4571
    endloop
  endfacet
  facet normal -0.90303 0.088938 -0.420271
    outer loop
      vertex -16.2461 2.13884 13.1429
      vertex -16.3512 1.07171 13.1429
      vertex -16.8499 2.21834 14.4571
    endloop
  endfacet
  facet normal -0.995128 0.0980652 0.0101971
    outer loop
      vertex -15.9687 1.04664 111.714
      vertex -15.866 2.0888 111.714
      vertex -16.9589 1.11155 14.4571
    endloop
  endfacet
  facet normal -0.995134 0.0980038 0.0101978
    outer loop
      vertex -15.866 2.0888 111.714
      vertex -16.8499 2.21834 14.4571
      vertex -16.9589 1.11155 14.4571
    endloop
  endfacet
  facet normal -0.963601 0.0949524 -0.249916
    outer loop
      vertex -16.0196 1.28285 112
      vertex -15.9687 1.04664 111.714
      vertex -16.0424 1.05147 112
    endloop
  endfacet
  facet normal -0.963548 0.0948662 -0.250152
    outer loop
      vertex -15.866 2.0888 111.714
      vertex -16.0196 1.28285 112
      vertex -15.9393 2.09845 112
    endloop
  endfacet
  facet normal -0.963599 0.0949582 -0.24992
    outer loop
      vertex -16.0196 1.28285 112
      vertex -15.866 2.0888 111.714
      vertex -15.9687 1.04664 111.714
    endloop
  endfacet
  facet normal -0.783813 0.12943 -0.607359
    outer loop
      vertex -15.3346 2.13094 11.9649
      vertex -16.2461 2.13884 13.1429
      vertex -16.0714 3.1968 13.1429
    endloop
  endfacet
  facet normal -0.783811 0.129457 -0.607357
    outer loop
      vertex -16.2461 2.13884 13.1429
      vertex -15.3346 2.13094 11.9649
      vertex -15.3509 2.02099 11.9625
    endloop
  endfacet
  facet normal -0.78386 0.12935 -0.607315
    outer loop
      vertex -16.0714 3.1968 13.1429
      vertex -15.2022 3.0239 11.9842
      vertex -15.3346 2.13094 11.9649
    endloop
  endfacet
  facet normal -0.895287 0.147762 -0.420272
    outer loop
      vertex -16.6688 3.31562 14.4571
      vertex -16.2461 2.13884 13.1429
      vertex -16.8499 2.21834 14.4571
    endloop
  endfacet
  facet normal -0.895251 0.147832 -0.420323
    outer loop
      vertex -16.0714 3.1968 13.1429
      vertex -16.2461 2.13884 13.1429
      vertex -16.6688 3.31562 14.4571
    endloop
  endfacet
  facet normal -0.98659 0.162902 0.0101978
    outer loop
      vertex -15.866 2.0888 111.714
      vertex -15.6954 3.12201 111.714
      vertex -16.8499 2.21834 14.4571
    endloop
  endfacet
  facet normal -0.986601 0.162833 0.0101986
    outer loop
      vertex -15.6954 3.12201 111.714
      vertex -16.6688 3.31562 14.4571
      vertex -16.8499 2.21834 14.4571
    endloop
  endfacet
  facet normal -0.955255 0.157835 -0.250151
    outer loop
      vertex -15.9014 2.32783 112
      vertex -15.866 2.0888 111.714
      vertex -15.9393 2.09845 112
    endloop
  endfacet
  facet normal -0.955284 0.157718 -0.250113
    outer loop
      vertex -15.6954 3.12201 111.714
      vertex -15.9014 2.32783 112
      vertex -15.7679 3.13643 112
    endloop
  endfacet
  facet normal -0.955292 0.157735 -0.250072
    outer loop
      vertex -15.9014 2.32783 112
      vertex -15.6954 3.12201 111.714
      vertex -15.866 2.0888 111.714
    endloop
  endfacet
  facet normal -0.773694 0.180406 -0.607331
    outer loop
      vertex -15.1718 3.14503 11.9815
      vertex -16.0714 3.1968 13.1429
      vertex -15.8279 4.24108 13.1429
    endloop
  endfacet
  facet normal -0.773657 0.180628 -0.607313
    outer loop
      vertex -16.0714 3.1968 13.1429
      vertex -15.1718 3.14503 11.9815
      vertex -15.2022 3.0239 11.9842
    endloop
  endfacet
  facet normal -0.773693 0.180408 -0.607332
    outer loop
      vertex -14.9558 4.0074 11.9625
      vertex -15.1718 3.14503 11.9815
      vertex -15.8279 4.24108 13.1429
    endloop
  endfacet
  facet normal -0.883662 0.206087 -0.420322
    outer loop
      vertex -16.4162 4.39872 14.4571
      vertex -16.0714 3.1968 13.1429
      vertex -16.6688 3.31562 14.4571
    endloop
  endfacet
  facet normal -0.883682 0.206053 -0.420295
    outer loop
      vertex -15.8279 4.24108 13.1429
      vertex -16.0714 3.1968 13.1429
      vertex -16.4162 4.39872 14.4571
    endloop
  endfacet
  facet normal -0.973825 0.227068 0.0101986
    outer loop
      vertex -15.6954 3.12201 111.714
      vertex -15.4576 4.14186 111.714
      vertex -16.6688 3.31562 14.4571
    endloop
  endfacet
  facet normal -0.973815 0.227113 0.0101981
    outer loop
      vertex -15.4576 4.14186 111.714
      vertex -16.4162 4.39872 14.4571
      vertex -16.6688 3.31562 14.4571
    endloop
  endfacet
  facet normal -0.942918 0.219884 -0.250113
    outer loop
      vertex -15.7151 3.36285 112
      vertex -15.6954 3.12201 111.714
      vertex -15.7679 3.13643 112
    endloop
  endfacet
  facet normal -0.942927 0.219862 -0.2501
    outer loop
      vertex -15.4576 4.14186 111.714
      vertex -15.7151 3.36285 112
      vertex -15.529 4.16098 112
    endloop
  endfacet
  facet normal -0.942927 0.219864 -0.250097
    outer loop
      vertex -15.7151 3.36285 112
      vertex -15.4576 4.14186 111.714
      vertex -15.6954 3.12201 111.714
    endloop
  endfacet
  facet normal -0.760235 0.230639 -0.607329
    outer loop
      vertex -14.9278 4.1192 11.9699
      vertex -15.8279 4.24108 13.1429
      vertex -15.5166 5.26719 13.1429
    endloop
  endfacet
  facet normal -0.760244 0.2306 -0.607333
    outer loop
      vertex -15.8279 4.24108 13.1429
      vertex -14.9278 4.1192 11.9699
      vertex -14.9558 4.0074 11.9625
    endloop
  endfacet
  facet normal -0.760224 0.230719 -0.607313
    outer loop
      vertex -14.8326 4.49941 11.995
      vertex -15.5166 5.26719 13.1429
      vertex -14.6617 4.97698 11.9625
    endloop
  endfacet
  facet normal -0.760363 0.230473 -0.607231
    outer loop
      vertex -15.5166 5.26719 13.1429
      vertex -14.8326 4.49941 11.995
      vertex -14.9278 4.1192 11.9699
    endloop
  endfacet
  facet normal -0.868324 0.263373 -0.420296
    outer loop
      vertex -16.0934 5.46297 14.4571
      vertex -15.8279 4.24108 13.1429
      vertex -16.4162 4.39872 14.4571
    endloop
  endfacet
  facet normal -0.868291 0.263421 -0.420334
    outer loop
      vertex -15.5166 5.26719 13.1429
      vertex -15.8279 4.24108 13.1429
      vertex -16.0934 5.46297 14.4571
    endloop
  endfacet
  facet normal -0.956887 0.290281 0.0101981
    outer loop
      vertex -15.4576 4.14186 111.714
      vertex -15.1536 5.14397 111.714
      vertex -16.4162 4.39872 14.4571
    endloop
  endfacet
  facet normal -0.9569 0.290239 0.0101986
    outer loop
      vertex -15.1536 5.14397 111.714
      vertex -16.0934 5.46297 14.4571
      vertex -16.4162 4.39872 14.4571
    endloop
  endfacet
  facet normal -0.92652 0.281092 -0.250098
    outer loop
      vertex -15.4615 4.38347 112
      vertex -15.4576 4.14186 111.714
      vertex -15.529 4.16098 112
    endloop
  endfacet
  facet normal -0.926526 0.281059 -0.250112
    outer loop
      vertex -15.1536 5.14397 111.714
      vertex -15.4615 4.38347 112
      vertex -15.2236 5.16772 112
    endloop
  endfacet
  facet normal -0.92653 0.281072 -0.250081
    outer loop
      vertex -15.4615 4.38347 112
      vertex -15.1536 5.14397 111.714
      vertex -15.4576 4.14186 111.714
    endloop
  endfacet
  facet normal -0.743555 0.279844 -0.6073
    outer loop
      vertex -14.6243 5.08164 11.9649
      vertex -15.5166 5.26719 13.1429
      vertex -15.1389 6.27075 13.1429
    endloop
  endfacet
  facet normal -0.743614 0.279655 -0.607315
    outer loop
      vertex -15.5166 5.26719 13.1429
      vertex -14.6243 5.08164 11.9649
      vertex -14.6617 4.97698 11.9625
    endloop
  endfacet
  facet normal -0.74351 0.279895 -0.607332
    outer loop
      vertex -14.3201 5.93159 11.9842
      vertex -14.6243 5.08164 11.9649
      vertex -15.1389 6.27075 13.1429
    endloop
  endfacet
  facet normal -0.8492 0.319656 -0.420332
    outer loop
      vertex -15.7016 6.50383 14.4571
      vertex -15.5166 5.26719 13.1429
      vertex -16.0934 5.46297 14.4571
    endloop
  endfacet
  facet normal -0.849231 0.319617 -0.4203
    outer loop
      vertex -15.1389 6.27075 13.1429
      vertex -15.5166 5.26719 13.1429
      vertex -15.7016 6.50383 14.4571
    endloop
  endfacet
  facet normal -0.935881 0.352168 0.0101986
    outer loop
      vertex -15.1536 5.14397 111.714
      vertex -14.7848 6.12405 111.714
      vertex -16.0934 5.46297 14.4571
    endloop
  endfacet
  facet normal -0.935843 0.35227 0.0101974
    outer loop
      vertex -14.7848 6.12405 111.714
      vertex -15.7016 6.50383 14.4571
      vertex -16.0934 5.46297 14.4571
    endloop
  endfacet
  facet normal -0.906154 0.341073 -0.250109
    outer loop
      vertex -15.1417 5.38531 112
      vertex -15.1536 5.14397 111.714
      vertex -15.2236 5.16772 112
    endloop
  endfacet
  facet normal -0.906223 0.341095 -0.249827
    outer loop
      vertex -14.7848 6.12405 111.714
      vertex -15.1417 5.38531 112
      vertex -14.853 6.15233 112
    endloop
  endfacet
  facet normal -0.906199 0.340999 -0.250045
    outer loop
      vertex -15.1417 5.38531 112
      vertex -14.7848 6.12405 111.714
      vertex -15.1536 5.14397 111.714
    endloop
  endfacet
  facet normal -0.723648 0.32785 -0.607329
    outer loop
      vertex -14.2667 6.04447 11.9815
      vertex -15.1389 6.27075 13.1429
      vertex -14.6964 7.24746 13.1429
    endloop
  endfacet
  facet normal -0.723661 0.327815 -0.607332
    outer loop
      vertex -15.1389 6.27075 13.1429
      vertex -14.2667 6.04447 11.9815
      vertex -14.3201 5.93159 11.9842
    endloop
  endfacet
  facet normal -0.723615 0.327883 -0.607351
    outer loop
      vertex -13.8866 6.84813 11.9625
      vertex -14.2667 6.04447 11.9815
      vertex -14.6964 7.24746 13.1429
    endloop
  endfacet
  facet normal -0.826501 0.374492 -0.4203
    outer loop
      vertex -15.2426 7.51684 14.4571
      vertex -15.1389 6.27075 13.1429
      vertex -15.7016 6.50383 14.4571
    endloop
  endfacet
  facet normal -0.826529 0.37446 -0.420273
    outer loop
      vertex -14.6964 7.24746 13.1429
      vertex -15.1389 6.27075 13.1429
      vertex -15.2426 7.51684 14.4571
    endloop
  endfacet
  facet normal -0.910812 0.412695 0.0101974
    outer loop
      vertex -14.7848 6.12405 111.714
      vertex -14.3526 7.07791 111.714
      vertex -15.7016 6.50383 14.4571
    endloop
  endfacet
  facet normal -0.910813 0.412694 0.0101974
    outer loop
      vertex -14.3526 7.07791 111.714
      vertex -15.2426 7.51684 14.4571
      vertex -15.7016 6.50383 14.4571
    endloop
  endfacet
  facet normal -0.88206 0.399441 -0.249835
    outer loop
      vertex -14.7571 6.3641 112
      vertex -14.7848 6.12405 111.714
      vertex -14.853 6.15233 112
    endloop
  endfacet
  facet normal -0.881929 0.399561 -0.250103
    outer loop
      vertex -14.3526 7.07791 111.714
      vertex -14.7571 6.3641 112
      vertex -14.4189 7.11059 112
    endloop
  endfacet
  facet normal -0.881938 0.399612 -0.24999
    outer loop
      vertex -14.7571 6.3641 112
      vertex -14.3526 7.07791 111.714
      vertex -14.7848 6.12405 111.714
    endloop
  endfacet
  facet normal -0.70064 0.374521 -0.60732
    outer loop
      vertex -13.8374 6.95232 11.9699
      vertex -14.6964 7.24746 13.1429
      vertex -14.1909 8.19313 13.1429
    endloop
  endfacet
  facet normal -0.700841 0.374084 -0.607357
    outer loop
      vertex -14.6964 7.24746 13.1429
      vertex -13.8374 6.95232 11.9699
      vertex -13.8866 6.84813 11.9625
    endloop
  endfacet
  facet normal -0.700582 0.374609 -0.607332
    outer loop
      vertex -13.6698 7.30665 11.995
      vertex -14.1909 8.19313 13.1429
      vertex -13.409 7.7417 11.9625
    endloop
  endfacet
  facet normal -0.700712 0.374459 -0.607275
    outer loop
      vertex -14.1909 8.19313 13.1429
      vertex -13.6698 7.30665 11.995
      vertex -13.8374 6.95232 11.9699
    endloop
  endfacet
  facet normal -0.800275 0.427703 -0.420274
    outer loop
      vertex -14.7184 8.49767 14.4571
      vertex -14.6964 7.24746 13.1429
      vertex -15.2426 7.51684 14.4571
    endloop
  endfacet
  facet normal -0.800224 0.427753 -0.420321
    outer loop
      vertex -14.1909 8.19313 13.1429
      vertex -14.6964 7.24746 13.1429
      vertex -14.7184 8.49767 14.4571
    endloop
  endfacet
  facet normal -0.881855 0.471411 0.0101974
    outer loop
      vertex -14.3526 7.07791 111.714
      vertex -13.8589 8.00146 111.714
      vertex -15.2426 7.51684 14.4571
    endloop
  endfacet
  facet normal -0.8819 0.471327 0.0101985
    outer loop
      vertex -13.8589 8.00146 111.714
      vertex -14.7184 8.49767 14.4571
      vertex -15.2426 7.51684 14.4571
    endloop
  endfacet
  facet normal -0.853887 0.456428 -0.250101
    outer loop
      vertex -14.3093 7.31563 112
      vertex -14.3526 7.07791 111.714
      vertex -14.4189 7.11059 112
    endloop
  endfacet
  facet normal -0.853872 0.456482 -0.250052
    outer loop
      vertex -13.8589 8.00146 111.714
      vertex -14.3093 7.31563 112
      vertex -13.9229 8.03841 112
    endloop
  endfacet
  facet normal -0.853869 0.456451 -0.250122
    outer loop
      vertex -14.3093 7.31563 112
      vertex -13.8589 8.00146 111.714
      vertex -14.3526 7.07791 111.714
    endloop
  endfacet
  facet normal -0.674667 0.419504 -0.607323
    outer loop
      vertex -13.3519 7.83704 11.9649
      vertex -14.1909 8.19313 13.1429
      vertex -13.6247 9.10372 13.1429
    endloop
  endfacet
  facet normal -0.674729 0.41939 -0.607333
    outer loop
      vertex -14.1909 8.19313 13.1429
      vertex -13.3519 7.83704 11.9649
      vertex -13.409 7.7417 11.9625
    endloop
  endfacet
  facet normal -0.674655 0.419513 -0.60733
    outer loop
      vertex -12.8878 8.61134 11.9842
      vertex -13.3519 7.83704 11.9649
      vertex -13.6247 9.10372 13.1429
    endloop
  endfacet
  facet normal -0.77054 0.479165 -0.42032
    outer loop
      vertex -14.1311 9.4421 14.4571
      vertex -14.1909 8.19313 13.1429
      vertex -14.7184 8.49767 14.4571
    endloop
  endfacet
  facet normal -0.770572 0.479138 -0.420292
    outer loop
      vertex -14.1311 9.4421 14.4571
      vertex -13.6247 9.10372 13.1429
      vertex -14.1909 8.19313 13.1429
    endloop
  endfacet
  facet normal -0.849154 0.528047 0.0101985
    outer loop
      vertex -13.8589 8.00146 111.714
      vertex -13.3059 8.89074 111.714
      vertex -14.7184 8.49767 14.4571
    endloop
  endfacet
  facet normal -0.849152 0.528051 0.0101984
    outer loop
      vertex -13.3059 8.89074 111.714
      vertex -14.1311 9.4421 14.4571
      vertex -14.7184 8.49767 14.4571
    endloop
  endfacet
  facet normal -0.822355 0.511082 -0.250053
    outer loop
      vertex -13.8002 8.23584 112
      vertex -13.8589 8.00146 111.714
      vertex -13.9229 8.03841 112
    endloop
  endfacet
  facet normal -0.822179 0.511293 -0.250202
    outer loop
      vertex -13.3059 8.89074 111.714
      vertex -13.8002 8.23584 112
      vertex -13.3674 8.9318 112
    endloop
  endfacet
  facet normal -0.822178 0.511273 -0.250246
    outer loop
      vertex -13.8002 8.23584 112
      vertex -13.3059 8.89074 111.714
      vertex -13.8589 8.00146 111.714
    endloop
  endfacet
  facet normal -0.645761 0.462761 -0.607327
    outer loop
      vertex -12.8134 8.71163 11.9815
      vertex -13.6247 9.10372 13.1429
      vertex -13.0001 9.97532 13.1429
    endloop
  endfacet
  facet normal -0.645784 0.462723 -0.60733
    outer loop
      vertex -13.6247 9.10372 13.1429
      vertex -12.8134 8.71163 11.9815
      vertex -12.8878 8.61134 11.9842
    endloop
  endfacet
  facet normal -0.645749 0.462769 -0.607334
    outer loop
      vertex -12.2838 9.4257 11.9625
      vertex -12.8134 8.71163 11.9815
      vertex -13.0001 9.97532 13.1429
    endloop
  endfacet
  facet normal -0.737567 0.528535 -0.420293
    outer loop
      vertex -13.4833 10.3461 14.4571
      vertex -13.6247 9.10372 13.1429
      vertex -14.1311 9.4421 14.4571
    endloop
  endfacet
  facet normal -0.737556 0.528543 -0.420302
    outer loop
      vertex -13.4833 10.3461 14.4571
      vertex -13.0001 9.97532 13.1429
      vertex -13.6247 9.10372 13.1429
    endloop
  endfacet
  facet normal -0.812839 0.5824 0.0101984
    outer loop
      vertex -13.3059 8.89074 111.714
      vertex -12.696 9.74196 111.714
      vertex -14.1311 9.4421 14.4571
    endloop
  endfacet
  facet normal -0.812803 0.582449 0.0101977
    outer loop
      vertex -12.696 9.74196 111.714
      vertex -13.4833 10.3461 14.4571
      vertex -14.1311 9.4421 14.4571
    endloop
  endfacet
  facet normal -0.787036 0.563894 -0.250196
    outer loop
      vertex -13.232 9.12078 112
      vertex -13.3059 8.89074 111.714
      vertex -13.3674 8.9318 112
    endloop
  endfacet
  facet normal -0.787023 0.564016 -0.249961
    outer loop
      vertex -12.696 9.74196 111.714
      vertex -13.232 9.12078 112
      vertex -12.7546 9.78694 112
    endloop
  endfacet
  facet normal -0.787025 0.563904 -0.250208
    outer loop
      vertex -13.232 9.12078 112
      vertex -12.696 9.74196 111.714
      vertex -13.3059 8.89074 111.714
    endloop
  endfacet
  facet normal -0.614108 0.504026 -0.607313
    outer loop
      vertex -12.2152 9.51827 11.9699
      vertex -13.0001 9.97532 13.1429
      vertex -12.3198 10.8042 13.1429
    endloop
  endfacet
  facet normal -0.614289 0.503776 -0.607337
    outer loop
      vertex -13.0001 9.97532 13.1429
      vertex -12.2152 9.51827 11.9699
      vertex -12.2838 9.4257 11.9625
    endloop
  endfacet
  facet normal -0.614003 0.504131 -0.607332
    outer loop
      vertex -11.9817 9.8331 11.995
      vertex -12.3198 10.8042 13.1429
      vertex -11.641 10.2089 11.9625
    endloop
  endfacet
  facet normal -0.61422 0.503962 -0.607253
    outer loop
      vertex -12.3198 10.8042 13.1429
      vertex -11.9817 9.8331 11.995
      vertex -12.2152 9.51827 11.9699
    endloop
  endfacet
  facet normal -0.701433 0.57562 -0.420302
    outer loop
      vertex -12.7778 11.2058 14.4571
      vertex -13.0001 9.97532 13.1429
      vertex -13.4833 10.3461 14.4571
    endloop
  endfacet
  facet normal -0.70138 0.575655 -0.420343
    outer loop
      vertex -12.7778 11.2058 14.4571
      vertex -12.3198 10.8042 13.1429
      vertex -13.0001 9.97532 13.1429
    endloop
  endfacet
  facet normal -0.772957 0.634376 0.0101977
    outer loop
      vertex -12.696 9.74196 111.714
      vertex -12.0316 10.5515 111.714
      vertex -13.4833 10.3461 14.4571
    endloop
  endfacet
  facet normal -0.772987 0.63434 0.0101983
    outer loop
      vertex -12.0316 10.5515 111.714
      vertex -12.7778 11.2058 14.4571
      vertex -13.4833 10.3461 14.4571
    endloop
  endfacet
  facet normal -0.748456 0.614274 -0.249963
    outer loop
      vertex -12.6071 9.96666 112
      vertex -12.696 9.74196 111.714
      vertex -12.7546 9.78694 112
    endloop
  endfacet
  facet normal -0.748465 0.61421 -0.250093
    outer loop
      vertex -12.0316 10.5515 111.714
      vertex -12.6071 9.96666 112
      vertex -12.0872 10.6002 112
    endloop
  endfacet
  facet normal -0.74846 0.614271 -0.24996
    outer loop
      vertex -12.6071 9.96666 112
      vertex -12.0316 10.5515 111.714
      vertex -12.696 9.74196 111.714
    endloop
  endfacet
  facet normal -0.58006 0.54284 -0.607334
    outer loop
      vertex -12.3198 10.8042 13.1429
      vertex -11.5664 10.2913 11.9649
      vertex -11.641 10.2089 11.9625
    endloop
  endfacet
  facet normal -0.579846 0.543096 -0.607309
    outer loop
      vertex -11.5664 10.2913 11.9649
      vertex -12.3198 10.8042 13.1429
      vertex -11.5868 11.5868 13.1429
    endloop
  endfacet
  facet normal -0.579904 0.543068 -0.607279
    outer loop
      vertex -10.9602 10.9602 11.9842
      vertex -11.5664 10.2913 11.9649
      vertex -11.5868 11.5868 13.1429
    endloop
  endfacet
  facet normal -0.66223 0.620295 -0.420341
    outer loop
      vertex -12.0175 12.0175 14.4571
      vertex -12.3198 10.8042 13.1429
      vertex -12.7778 11.2058 14.4571
    endloop
  endfacet
  facet normal -0.662254 0.620281 -0.420323
    outer loop
      vertex -12.0175 12.0175 14.4571
      vertex -11.5868 11.5868 13.1429
      vertex -12.3198 10.8042 13.1429
    endloop
  endfacet
  facet normal -0.729848 0.683534 0.0101982
    outer loop
      vertex -12.0316 10.5515 111.714
      vertex -11.3158 11.3158 111.714
      vertex -12.7778 11.2058 14.4571
    endloop
  endfacet
  facet normal -0.729799 0.683585 0.0101974
    outer loop
      vertex -11.3158 11.3158 111.714
      vertex -12.0175 12.0175 14.4571
      vertex -12.7778 11.2058 14.4571
    endloop
  endfacet
  facet normal -0.706758 0.661779 -0.250085
    outer loop
      vertex -11.9283 10.7699 112
      vertex -12.0316 10.5515 111.714
      vertex -12.0872 10.6002 112
    endloop
  endfacet
  facet normal -0.706655 0.661995 -0.249803
    outer loop
      vertex -11.3158 11.3158 111.714
      vertex -11.9283 10.7699 112
      vertex -11.368 11.368 112
    endloop
  endfacet
  facet normal -0.706679 0.661835 -0.250157
    outer loop
      vertex -11.9283 10.7699 112
      vertex -11.3158 11.3158 111.714
      vertex -12.0316 10.5515 111.714
    endloop
  endfacet
  facet normal -0.542765 0.580195 -0.607273
    outer loop
      vertex -11.5868 11.5868 13.1429
      vertex -10.8676 11.044 11.9815
      vertex -10.9602 10.9602 11.9842
    endloop
  endfacet
  facet normal -0.543005 0.579861 -0.607377
    outer loop
      vertex -10.8676 11.044 11.9815
      vertex -11 11.8821 12.9
      vertex -10.8175 12.053 12.9
    endloop
  endfacet
  facet normal -0.543163 0.579822 -0.607273
    outer loop
      vertex -11 11.8821 12.9
      vertex -11.5868 11.5868 13.1429
      vertex -11 12.1365 13.1429
    endloop
  endfacet
  facet normal -0.543159 0.579775 -0.607321
    outer loop
      vertex -10.8676 11.044 11.9815
      vertex -11.5868 11.5868 13.1429
      vertex -11 11.8821 12.9
    endloop
  endfacet
  facet normal -0.543085 0.579803 -0.607361
    outer loop
      vertex -10.2089 11.641 11.9625
      vertex -10.8175 12.053 12.9
      vertex -10.6817 12.1802 12.9
    endloop
  endfacet
  facet normal -0.543049 0.579843 -0.607355
    outer loop
      vertex -10.8175 12.053 12.9
      vertex -10.2089 11.641 11.9625
      vertex -10.8676 11.044 11.9815
    endloop
  endfacet
  facet normal -0.6203 0.662236 -0.420323
    outer loop
      vertex -11.2058 12.7778 14.4571
      vertex -11.5868 11.5868 13.1429
      vertex -12.0175 12.0175 14.4571
    endloop
  endfacet
  facet normal -0.620356 0.662224 -0.42026
    outer loop
      vertex -11.5868 11.5868 13.1429
      vertex -11 12.5431 13.7836
      vertex -11 12.1365 13.1429
    endloop
  endfacet
  facet normal -0.620305 0.662233 -0.420319
    outer loop
      vertex -11 12.5431 13.7836
      vertex -11.5868 11.5868 13.1429
      vertex -11.2058 12.7778 14.4571
    endloop
  endfacet
  facet normal -0.683534 0.729848 0.0101974
    outer loop
      vertex -11.3158 11.3158 111.714
      vertex -10.5515 12.0316 111.714
      vertex -12.0175 12.0175 14.4571
    endloop
  endfacet
  facet normal -0.683585 0.729799 0.0101982
    outer loop
      vertex -10.5515 12.0316 111.714
      vertex -11.2058 12.7778 14.4571
      vertex -12.0175 12.0175 14.4571
    endloop
  endfacet
  facet normal -0.66205 0.706603 -0.249803
    outer loop
      vertex -11.1983 11.527 112
      vertex -11.3158 11.3158 111.714
      vertex -11.368 11.368 112
    endloop
  endfacet
  facet normal -0.661882 0.706661 -0.250084
    outer loop
      vertex -10.5515 12.0316 111.714
      vertex -11.1983 11.527 112
      vertex -10.6002 12.0872 112
    endloop
  endfacet
  facet normal -0.66187 0.706716 -0.24996
    outer loop
      vertex -11.1983 11.527 112
      vertex -10.5515 12.0316 111.714
      vertex -11.3158 11.3158 111.714
    endloop
  endfacet
  facet normal -0.503957 0.614114 -0.607364
    outer loop
      vertex -10.2089 11.641 11.9625
      vertex -10.006 12.7347 12.9
      vertex -10.1235 11.7184 11.9699
    endloop
  endfacet
  facet normal -0.50396 0.614113 -0.607362
    outer loop
      vertex -10.006 12.7347 12.9
      vertex -10.2089 11.641 11.9625
      vertex -10.6817 12.1802 12.9
    endloop
  endfacet
  facet normal -0.504071 0.614112 -0.607271
    outer loop
      vertex -9.86224 12.8527 12.9
      vertex -9.8331 11.9817 11.995
      vertex -10.006 12.7347 12.9
    endloop
  endfacet
  facet normal -0.503892 0.614191 -0.607341
    outer loop
      vertex -9.8331 11.9817 11.995
      vertex -9.86224 12.8527 12.9
      vertex -9.4257 12.2838 11.9625
    endloop
  endfacet
  facet normal -0.504236 0.614021 -0.607227
    outer loop
      vertex -10.006 12.7347 12.9
      vertex -9.8331 11.9817 11.995
      vertex -10.1235 11.7184 11.9699
    endloop
  endfacet
  facet normal -0.575642 0.701403 -0.420321
    outer loop
      vertex -11 12.9467 14.4571
      vertex -11 12.5431 13.7836
      vertex -11.2058 12.7778 14.4571
    endloop
  endfacet
  facet normal -0.634376 0.772957 0.0101983
    outer loop
      vertex -10.5515 12.0316 111.714
      vertex -9.74196 12.696 111.714
      vertex -11.2058 12.7778 14.4571
    endloop
  endfacet
  facet normal -0.634396 0.772941 0.0101985
    outer loop
      vertex -11 12.8353 22.9
      vertex -9.74196 12.696 111.714
      vertex -10.2937 13.415 22.9
    endloop
  endfacet
  facet normal -0.634327 0.772998 0.0101976
    outer loop
      vertex -11 12.8353 22.9
      vertex -11.2058 12.7778 14.4571
      vertex -9.74196 12.696 111.714
    endloop
  endfacet
  facet normal -0.63437 0.772962 0.0101989
    outer loop
      vertex -11.2058 12.7778 14.4571
      vertex -11 12.8353 22.9
      vertex -11 12.9467 14.4571
    endloop
  endfacet
  facet normal -0.614293 0.748396 -0.250094
    outer loop
      vertex -10.4205 12.2347 112
      vertex -10.5515 12.0316 111.714
      vertex -10.6002 12.0872 112
    endloop
  endfacet
  facet normal -0.61422 0.7485 -0.249964
    outer loop
      vertex -9.74196 12.696 111.714
      vertex -10.4205 12.2347 112
      vertex -9.78694 12.7546 112
    endloop
  endfacet
  facet normal -0.614241 0.748424 -0.250137
    outer loop
      vertex -10.4205 12.2347 112
      vertex -9.74196 12.696 111.714
      vertex -10.5515 12.0316 111.714
    endloop
  endfacet
  facet normal -0.462477 0.645809 -0.607491
    outer loop
      vertex -9.4257 12.2838 11.9625
      vertex -9.15169 13.3619 12.9
      vertex -9.33641 12.35 11.9649
    endloop
  endfacet
  facet normal -0.462761 0.645749 -0.607339
    outer loop
      vertex -9.15169 13.3619 12.9
      vertex -9.4257 12.2838 11.9625
      vertex -9.86224 12.8527 12.9
    endloop
  endfacet
  facet normal -0.462793 0.645739 -0.607325
    outer loop
      vertex -9.33641 12.35 11.9649
      vertex -9.00052 13.4702 12.9
      vertex -8.61134 12.8878 11.9842
    endloop
  endfacet
  facet normal -0.462635 0.645767 -0.607415
    outer loop
      vertex -9.00052 13.4702 12.9
      vertex -9.33641 12.35 11.9649
      vertex -9.15169 13.3619 12.9
    endloop
  endfacet
  facet normal -0.5824 0.812839 0.010198
    outer loop
      vertex -10.2198 13.4679 22.9
      vertex -9.74196 12.696 111.714
      vertex -8.89074 13.3059 111.714
    endloop
  endfacet
  facet normal -0.58204 0.813096 0.0101983
    outer loop
      vertex -9.74196 12.696 111.714
      vertex -10.2198 13.4679 22.9
      vertex -10.2937 13.415 22.9
    endloop
  endfacet
  facet normal -0.582429 0.812818 0.0101974
    outer loop
      vertex -10.2198 13.4679 22.9
      vertex -9.3545 14 29.9092
      vertex -9.47722 14 22.9
    endloop
  endfacet
  facet normal -0.582435 0.812813 0.0101985
    outer loop
      vertex -9.3545 14 29.9092
      vertex -10.2198 13.4679 22.9
      vertex -8.89074 13.3059 111.714
    endloop
  endfacet
  facet normal -0.563929 0.787085 -0.249961
    outer loop
      vertex -9.59796 12.89 112
      vertex -9.74196 12.696 111.714
      vertex -9.78694 12.7546 112
    endloop
  endfacet
  facet normal -0.563981 0.786974 -0.250196
    outer loop
      vertex -8.89074 13.3059 111.714
      vertex -9.59796 12.89 112
      vertex -8.9318 13.3674 112
    endloop
  endfacet
  facet normal -0.563943 0.787079 -0.24995
    outer loop
      vertex -9.59796 12.89 112
      vertex -8.89074 13.3059 111.714
      vertex -9.74196 12.696 111.714
    endloop
  endfacet
  facet normal -0.419519 0.674656 -0.607325
    outer loop
      vertex -8.25819 13.9318 12.9
      vertex -8.61134 12.8878 11.9842
      vertex -9.00052 13.4702 12.9
    endloop
  endfacet
  facet normal -0.419673 0.674635 -0.607242
    outer loop
      vertex -8.61134 12.8878 11.9842
      vertex -8.25819 13.9318 12.9
      vertex -8.50423 12.952 11.9815
    endloop
  endfacet
  facet normal -0.419746 0.67467 -0.607152
    outer loop
      vertex -8.0829 14 12.8546
      vertex -8.25819 13.9318 12.9
      vertex -8.14857 14 12.9
    endloop
  endfacet
  facet normal -0.419741 0.674622 -0.607209
    outer loop
      vertex -8.0829 14 12.8546
      vertex -8.50423 12.952 11.9815
      vertex -8.25819 13.9318 12.9
    endloop
  endfacet
  facet normal -0.419464 0.674647 -0.607373
    outer loop
      vertex -8.50423 12.952 11.9815
      vertex -8.0829 14 12.8546
      vertex -7.7417 13.409 11.9625
    endloop
  endfacet
  facet normal -0.528047 0.849154 0.0101995
    outer loop
      vertex -8.76749 14.0037 60
      vertex -8.89074 13.3059 111.714
      vertex -8.00146 13.8589 111.714
    endloop
  endfacet
  facet normal -0.533206 0.845924 0.0101436
    outer loop
      vertex -8.77336 14 60
      vertex -8.89074 13.3059 111.714
      vertex -8.76749 14.0037 60
    endloop
  endfacet
  facet normal -0.528067 0.849142 0.0101985
    outer loop
      vertex -8.89074 13.3059 111.714
      vertex -8.77336 14 60
      vertex -9.3545 14 29.9092
    endloop
  endfacet
  facet normal -0.527941 0.84922 0.0101981
    outer loop
      vertex -8.00146 13.8589 111.714
      vertex -8.2653 14.3159 60
      vertex -8.76749 14.0037 60
    endloop
  endfacet
  facet normal -0.511362 0.822136 -0.250202
    outer loop
      vertex -8.73437 13.4902 112
      vertex -8.89074 13.3059 111.714
      vertex -8.9318 13.3674 112
    endloop
  endfacet
  facet normal -0.511228 0.822265 -0.250052
    outer loop
      vertex -8.00146 13.8589 111.714
      vertex -8.73437 13.4902 112
      vertex -8.03841 13.9229 112
    endloop
  endfacet
  facet normal -0.511269 0.822172 -0.250277
    outer loop
      vertex -8.73437 13.4902 112
      vertex -8.00146 13.8589 111.714
      vertex -8.89074 13.3059 111.714
    endloop
  endfacet
  facet normal -0.374825 0.700584 -0.607197
    outer loop
      vertex -7.7417 13.409 11.9625
      vertex -7.47166 14 12.4777
      vertex -7.64285 13.4683 11.9699
    endloop
  endfacet
  facet normal -0.374516 0.700597 -0.607373
    outer loop
      vertex -7.47166 14 12.4777
      vertex -7.7417 13.409 11.9625
      vertex -8.0829 14 12.8546
    endloop
  endfacet
  facet normal -0.374301 0.700548 -0.607562
    outer loop
      vertex -6.90404 14 12.1277
      vertex -6.84813 13.8866 11.9625
      vertex -7.30665 13.6698 11.995
    endloop
  endfacet
  facet normal -0.374478 0.700665 -0.607318
    outer loop
      vertex -7.30665 13.6698 11.995
      vertex -7.47166 14 12.4777
      vertex -6.90404 14 12.1277
    endloop
  endfacet
  facet normal -0.374571 0.700617 -0.607316
    outer loop
      vertex -7.47166 14 12.4777
      vertex -7.30665 13.6698 11.995
      vertex -7.64285 13.4683 11.9699
    endloop
  endfacet
  facet normal -0.471411 0.881855 0.0101984
    outer loop
      vertex -7.83283 14.5471 60
      vertex -8.00146 13.8589 111.714
      vertex -7.07791 14.3526 111.714
    endloop
  endfacet
  facet normal -0.471436 0.881842 0.0101981
    outer loop
      vertex -8.00146 13.8589 111.714
      vertex -7.83283 14.5471 60
      vertex -8.2653 14.3159 60
    endloop
  endfacet
  facet normal -0.47142 0.88185 0.0101985
    outer loop
      vertex -7.07791 14.3526 111.714
      vertex -7.3113 14.8259 60
      vertex -7.83283 14.5471 60
    endloop
  endfacet
  facet normal -0.456434 0.853898 -0.250051
    outer loop
      vertex -7.83337 14.0325 112
      vertex -8.00146 13.8589 111.714
      vertex -8.03841 13.9229 112
    endloop
  endfacet
  facet normal -0.456476 0.853861 -0.2501
    outer loop
      vertex -7.07791 14.3526 111.714
      vertex -7.83337 14.0325 112
      vertex -7.11059 14.4189 112
    endloop
  endfacet
  facet normal -0.456462 0.85389 -0.25003
    outer loop
      vertex -7.83337 14.0325 112
      vertex -7.07791 14.3526 111.714
      vertex -8.00146 13.8589 111.714
    endloop
  endfacet
  facet normal -0.328224 0.723477 -0.60733
    outer loop
      vertex -6.84813 13.8866 11.9625
      vertex -6.72159 14 12.0292
      vertex -6.74765 13.9342 11.9649
    endloop
  endfacet
  facet normal -0.328009 0.723377 -0.607566
    outer loop
      vertex -6.72159 14 12.0292
      vertex -6.84813 13.8866 11.9625
      vertex -6.90404 14 12.1277
    endloop
  endfacet
  facet normal -0.327625 0.723514 -0.60761
    outer loop
      vertex -6.72159 14 12.0292
      vertex -6.60846 14 11.9682
      vertex -6.74765 13.9342 11.9649
    endloop
  endfacet
  facet normal -0.374255 0.825804 -0.421878
    outer loop
      vertex -7 15.4768 14.4571
      vertex -6.76346 15.584 14.4571
      vertex -7 15.4721 14.4479
    endloop
  endfacet
  facet normal -0.412695 0.910812 0.010197
    outer loop
      vertex -6.86464 15.0282 60
      vertex -7.07791 14.3526 111.714
      vertex -6.12405 14.7848 111.714
    endloop
  endfacet
  facet normal -0.412552 0.910877 0.0101985
    outer loop
      vertex -7.07791 14.3526 111.714
      vertex -6.86464 15.0282 60
      vertex -7.3113 14.8259 60
    endloop
  endfacet
  facet normal -0.412743 0.91079 0.0101976
    outer loop
      vertex -6.12405 14.7848 111.714
      vertex -6.32599 15.2723 60
      vertex -6.86464 15.0282 60
    endloop
  endfacet
  facet normal -0.412766 0.91078 0.0101969
    outer loop
      vertex -6.76346 15.584 14.4571
      vertex -7 15.4768 14.4571
      vertex -7 15.4721 14.8769
    endloop
  endfacet
  facet normal -0.399412 0.881997 -0.250102
    outer loop
      vertex -6.89882 14.5148 112
      vertex -7.07791 14.3526 111.714
      vertex -7.11059 14.4189 112
    endloop
  endfacet
  facet normal -0.39959 0.881993 -0.249833
    outer loop
      vertex -6.12405 14.7848 111.714
      vertex -6.89882 14.5148 112
      vertex -6.15233 14.853 112
    endloop
  endfacet
  facet normal -0.399616 0.881949 -0.249947
    outer loop
      vertex -6.89882 14.5148 112
      vertex -6.12405 14.7848 111.714
      vertex -7.07791 14.3526 111.714
    endloop
  endfacet
  facet normal -0.319571 0.848946 -0.420911
    outer loop
      vertex -5.46297 16.0934 14.4571
      vertex -5.48042 16.0728 14.4288
      vertex -6.23708 15.802 14.4571
    endloop
  endfacet
  facet normal -0.32106 0.848867 -0.419935
    outer loop
      vertex -5.46297 16.0934 14.4571
      vertex -5.45862 16.0806 14.4279
      vertex -5.48042 16.0728 14.4288
    endloop
  endfacet
  facet normal -0.352168 0.935881 0.0101976
    outer loop
      vertex -5.86704 15.445 60
      vertex -6.12405 14.7848 111.714
      vertex -5.14397 15.1536 111.714
    endloop
  endfacet
  facet normal -0.352166 0.935882 0.0101976
    outer loop
      vertex -6.12405 14.7848 111.714
      vertex -5.86704 15.445 60
      vertex -6.32599 15.2723 60
    endloop
  endfacet
  facet normal -0.35228 0.935839 0.0101856
    outer loop
      vertex -5.45862 16.0806 15.7836
      vertex -5.46297 16.0934 14.4571
      vertex -6.23708 15.802 14.4571
    endloop
  endfacet
  facet normal -0.352226 0.935859 0.0101983
    outer loop
      vertex -5.14397 15.1536 111.714
      vertex -5.31359 15.6533 60
      vertex -5.86704 15.445 60
    endloop
  endfacet
  facet normal -0.341098 0.906222 -0.249827
    outer loop
      vertex -5.93474 14.9349 112
      vertex -6.12405 14.7848 111.714
      vertex -6.15233 14.853 112
    endloop
  endfacet
  facet normal -0.341069 0.906155 -0.250109
    outer loop
      vertex -5.14397 15.1536 111.714
      vertex -5.93474 14.9349 112
      vertex -5.16772 15.2236 112
    endloop
  endfacet
  facet normal -0.341013 0.906236 -0.249891
    outer loop
      vertex -5.93474 14.9349 112
      vertex -5.14397 15.1536 111.714
      vertex -6.12405 14.7848 111.714
    endloop
  endfacet
  facet normal -0.263561 0.868435 -0.419947
    outer loop
      vertex -5.19904 16.1735 14.4571
      vertex -5.45862 16.0806 14.4279
      vertex -5.46297 16.0934 14.4571
    endloop
  endfacet
  facet normal -0.26306 0.867835 -0.4215
    outer loop
      vertex -4.39872 16.4162 14.4571
      vertex -4.41648 16.3978 14.4303
      vertex -4.66264 16.3362 14.4571
    endloop
  endfacet
  facet normal -0.267565 0.867885 -0.41855
    outer loop
      vertex -4.39872 16.4162 14.4571
      vertex -4.39521 16.4032 14.4279
      vertex -4.41648 16.3978 14.4303
    endloop
  endfacet
  facet normal -0.285414 0.95835 0.0101835
    outer loop
      vertex -5.45862 16.0806 15.7836
      vertex -5.44584 16.0851 15.7183
      vertex -5.46297 16.0934 14.4571
    endloop
  endfacet
  facet normal -0.290281 0.956887 0.0101991
    outer loop
      vertex -4.84433 15.7957 60
      vertex -5.14397 15.1536 111.714
      vertex -4.14186 15.4576 111.714
    endloop
  endfacet
  facet normal -0.290366 0.956861 0.0101983
    outer loop
      vertex -5.14397 15.1536 111.714
      vertex -4.84433 15.7957 60
      vertex -5.31359 15.6533 60
    endloop
  endfacet
  facet normal -0.290395 0.956852 0.0102413
    outer loop
      vertex -5.44584 16.0851 15.7183
      vertex -5.19904 16.1735 14.4571
      vertex -5.46297 16.0934 14.4571
    endloop
  endfacet
  facet normal -0.290073 0.956951 0.0101466
    outer loop
      vertex -4.39521 16.4032 15.7835
      vertex -4.39872 16.4162 14.4571
      vertex -4.66264 16.3362 14.4571
    endloop
  endfacet
  facet normal -0.290175 0.956919 0.0101979
    outer loop
      vertex -4.14186 15.4576 111.714
      vertex -4.27844 15.9673 60
      vertex -4.84433 15.7957 60
    endloop
  endfacet
  facet normal -0.281102 0.926513 -0.250112
    outer loop
      vertex -4.94524 15.2911 112
      vertex -5.14397 15.1536 111.714
      vertex -5.16772 15.2236 112
    endloop
  endfacet
  facet normal -0.281057 0.92653 -0.250098
    outer loop
      vertex -4.14186 15.4576 111.714
      vertex -4.94524 15.2911 112
      vertex -4.16098 15.529 112
    endloop
  endfacet
  facet normal -0.281068 0.926516 -0.250138
    outer loop
      vertex -4.94524 15.2911 112
      vertex -4.14186 15.4576 111.714
      vertex -5.14397 15.1536 111.714
    endloop
  endfacet
  facet normal -0.206209 0.88447 -0.418558
    outer loop
      vertex -3.59321 16.604 14.4571
      vertex -4.39521 16.4032 14.4279
      vertex -4.39872 16.4162 14.4571
    endloop
  endfacet
  facet normal -0.226537 0.97395 0.0101451
    outer loop
      vertex -4.39521 16.4032 15.7835
      vertex -4.3816 16.4066 15.761
      vertex -4.39872 16.4162 14.4571
    endloop
  endfacet
  facet normal -0.227068 0.973825 0.0101987
    outer loop
      vertex -3.80087 16.0787 60
      vertex -4.14186 15.4576 111.714
      vertex -3.12201 15.6954 111.714
    endloop
  endfacet
  facet normal -0.227154 0.973805 0.0101979
    outer loop
      vertex -4.14186 15.4576 111.714
      vertex -3.80087 16.0787 60
      vertex -4.27844 15.9673 60
    endloop
  endfacet
  facet normal -0.227043 0.973832 0.0101509
    outer loop
      vertex -4.3816 16.4066 15.761
      vertex -3.59321 16.604 14.4571
      vertex -4.39872 16.4162 14.4571
    endloop
  endfacet
  facet normal -0.227091 0.97382 0.0101989
    outer loop
      vertex -3.12201 15.6954 111.714
      vertex -3.22496 16.213 60
      vertex -3.80087 16.0787 60
    endloop
  endfacet
  facet normal -0.219884 0.942921 -0.250101
    outer loop
      vertex -3.93456 15.5818 112
      vertex -4.14186 15.4576 111.714
      vertex -4.16098 15.529 112
    endloop
  endfacet
  facet normal -0.219861 0.942923 -0.250113
    outer loop
      vertex -3.12201 15.6954 111.714
      vertex -3.93456 15.5818 112
      vertex -3.13643 15.7679 112
    endloop
  endfacet
  facet normal -0.219863 0.942922 -0.250117
    outer loop
      vertex -3.93456 15.5818 112
      vertex -3.12201 15.6954 111.714
      vertex -4.14186 15.4576 111.714
    endloop
  endfacet
  facet normal -0.147723 0.894957 -0.420986
    outer loop
      vertex -2.21834 16.8499 14.4571
      vertex -2.23947 16.8331 14.4288
      vertex -3.0344 16.7152 14.4571
    endloop
  endfacet
  facet normal -0.149413 0.895202 -0.419869
    outer loop
      vertex -2.21834 16.8499 14.4571
      vertex -2.21657 16.8365 14.4279
      vertex -2.23947 16.8331 14.4288
    endloop
  endfacet
  facet normal -0.162902 0.98659 0.0101992
    outer loop
      vertex -2.74114 16.2929 60
      vertex -3.12201 15.6954 111.714
      vertex -2.0888 15.866 111.714
    endloop
  endfacet
  facet normal -0.162929 0.986585 0.010199
    outer loop
      vertex -3.12201 15.6954 111.714
      vertex -2.74114 16.2929 60
      vertex -3.22496 16.213 60
    endloop
  endfacet
  facet normal -0.162849 0.986598 0.0101837
    outer loop
      vertex -2.21657 16.8365 15.7836
      vertex -2.21834 16.8499 14.4571
      vertex -3.0344 16.7152 14.4571
    endloop
  endfacet
  facet normal -0.162838 0.9866 0.0101985
    outer loop
      vertex -2.0888 15.866 111.714
      vertex -2.15768 16.3892 60
      vertex -2.74114 16.2929 60
    endloop
  endfacet
  facet normal -0.15783 0.955266 -0.250114
    outer loop
      vertex -2.90704 15.8058 112
      vertex -3.12201 15.6954 111.714
      vertex -3.13643 15.7679 112
    endloop
  endfacet
  facet normal -0.157718 0.955274 -0.250152
    outer loop
      vertex -2.0888 15.866 111.714
      vertex -2.90704 15.8058 112
      vertex -2.09845 15.9393 112
    endloop
  endfacet
  facet normal -0.15773 0.955263 -0.250188
    outer loop
      vertex -2.90704 15.8058 112
      vertex -2.0888 15.866 111.714
      vertex -3.12201 15.6954 111.714
    endloop
  endfacet
  facet normal -0.0891736 0.903187 -0.419882
    outer loop
      vertex -1.94386 16.877 14.4571
      vertex -2.21657 16.8365 14.4279
      vertex -2.21834 16.8499 14.4571
    endloop
  endfacet
  facet normal -0.0888795 0.903543 -0.419179
    outer loop
      vertex -1.11155 16.9589 14.4571
      vertex -1.13256 16.9444 14.4303
      vertex -1.38603 16.9319 14.4571
    endloop
  endfacet
  facet normal -0.0872958 0.903205 -0.420238
    outer loop
      vertex -1.11155 16.9589 14.4571
      vertex -1.11066 16.9454 14.4279
      vertex -1.13256 16.9444 14.4303
    endloop
  endfacet
  facet normal -0.098596 0.995075 0.0101836
    outer loop
      vertex -2.21657 16.8365 15.7836
      vertex -2.20314 16.8385 15.7182
      vertex -2.21834 16.8499 14.4571
    endloop
  endfacet
  facet normal -0.0980652 0.995128 0.0101987
    outer loop
      vertex -1.66966 16.4373 60
      vertex -2.0888 15.866 111.714
      vertex -1.04664 15.9687 111.714
    endloop
  endfacet
  facet normal -0.0980812 0.995126 0.0101985
    outer loop
      vertex -2.0888 15.866 111.714
      vertex -1.66966 16.4373 60
      vertex -2.15768 16.3892 60
    endloop
  endfacet
  facet normal -0.0982493 0.99511 0.0101797
    outer loop
      vertex -2.20314 16.8385 15.7182
      vertex -1.94386 16.877 14.4571
      vertex -2.21834 16.8499 14.4571
    endloop
  endfacet
  facet normal -0.0978902 0.995145 0.0101934
    outer loop
      vertex -1.11066 16.9454 15.7836
      vertex -1.11155 16.9589 14.4571
      vertex -1.38603 16.9319 14.4571
    endloop
  endfacet
  facet normal -0.0979062 0.995143 0.0101969
    outer loop
      vertex -1.04664 15.9687 111.714
      vertex -1.08115 16.4952 60
      vertex -1.66966 16.4373 60
    endloop
  endfacet
  facet normal -0.0949464 0.96354 -0.250153
    outer loop
      vertex -1.86707 15.9621 112
      vertex -2.0888 15.866 111.714
      vertex -2.09845 15.9393 112
    endloop
  endfacet
  facet normal -0.0948722 0.963608 -0.249917
    outer loop
      vertex -1.04664 15.9687 111.714
      vertex -1.86707 15.9621 112
      vertex -1.05147 16.0424 112
    endloop
  endfacet
  facet normal -0.0949524 0.96354 -0.250148
    outer loop
      vertex -1.86707 15.9621 112
      vertex -1.04664 15.9687 111.714
      vertex -2.0888 15.866 111.714
    endloop
  endfacet
  facet normal -0.029731 0.90694 -0.42021
    outer loop
      vertex -0.284868 16.986 14.4571
      vertex -1.11066 16.9454 14.4279
      vertex -1.11155 16.9589 14.4571
    endloop
  endfacet
  facet normal -0.0335391 0.999385 0.0101934
    outer loop
      vertex -1.11066 16.9454 15.7836
      vertex -1.09664 16.9461 15.7611
      vertex -1.11155 16.9589 14.4571
    endloop
  endfacet
  facet normal -0.0326569 0.999415 0.0101985
    outer loop
      vertex -0.59104 16.5113 60
      vertex -1.04664 15.9687 111.714
      vertex 0 16.0029 111.714
    endloop
  endfacet
  facet normal -0.0328304 0.999409 0.0101969
    outer loop
      vertex -1.04664 15.9687 111.714
      vertex -0.59104 16.5113 60
      vertex -1.08115 16.4952 60
    endloop
  endfacet
  facet normal -0.0327624 0.999411 0.0101848
    outer loop
      vertex -1.09664 16.9461 15.7611
      vertex -0.284868 16.986 14.4571
      vertex -1.11155 16.9589 14.4571
    endloop
  endfacet
  facet normal -0.0326352 0.999415 0.0101982
    outer loop
      vertex 0 16.0029 111.714
      vertex 0 16.5306 60
      vertex -0.59104 16.5113 60
    endloop
  endfacet
  facet normal -0.0316524 0.96775 -0.249916
    outer loop
      vertex -0.819105 16.05 112
      vertex -1.04664 15.9687 111.714
      vertex -1.05147 16.0424 112
    endloop
  endfacet
  facet normal -0.0316623 0.967715 -0.250049
    outer loop
      vertex 0 16.0029 111.714
      vertex -0.819105 16.05 112
      vertex 0 16.0768 112
    endloop
  endfacet
  facet normal -0.031622 0.967745 -0.249939
    outer loop
      vertex -0.819105 16.05 112
      vertex 0 16.0029 111.714
      vertex -1.04664 15.9687 111.714
    endloop
  endfacet
  facet normal 0.0297594 0.907808 -0.41833
    outer loop
      vertex 1.11155 16.9589 14.4571
      vertex 1.08754 16.9466 14.4287
      vertex 0.284868 16.986 14.4571
    endloop
  endfacet
  facet normal 0.0325259 0.906828 -0.420244
    outer loop
      vertex 1.11155 16.9589 14.4571
      vertex 1.11066 16.9454 14.4279
      vertex 1.08754 16.9466 14.4287
    endloop
  endfacet
  facet normal 0.0326569 0.999415 0.0101985
    outer loop
      vertex 0.490113 16.5146 60
      vertex 0 16.0029 111.714
      vertex 1.04664 15.9687 111.714
    endloop
  endfacet
  facet normal 0.0326265 0.999416 0.0101982
    outer loop
      vertex 0 16.0029 111.714
      vertex 0.490113 16.5146 60
      vertex 0 16.5306 60
    endloop
  endfacet
  facet normal 0.0327623 0.999411 0.0101931
    outer loop
      vertex 1.11066 16.9454 15.7836
      vertex 1.11155 16.9589 14.4571
      vertex 0.284868 16.986 14.4571
    endloop
  endfacet
  facet normal 0.0328043 0.99941 0.0101969
    outer loop
      vertex 1.04664 15.9687 111.714
      vertex 1.08115 16.4952 60
      vertex 0.490113 16.5146 60
    endloop
  endfacet
  facet normal 0.0316507 0.967716 -0.25005
    outer loop
      vertex 0 16.0768 112
      vertex 0.232369 16.0692 112
      vertex 0 16.0029 111.714
    endloop
  endfacet
  facet normal 0.0316636 0.96775 -0.249916
    outer loop
      vertex 1.04664 15.9687 111.714
      vertex 0.232369 16.0692 112
      vertex 1.05147 16.0424 112
    endloop
  endfacet
  facet normal 0.0316213 0.967722 -0.250027
    outer loop
      vertex 0.232369 16.0692 112
      vertex 1.04664 15.9687 111.714
      vertex 0 16.0029 111.714
    endloop
  endfacet
  facet normal 0.0888324 0.903064 -0.42022
    outer loop
      vertex 1.11155 16.9589 14.4571
      vertex 1.38603 16.9319 14.4571
      vertex 1.11066 16.9454 14.4279
    endloop
  endfacet
  facet normal 0.0891013 0.902455 -0.421469
    outer loop
      vertex 2.21834 16.8499 14.4571
      vertex 2.19488 16.8397 14.4303
      vertex 1.94386 16.877 14.4571
    endloop
  endfacet
  facet normal 0.0868296 0.90343 -0.419851
    outer loop
      vertex 2.21834 16.8499 14.4571
      vertex 2.21657 16.8365 14.4279
      vertex 2.19488 16.8397 14.4303
    endloop
  endfacet
  facet normal 0.0931479 0.9956 0.0101949
    outer loop
      vertex 1.12422 16.9448 15.7183
      vertex 1.11155 16.9589 14.4571
      vertex 1.11066 16.9454 15.7836
    endloop
  endfacet
  facet normal 0.0980652 0.995128 0.0101986
    outer loop
      vertex 1.56917 16.4472 60
      vertex 1.04664 15.9687 111.714
      vertex 2.0888 15.866 111.714
    endloop
  endfacet
  facet normal 0.0978792 0.995146 0.0101969
    outer loop
      vertex 1.04664 15.9687 111.714
      vertex 1.56917 16.4472 60
      vertex 1.08115 16.4952 60
    endloop
  endfacet
  facet normal 0.0978903 0.995146 0.0101422
    outer loop
      vertex 1.12422 16.9448 15.7183
      vertex 1.38603 16.9319 14.4571
      vertex 1.11155 16.9589 14.4571
    endloop
  endfacet
  facet normal 0.0982493 0.99511 0.0101835
    outer loop
      vertex 2.21657 16.8365 15.7836
      vertex 2.21834 16.8499 14.4571
      vertex 1.94386 16.877 14.4571
    endloop
  endfacet
  facet normal 0.0980737 0.995127 0.0101985
    outer loop
      vertex 2.0888 15.866 111.714
      vertex 2.15768 16.3892 60
      vertex 1.56917 16.4472 60
    endloop
  endfacet
  facet normal 0.0949524 0.963601 -0.249916
    outer loop
      vertex 1.05147 16.0424 112
      vertex 1.28285 16.0196 112
      vertex 1.04664 15.9687 111.714
    endloop
  endfacet
  facet normal 0.0948662 0.963548 -0.250152
    outer loop
      vertex 2.0888 15.866 111.714
      vertex 1.28285 16.0196 112
      vertex 2.09845 15.9393 112
    endloop
  endfacet
  facet normal 0.0949582 0.963599 -0.24992
    outer loop
      vertex 1.28285 16.0196 112
      vertex 2.0888 15.866 111.714
      vertex 1.04664 15.9687 111.714
    endloop
  endfacet
  facet normal 0.147806 0.895459 -0.419889
    outer loop
      vertex 2.21834 16.8499 14.4571
      vertex 3.0344 16.7152 14.4571
      vertex 2.21657 16.8365 14.4279
    endloop
  endfacet
  facet normal 0.158839 0.987252 0.0101849
    outer loop
      vertex 2.23045 16.8345 15.761
      vertex 2.21834 16.8499 14.4571
      vertex 2.21657 16.8365 15.7836
    endloop
  endfacet
  facet normal 0.162902 0.98659 0.0101982
    outer loop
      vertex 2.6415 16.3093 60
      vertex 2.0888 15.866 111.714
      vertex 3.12201 15.6954 111.714
    endloop
  endfacet
  facet normal 0.162929 0.986585 0.0101985
    outer loop
      vertex 2.0888 15.866 111.714
      vertex 2.6415 16.3093 60
      vertex 2.15768 16.3892 60
    endloop
  endfacet
  facet normal 0.162849 0.986599 0.01014
    outer loop
      vertex 2.23045 16.8345 15.761
      vertex 3.0344 16.7152 14.4571
      vertex 2.21834 16.8499 14.4571
    endloop
  endfacet
  facet normal 0.162838 0.9866 0.0101989
    outer loop
      vertex 3.12201 15.6954 111.714
      vertex 3.22496 16.213 60
      vertex 2.6415 16.3093 60
    endloop
  endfacet
  facet normal 0.157835 0.955255 -0.250151
    outer loop
      vertex 2.09845 15.9393 112
      vertex 2.32783 15.9014 112
      vertex 2.0888 15.866 111.714
    endloop
  endfacet
  facet normal 0.157718 0.955284 -0.250113
    outer loop
      vertex 3.12201 15.6954 111.714
      vertex 2.32783 15.9014 112
      vertex 3.13643 15.7679 112
    endloop
  endfacet
  facet normal 0.157735 0.955292 -0.250072
    outer loop
      vertex 2.32783 15.9014 112
      vertex 3.12201 15.6954 111.714
      vertex 2.0888 15.866 111.714
    endloop
  endfacet
  facet normal 0.206041 0.883748 -0.420163
    outer loop
      vertex 4.39872 16.4162 14.4571
      vertex 4.37275 16.4088 14.4288
      vertex 3.59321 16.604 14.4571
    endloop
  endfacet
  facet normal 0.203894 0.885022 -0.418526
    outer loop
      vertex 4.39872 16.4162 14.4571
      vertex 4.39521 16.4032 14.4279
      vertex 4.37275 16.4088 14.4288
    endloop
  endfacet
  facet normal 0.227068 0.973825 0.0101981
    outer loop
      vertex 3.70253 16.1016 60
      vertex 3.12201 15.6954 111.714
      vertex 4.14186 15.4576 111.714
    endloop
  endfacet
  facet normal 0.227154 0.973805 0.0101989
    outer loop
      vertex 3.12201 15.6954 111.714
      vertex 3.70253 16.1016 60
      vertex 3.22496 16.213 60
    endloop
  endfacet
  facet normal 0.227043 0.973832 0.0101453
    outer loop
      vertex 4.39521 16.4032 15.7835
      vertex 4.39872 16.4162 14.4571
      vertex 3.59321 16.604 14.4571
    endloop
  endfacet
  facet normal 0.227091 0.97382 0.0101979
    outer loop
      vertex 4.14186 15.4576 111.714
      vertex 4.27844 15.9673 60
      vertex 3.70253 16.1016 60
    endloop
  endfacet
  facet normal 0.219884 0.942918 -0.250113
    outer loop
      vertex 3.13643 15.7679 112
      vertex 3.36285 15.7151 112
      vertex 3.12201 15.6954 111.714
    endloop
  endfacet
  facet normal 0.219862 0.942927 -0.2501
    outer loop
      vertex 4.14186 15.4576 111.714
      vertex 3.36285 15.7151 112
      vertex 4.16098 15.529 112
    endloop
  endfacet
  facet normal 0.219864 0.942927 -0.250097
    outer loop
      vertex 3.36285 15.7151 112
      vertex 4.14186 15.4576 111.714
      vertex 3.12201 15.6954 111.714
    endloop
  endfacet
  facet normal 0.263449 0.869118 -0.418604
    outer loop
      vertex 4.39872 16.4162 14.4571
      vertex 4.66264 16.3362 14.4571
      vertex 4.39521 16.4032 14.4279
    endloop
  endfacet
  facet normal 0.263473 0.868145 -0.420603
    outer loop
      vertex 5.46297 16.0934 14.4571
      vertex 5.43798 16.088 14.4303
      vertex 5.19904 16.1735 14.4571
    endloop
  endfacet
  facet normal 0.262631 0.868723 -0.419935
    outer loop
      vertex 5.46297 16.0934 14.4571
      vertex 5.45862 16.0806 14.4279
      vertex 5.43798 16.088 14.4303
    endloop
  endfacet
  facet normal 0.290091 0.956945 0.0101466
    outer loop
      vertex 4.40838 16.3999 15.7182
      vertex 4.39872 16.4162 14.4571
      vertex 4.39521 16.4032 15.7835
    endloop
  endfacet
  facet normal 0.290281 0.956887 0.0101989
    outer loop
      vertex 4.7477 15.825 60
      vertex 4.14186 15.4576 111.714
      vertex 5.14397 15.1536 111.714
    endloop
  endfacet
  facet normal 0.290179 0.956918 0.0101979
    outer loop
      vertex 4.14186 15.4576 111.714
      vertex 4.7477 15.825 60
      vertex 4.27844 15.9673 60
    endloop
  endfacet
  facet normal 0.290073 0.956951 0.0101468
    outer loop
      vertex 4.40838 16.3999 15.7182
      vertex 4.66264 16.3362 14.4571
      vertex 4.39872 16.4162 14.4571
    endloop
  endfacet
  facet normal 0.290395 0.956853 0.0101854
    outer loop
      vertex 5.45862 16.0806 15.7836
      vertex 5.46297 16.0934 14.4571
      vertex 5.19904 16.1735 14.4571
    endloop
  endfacet
  facet normal 0.29033 0.956872 0.0101983
    outer loop
      vertex 5.14397 15.1536 111.714
      vertex 5.31359 15.6533 60
      vertex 4.7477 15.825 60
    endloop
  endfacet
  facet normal 0.281092 0.92652 -0.250098
    outer loop
      vertex 4.16098 15.529 112
      vertex 4.38347 15.4615 112
      vertex 4.14186 15.4576 111.714
    endloop
  endfacet
  facet normal 0.281059 0.926526 -0.250112
    outer loop
      vertex 5.14397 15.1536 111.714
      vertex 4.38347 15.4615 112
      vertex 5.16772 15.2236 112
    endloop
  endfacet
  facet normal 0.281072 0.92653 -0.250081
    outer loop
      vertex 4.38347 15.4615 112
      vertex 5.14397 15.1536 111.714
      vertex 4.14186 15.4576 111.714
    endloop
  endfacet
  facet normal 0.319727 0.849361 -0.419953
    outer loop
      vertex 5.46297 16.0934 14.4571
      vertex 6.23708 15.802 14.4571
      vertex 5.45862 16.0806 14.4279
    endloop
  endfacet
  facet normal 0.356842 0.934109 0.0101838
    outer loop
      vertex 5.47183 16.0758 15.761
      vertex 5.46297 16.0934 14.4571
      vertex 5.45862 16.0806 15.7836
    endloop
  endfacet
  facet normal 0.352168 0.935881 0.0101983
    outer loop
      vertex 5.77254 15.4806 60
      vertex 5.14397 15.1536 111.714
      vertex 6.12405 14.7848 111.714
    endloop
  endfacet
  facet normal 0.352166 0.935882 0.0101983
    outer loop
      vertex 5.14397 15.1536 111.714
      vertex 5.77254 15.4806 60
      vertex 5.31359 15.6533 60
    endloop
  endfacet
  facet normal 0.35228 0.935839 0.0102382
    outer loop
      vertex 5.47183 16.0758 15.761
      vertex 6.23708 15.802 14.4571
      vertex 5.46297 16.0934 14.4571
    endloop
  endfacet
  facet normal 0.352226 0.935859 0.0101976
    outer loop
      vertex 6.12405 14.7848 111.714
      vertex 6.32599 15.2723 60
      vertex 5.77254 15.4806 60
    endloop
  endfacet
  facet normal 0.341073 0.906154 -0.250109
    outer loop
      vertex 5.16772 15.2236 112
      vertex 5.38531 15.1417 112
      vertex 5.14397 15.1536 111.714
    endloop
  endfacet
  facet normal 0.341095 0.906223 -0.249827
    outer loop
      vertex 6.12405 14.7848 111.714
      vertex 5.38531 15.1417 112
      vertex 6.15233 14.853 112
    endloop
  endfacet
  facet normal 0.340999 0.906199 -0.250045
    outer loop
      vertex 5.38531 15.1417 112
      vertex 6.12405 14.7848 111.714
      vertex 5.14397 15.1536 111.714
    endloop
  endfacet
  facet normal 0.327851 0.72345 -0.607563
    outer loop
      vertex 6.90404 14 12.1277
      vertex 6.84813 13.8866 11.9625
      vertex 6.60846 14 11.9682
    endloop
  endfacet
  facet normal 0.374515 0.826456 -0.420368
    outer loop
      vertex 7.51684 15.2426 14.4571
      vertex 7.48993 15.2404 14.4288
      vertex 6.76346 15.584 14.4571
    endloop
  endfacet
  facet normal 0.373372 0.827484 -0.41936
    outer loop
      vertex 7.51684 15.2426 14.4571
      vertex 7.51086 15.2305 14.4279
      vertex 7.48993 15.2404 14.4288
    endloop
  endfacet
  facet normal 0.412695 0.910812 0.0101974
    outer loop
      vertex 6.77266 15.0699 60
      vertex 6.12405 14.7848 111.714
      vertex 7.07791 14.3526 111.714
    endloop
  endfacet
  facet normal 0.412713 0.910804 0.0101976
    outer loop
      vertex 6.12405 14.7848 111.714
      vertex 6.77266 15.0699 60
      vertex 6.32599 15.2723 60
    endloop
  endfacet
  facet normal 0.412734 0.910795 0.0101695
    outer loop
      vertex 7.51086 15.2305 15.7835
      vertex 7.51684 15.2426 14.4571
      vertex 6.76346 15.584 14.4571
    endloop
  endfacet
  facet normal 0.412609 0.910851 0.0101985
    outer loop
      vertex 7.07791 14.3526 111.714
      vertex 7.3113 14.8259 60
      vertex 6.77266 15.0699 60
    endloop
  endfacet
  facet normal 0.399441 0.88206 -0.249835
    outer loop
      vertex 6.15233 14.853 112
      vertex 6.3641 14.7571 112
      vertex 6.12405 14.7848 111.714
    endloop
  endfacet
  facet normal 0.399561 0.881929 -0.250103
    outer loop
      vertex 7.07791 14.3526 111.714
      vertex 6.3641 14.7571 112
      vertex 7.11059 14.4189 112
    endloop
  endfacet
  facet normal 0.399612 0.881938 -0.24999
    outer loop
      vertex 6.3641 14.7571 112
      vertex 7.07791 14.3526 111.714
      vertex 6.12405 14.7848 111.714
    endloop
  endfacet
  facet normal 0.374567 0.700613 -0.607323
    outer loop
      vertex 6.95232 13.8374 11.9699
      vertex 6.90404 14 12.1277
      vertex 7.52309 14 12.5095
    endloop
  endfacet
  facet normal 0.374027 0.70069 -0.607567
    outer loop
      vertex 6.90404 14 12.1277
      vertex 6.95232 13.8374 11.9699
      vertex 6.84813 13.8866 11.9625
    endloop
  endfacet
  facet normal 0.37442 0.70065 -0.607371
    outer loop
      vertex 7.7417 13.409 11.9625
      vertex 7.52309 14 12.5095
      vertex 8.0829 14 12.8546
    endloop
  endfacet
  facet normal 0.374642 0.700628 -0.607259
    outer loop
      vertex 7.52309 14 12.5095
      vertex 7.7417 13.409 11.9625
      vertex 7.30665 13.6698 11.995
    endloop
  endfacet
  facet normal 0.374465 0.70073 -0.60725
    outer loop
      vertex 7.52309 14 12.5095
      vertex 7.30665 13.6698 11.995
      vertex 6.95232 13.8374 11.9699
    endloop
  endfacet
  facet normal 0.427912 0.800623 -0.419399
    outer loop
      vertex 7.51684 15.2426 14.4571
      vertex 7.76007 15.1126 14.4571
      vertex 7.51086 15.2305 14.4279
    endloop
  endfacet
  facet normal 0.427197 0.799286 -0.422662
    outer loop
      vertex 8.49767 14.7184 14.4571
      vertex 8.47209 14.7179 14.4303
      vertex 8.25444 14.8484 14.4571
    endloop
  endfacet
  facet normal 0.424185 0.80237 -0.419845
    outer loop
      vertex 8.49767 14.7184 14.4571
      vertex 8.4909 14.7067 14.4279
      vertex 8.47209 14.7179 14.4303
    endloop
  endfacet
  facet normal 0.471063 0.882041 0.0101701
    outer loop
      vertex 7.52313 15.2247 15.7182
      vertex 7.51684 15.2426 14.4571
      vertex 7.51086 15.2305 15.7835
    endloop
  endfacet
  facet normal 0.471411 0.881855 0.0101982
    outer loop
      vertex 7.74377 14.5947 60
      vertex 7.07791 14.3526 111.714
      vertex 8.00146 13.8589 111.714
    endloop
  endfacet
  facet normal 0.471436 0.881842 0.0101985
    outer loop
      vertex 7.07791 14.3526 111.714
      vertex 7.74377 14.5947 60
      vertex 7.3113 14.8259 60
    endloop
  endfacet
  facet normal 0.471347 0.881889 0.0101666
    outer loop
      vertex 7.52313 15.2247 15.7182
      vertex 7.76007 15.1126 14.4571
      vertex 7.51684 15.2426 14.4571
    endloop
  endfacet
  facet normal 0.471347 0.881889 0.0101848
    outer loop
      vertex 8.4909 14.7067 15.7835
      vertex 8.49767 14.7184 14.4571
      vertex 8.25444 14.8484 14.4571
    endloop
  endfacet
  facet normal 0.47142 0.88185 0.0101981
    outer loop
      vertex 8.00146 13.8589 111.714
      vertex 8.2653 14.3159 60
      vertex 7.74377 14.5947 60
    endloop
  endfacet
  facet normal 0.456428 0.853887 -0.250101
    outer loop
      vertex 7.11059 14.4189 112
      vertex 7.31563 14.3093 112
      vertex 7.07791 14.3526 111.714
    endloop
  endfacet
  facet normal 0.456482 0.853872 -0.250052
    outer loop
      vertex 8.00146 13.8589 111.714
      vertex 7.31563 14.3093 112
      vertex 8.03841 13.9229 112
    endloop
  endfacet
  facet normal 0.456451 0.853869 -0.250122
    outer loop
      vertex 7.31563 14.3093 112
      vertex 8.00146 13.8589 111.714
      vertex 7.07791 14.3526 111.714
    endloop
  endfacet
  facet normal 0.419553 0.674739 -0.607209
    outer loop
      vertex 9.10372 13.6247 13.1429
      vertex 8.0829 14 12.8546
      vertex 8.50015 14 13.1429
    endloop
  endfacet
  facet normal 0.419547 0.67461 -0.607356
    outer loop
      vertex 7.83704 13.3519 11.9649
      vertex 8.0829 14 12.8546
      vertex 9.10372 13.6247 13.1429
    endloop
  endfacet
  facet normal 0.419374 0.674701 -0.607375
    outer loop
      vertex 8.0829 14 12.8546
      vertex 7.83704 13.3519 11.9649
      vertex 7.7417 13.409 11.9625
    endloop
  endfacet
  facet normal 0.419513 0.674655 -0.60733
    outer loop
      vertex 9.10372 13.6247 13.1429
      vertex 8.61134 12.8878 11.9842
      vertex 7.83704 13.3519 11.9649
    endloop
  endfacet
  facet normal 0.479279 0.770686 -0.419923
    outer loop
      vertex 8.49767 14.7184 14.4571
      vertex 9.20005 14.2816 14.4571
      vertex 8.4909 14.7067 14.4279
    endloop
  endfacet
  facet normal 0.479143 0.770574 -0.420283
    outer loop
      vertex 9.3545 14 14.1169
      vertex 9.10372 13.6247 13.1429
      vertex 8.50015 14 13.1429
    endloop
  endfacet
  facet normal 0.527163 0.849703 0.0101858
    outer loop
      vertex 8.50294 14.6995 15.761
      vertex 8.49767 14.7184 14.4571
      vertex 8.4909 14.7067 15.7835
    endloop
  endfacet
  facet normal 0.528047 0.849154 0.010199
    outer loop
      vertex 8.68173 14.057 60
      vertex 8.00146 13.8589 111.714
      vertex 8.89074 13.3059 111.714
    endloop
  endfacet
  facet normal 0.527963 0.849206 0.0101981
    outer loop
      vertex 8.00146 13.8589 111.714
      vertex 8.68173 14.057 60
      vertex 8.2653 14.3159 60
    endloop
  endfacet
  facet normal 0.528068 0.849141 0.010174
    outer loop
      vertex 8.50294 14.6995 15.761
      vertex 9.20005 14.2816 14.4571
      vertex 8.49767 14.7184 14.4571
    endloop
  endfacet
  facet normal 0.528067 0.849142 0.0101985
    outer loop
      vertex 8.89074 13.3059 111.714
      vertex 9.3545 14 29.9092
      vertex 8.77336 14 60
    endloop
  endfacet
  facet normal 0.528179 0.849072 0.0101973
    outer loop
      vertex 8.89074 13.3059 111.714
      vertex 8.77336 14 60
      vertex 8.68173 14.057 60
    endloop
  endfacet
  facet normal 0.511082 0.822355 -0.250053
    outer loop
      vertex 8.03841 13.9229 112
      vertex 8.23584 13.8002 112
      vertex 8.00146 13.8589 111.714
    endloop
  endfacet
  facet normal 0.511293 0.822179 -0.250202
    outer loop
      vertex 8.89074 13.3059 111.714
      vertex 8.23584 13.8002 112
      vertex 8.9318 13.3674 112
    endloop
  endfacet
  facet normal 0.511273 0.822178 -0.250246
    outer loop
      vertex 8.23584 13.8002 112
      vertex 8.89074 13.3059 111.714
      vertex 8.00146 13.8589 111.714
    endloop
  endfacet
  facet normal 0.462761 0.645761 -0.607327
    outer loop
      vertex 8.71163 12.8134 11.9815
      vertex 9.10372 13.6247 13.1429
      vertex 9.97532 13.0001 13.1429
    endloop
  endfacet
  facet normal 0.462723 0.645784 -0.60733
    outer loop
      vertex 9.10372 13.6247 13.1429
      vertex 8.71163 12.8134 11.9815
      vertex 8.61134 12.8878 11.9842
    endloop
  endfacet
  facet normal 0.462769 0.645749 -0.607334
    outer loop
      vertex 9.97532 13.0001 13.1429
      vertex 9.4257 12.2838 11.9625
      vertex 8.71163 12.8134 11.9815
    endloop
  endfacet
  facet normal 0.528528 0.737556 -0.420321
    outer loop
      vertex 10.3461 13.4833 14.4571
      vertex 9.3545 14 14.1169
      vertex 9.62505 14 14.4571
    endloop
  endfacet
  facet normal 0.528527 0.737578 -0.420284
    outer loop
      vertex 9.3545 14 14.1169
      vertex 10.3461 13.4833 14.4571
      vertex 9.10372 13.6247 13.1429
    endloop
  endfacet
  facet normal 0.528543 0.737556 -0.420302
    outer loop
      vertex 10.3461 13.4833 14.4571
      vertex 9.97532 13.0001 13.1429
      vertex 9.10372 13.6247 13.1429
    endloop
  endfacet
  facet normal 0.5824 0.812839 0.0101984
    outer loop
      vertex 9.5403 13.6611 46.3092
      vertex 8.89074 13.3059 111.714
      vertex 9.74196 12.696 111.714
    endloop
  endfacet
  facet normal 0.58229 0.812917 0.0101977
    outer loop
      vertex 9.5 13.6951 45.9
      vertex 8.89074 13.3059 111.714
      vertex 9.5403 13.6611 46.3092
    endloop
  endfacet
  facet normal 0.582437 0.812812 0.0101985
    outer loop
      vertex 9.5 13.6951 45.9
      vertex 9.3545 14 29.9092
      vertex 8.89074 13.3059 111.714
    endloop
  endfacet
  facet normal 0.582356 0.81287 0.0102003
    outer loop
      vertex 9.53786 13.6728 45.5156
      vertex 9.3545 14 29.9092
      vertex 9.5 13.6951 45.9
    endloop
  endfacet
  facet normal 0.582447 0.812805 0.0101979
    outer loop
      vertex 9.3545 14 29.9092
      vertex 9.53786 13.6728 45.5156
      vertex 9.46949 14 23.3416
    endloop
  endfacet
  facet normal 0.582507 0.812761 0.0101971
    outer loop
      vertex 9.54804 13.6668 45.4123
      vertex 9.46949 14 23.3416
      vertex 9.53786 13.6728 45.5156
    endloop
  endfacet
  facet normal 0.582605 0.812691 0.0101957
    outer loop
      vertex 9.6903 13.5707 44.9433
      vertex 9.46949 14 23.3416
      vertex 9.54804 13.6668 45.4123
    endloop
  endfacet
  facet normal 0.582378 0.812854 0.0102012
    outer loop
      vertex 9.92133 13.4106 44.5111
      vertex 9.46949 14 23.3416
      vertex 9.6903 13.5707 44.9433
    endloop
  endfacet
  facet normal 0.582402 0.812837 0.0102002
    outer loop
      vertex 10.1612 13.2424 44.2188
      vertex 9.46949 14 23.3416
      vertex 9.92133 13.4106 44.5111
    endloop
  endfacet
  facet normal 0.582446 0.812806 0.0101976
    outer loop
      vertex 10.3461 13.4833 14.4571
      vertex 9.46949 14 23.3416
      vertex 10.1612 13.2424 44.2188
    endloop
  endfacet
  facet normal 0.58245 0.812803 0.0101982
    outer loop
      vertex 9.46949 14 23.3416
      vertex 10.3461 13.4833 14.4571
      vertex 9.62505 14 14.4571
    endloop
  endfacet
  facet normal 0.582432 0.812815 0.0101982
    outer loop
      vertex 9.92133 13.3758 47.2889
      vertex 9.74196 12.696 111.714
      vertex 10.1405 13.2154 47.556
    endloop
  endfacet
  facet normal 0.58227 0.812931 0.010199
    outer loop
      vertex 9.6903 13.5467 46.8567
      vertex 9.74196 12.696 111.714
      vertex 9.92133 13.3758 47.2889
    endloop
  endfacet
  facet normal 0.582727 0.812604 0.0101944
    outer loop
      vertex 9.54804 13.6546 46.3877
      vertex 9.74196 12.696 111.714
      vertex 9.6903 13.5467 46.8567
    endloop
  endfacet
  facet normal 0.580199 0.81441 0.0102284
    outer loop
      vertex 9.74196 12.696 111.714
      vertex 9.54804 13.6546 46.3877
      vertex 9.5403 13.6611 46.3092
    endloop
  endfacet
  facet normal 0.563894 0.787036 -0.250196
    outer loop
      vertex 8.9318 13.3674 112
      vertex 9.12078 13.232 112
      vertex 8.89074 13.3059 111.714
    endloop
  endfacet
  facet normal 0.564016 0.787023 -0.249961
    outer loop
      vertex 9.74196 12.696 111.714
      vertex 9.12078 13.232 112
      vertex 9.78694 12.7546 112
    endloop
  endfacet
  facet normal 0.563904 0.787025 -0.250208
    outer loop
      vertex 9.12078 13.232 112
      vertex 9.74196 12.696 111.714
      vertex 8.89074 13.3059 111.714
    endloop
  endfacet
  facet normal 0.504026 0.614108 -0.607313
    outer loop
      vertex 9.51827 12.2152 11.9699
      vertex 9.97532 13.0001 13.1429
      vertex 10.8042 12.3198 13.1429
    endloop
  endfacet
  facet normal 0.503776 0.614289 -0.607337
    outer loop
      vertex 9.97532 13.0001 13.1429
      vertex 9.51827 12.2152 11.9699
      vertex 9.4257 12.2838 11.9625
    endloop
  endfacet
  facet normal 0.504131 0.614003 -0.607332
    outer loop
      vertex 10.8042 12.3198 13.1429
      vertex 10.2089 11.641 11.9625
      vertex 9.8331 11.9817 11.995
    endloop
  endfacet
  facet normal 0.503962 0.61422 -0.607253
    outer loop
      vertex 10.8042 12.3198 13.1429
      vertex 9.8331 11.9817 11.995
      vertex 9.51827 12.2152 11.9699
    endloop
  endfacet
  facet normal 0.57562 0.701433 -0.420302
    outer loop
      vertex 10.3461 13.4833 14.4571
      vertex 11.2058 12.7778 14.4571
      vertex 9.97532 13.0001 13.1429
    endloop
  endfacet
  facet normal 0.575655 0.70138 -0.420343
    outer loop
      vertex 11.2058 12.7778 14.4571
      vertex 10.8042 12.3198 13.1429
      vertex 9.97532 13.0001 13.1429
    endloop
  endfacet
  facet normal 0.634847 0.772571 0.0101975
    outer loop
      vertex 10.2322 13.1852 44.1322
      vertex 10.3461 13.4833 14.4571
      vertex 10.1612 13.2424 44.2188
    endloop
  endfacet
  facet normal 0.634156 0.773138 0.0102006
    outer loop
      vertex 10.3461 13.4833 14.4571
      vertex 10.2322 13.1852 44.1322
      vertex 10.4085 13.0425 43.9876
    endloop
  endfacet
  facet normal 0.634376 0.772957 0.0101969
    outer loop
      vertex 10.4165 12.9853 47.819
      vertex 9.74196 12.696 111.714
      vertex 10.5515 12.0316 111.714
    endloop
  endfacet
  facet normal 0.634495 0.772859 0.0101977
    outer loop
      vertex 10.2322 13.1386 47.6678
      vertex 9.74196 12.696 111.714
      vertex 10.4165 12.9853 47.819
    endloop
  endfacet
  facet normal 0.634704 0.772688 0.0101981
    outer loop
      vertex 9.74196 12.696 111.714
      vertex 10.2322 13.1386 47.6678
      vertex 10.1405 13.2154 47.556
    endloop
  endfacet
  facet normal 0.63434 0.772987 0.0101989
    outer loop
      vertex 10.3461 13.4833 14.4571
      vertex 11.0097 12.5541 43.6083
      vertex 11.2058 12.7778 14.4571
    endloop
  endfacet
  facet normal 0.634346 0.772982 0.0101986
    outer loop
      vertex 11.0097 12.5541 43.6083
      vertex 10.3461 13.4833 14.4571
      vertex 10.6111 12.8784 43.8213
    endloop
  endfacet
  facet normal 0.634416 0.772925 0.0101968
    outer loop
      vertex 10.6111 12.8784 43.8213
      vertex 10.3461 13.4833 14.4571
      vertex 10.4085 13.0425 43.9876
    endloop
  endfacet
  facet normal 0.634436 0.772908 0.0101977
    outer loop
      vertex 10.6111 12.8236 47.9787
      vertex 10.5515 12.0316 111.714
      vertex 10.9789 12.5191 48.1753
    endloop
  endfacet
  facet normal 0.634097 0.773187 0.0102009
    outer loop
      vertex 10.5515 12.0316 111.714
      vertex 10.6111 12.8236 47.9787
      vertex 10.4165 12.9853 47.819
    endloop
  endfacet
  facet normal 0.614274 0.748456 -0.249963
    outer loop
      vertex 9.78694 12.7546 112
      vertex 9.96666 12.6071 112
      vertex 9.74196 12.696 111.714
    endloop
  endfacet
  facet normal 0.61421 0.748465 -0.250093
    outer loop
      vertex 10.5515 12.0316 111.714
      vertex 9.96666 12.6071 112
      vertex 10.6002 12.0872 112
    endloop
  endfacet
  facet normal 0.614271 0.74846 -0.24996
    outer loop
      vertex 9.96666 12.6071 112
      vertex 10.5515 12.0316 111.714
      vertex 9.74196 12.696 111.714
    endloop
  endfacet
  facet normal 0.543096 0.579846 -0.607309
    outer loop
      vertex 10.2913 11.5664 11.9649
      vertex 10.8042 12.3198 13.1429
      vertex 11.5868 11.5868 13.1429
    endloop
  endfacet
  facet normal 0.54284 0.58006 -0.607334
    outer loop
      vertex 10.8042 12.3198 13.1429
      vertex 10.2913 11.5664 11.9649
      vertex 10.2089 11.641 11.9625
    endloop
  endfacet
  facet normal 0.543068 0.579904 -0.607279
    outer loop
      vertex 11.5868 11.5868 13.1429
      vertex 10.9602 10.9602 11.9842
      vertex 10.2913 11.5664 11.9649
    endloop
  endfacet
  facet normal 0.620295 0.66223 -0.420341
    outer loop
      vertex 11.2058 12.7778 14.4571
      vertex 12.0175 12.0175 14.4571
      vertex 10.8042 12.3198 13.1429
    endloop
  endfacet
  facet normal 0.620281 0.662254 -0.420323
    outer loop
      vertex 12.0175 12.0175 14.4571
      vertex 11.5868 11.5868 13.1429
      vertex 10.8042 12.3198 13.1429
    endloop
  endfacet
  facet normal 0.683344 0.730025 0.0101989
    outer loop
      vertex 11.0433 12.5229 43.5903
      vertex 11.2058 12.7778 14.4571
      vertex 11.0097 12.5541 43.6083
    endloop
  endfacet
  facet normal 0.68359 0.729795 0.0101983
    outer loop
      vertex 11.2058 12.7778 14.4571
      vertex 11.0433 12.5229 43.5903
      vertex 11.2387 12.3407 43.531
    endloop
  endfacet
  facet normal 0.683534 0.729848 0.0101977
    outer loop
      vertex 11.244 12.2695 48.2706
      vertex 10.5515 12.0316 111.714
      vertex 11.3158 11.3158 111.714
    endloop
  endfacet
  facet normal 0.683505 0.729875 0.0101975
    outer loop
      vertex 11.0433 12.4583 48.2097
      vertex 10.5515 12.0316 111.714
      vertex 11.244 12.2695 48.2706
    endloop
  endfacet
  facet normal 0.68357 0.729814 0.0101976
    outer loop
      vertex 10.5515 12.0316 111.714
      vertex 11.0433 12.4583 48.2097
      vertex 10.9789 12.5191 48.1753
    endloop
  endfacet
  facet normal 0.683585 0.729799 0.0101996
    outer loop
      vertex 11.2058 12.7778 14.4571
      vertex 11.8085 11.8085 43.4189
      vertex 12.0175 12.0175 14.4571
    endloop
  endfacet
  facet normal 0.683668 0.729722 0.0101952
    outer loop
      vertex 11.8085 11.8085 43.4189
      vertex 11.2058 12.7778 14.4571
      vertex 11.5123 12.0856 43.448
    endloop
  endfacet
  facet normal 0.683565 0.729819 0.0101986
    outer loop
      vertex 11.5123 12.0856 43.448
      vertex 11.2058 12.7778 14.4571
      vertex 11.2387 12.3407 43.531
    endloop
  endfacet
  facet normal 0.683493 0.729886 0.0101982
    outer loop
      vertex 11.5123 12.0171 48.352
      vertex 11.3158 11.3158 111.714
      vertex 11.7728 11.7728 48.3776
    endloop
  endfacet
  facet normal 0.683517 0.729864 0.010198
    outer loop
      vertex 11.3158 11.3158 111.714
      vertex 11.5123 12.0171 48.352
      vertex 11.244 12.2695 48.2706
    endloop
  endfacet
  facet normal 0.661779 0.706758 -0.250085
    outer loop
      vertex 10.6002 12.0872 112
      vertex 10.7699 11.9283 112
      vertex 10.5515 12.0316 111.714
    endloop
  endfacet
  facet normal 0.661995 0.706655 -0.249803
    outer loop
      vertex 11.3158 11.3158 111.714
      vertex 10.7699 11.9283 112
      vertex 11.368 11.368 112
    endloop
  endfacet
  facet normal 0.661835 0.706679 -0.250157
    outer loop
      vertex 10.7699 11.9283 112
      vertex 11.3158 11.3158 111.714
      vertex 10.5515 12.0316 111.714
    endloop
  endfacet
  facet normal 0.579844 0.543095 -0.607313
    outer loop
      vertex 11.044 10.8676 11.9815
      vertex 11.5868 11.5868 13.1429
      vertex 12.3198 10.8042 13.1429
    endloop
  endfacet
  facet normal 0.580195 0.542765 -0.607273
    outer loop
      vertex 11.5868 11.5868 13.1429
      vertex 11.044 10.8676 11.9815
      vertex 10.9602 10.9602 11.9842
    endloop
  endfacet
  facet normal 0.579858 0.543061 -0.60733
    outer loop
      vertex 12.3198 10.8042 13.1429
      vertex 11.641 10.2089 11.9625
      vertex 11.044 10.8676 11.9815
    endloop
  endfacet
  facet normal 0.662236 0.6203 -0.420323
    outer loop
      vertex 12.0175 12.0175 14.4571
      vertex 12.7778 11.2058 14.4571
      vertex 11.5868 11.5868 13.1429
    endloop
  endfacet
  facet normal 0.662248 0.620275 -0.420341
    outer loop
      vertex 12.7778 11.2058 14.4571
      vertex 12.3198 10.8042 13.1429
      vertex 11.5868 11.5868 13.1429
    endloop
  endfacet
  facet normal 0.729692 0.6837 0.0101996
    outer loop
      vertex 12 11.6044 43.4
      vertex 12.0175 12.0175 14.4571
      vertex 11.8085 11.8085 43.4189
    endloop
  endfacet
  facet normal 0.729823 0.68356 0.0101977
    outer loop
      vertex 12.0175 12.0175 14.4571
      vertex 12 11.6044 43.4
      vertex 12.0217 11.5812 43.4021
    endloop
  endfacet
  facet normal 0.729948 0.683427 0.0101981
    outer loop
      vertex 11.3158 11.3158 111.714
      vertex 12 11.5298 48.4
      vertex 11.7728 11.7728 48.3776
    endloop
  endfacet
  facet normal 0.729848 0.683534 0.0101974
    outer loop
      vertex 12.0316 10.5515 111.714
      vertex 12 11.5298 48.4
      vertex 11.3158 11.3158 111.714
    endloop
  endfacet
  facet normal 0.730063 0.683304 0.0101937
    outer loop
      vertex 12 11.5298 48.4
      vertex 12.0316 10.5515 111.714
      vertex 12.0224 11.5059 48.3978
    endloop
  endfacet
  facet normal 0.729799 0.683585 0.0101981
    outer loop
      vertex 12.0217 11.5812 43.4021
      vertex 12.7778 11.2058 14.4571
      vertex 12.0175 12.0175 14.4571
    endloop
  endfacet
  facet normal 0.729807 0.683577 0.0101984
    outer loop
      vertex 12.4877 11.083 43.448
      vertex 12.7778 11.2058 14.4571
      vertex 12.0217 11.5812 43.4021
    endloop
  endfacet
  facet normal 0.729945 0.68343 0.0101991
    outer loop
      vertex 12.7778 11.2058 14.4571
      vertex 12.4877 11.083 43.448
      vertex 12.5552 11.0106 43.4685
    endloop
  endfacet
  facet normal 0.729824 0.683559 0.0101977
    outer loop
      vertex 12.4877 11.0098 48.352
      vertex 12.0316 10.5515 111.714
      vertex 12.5178 10.9778 48.3428
    endloop
  endfacet
  facet normal 0.729818 0.683566 0.0101977
    outer loop
      vertex 12.0316 10.5515 111.714
      vertex 12.4877 11.0098 48.352
      vertex 12.0224 11.5059 48.3978
    endloop
  endfacet
  facet normal 0.706603 0.66205 -0.249803
    outer loop
      vertex 11.368 11.368 112
      vertex 11.527 11.1983 112
      vertex 11.3158 11.3158 111.714
    endloop
  endfacet
  facet normal 0.706661 0.661882 -0.250084
    outer loop
      vertex 12.0316 10.5515 111.714
      vertex 11.527 11.1983 112
      vertex 12.0872 10.6002 112
    endloop
  endfacet
  facet normal 0.706716 0.66187 -0.24996
    outer loop
      vertex 11.527 11.1983 112
      vertex 12.0316 10.5515 111.714
      vertex 11.3158 11.3158 111.714
    endloop
  endfacet
  facet normal 0.614098 0.504018 -0.60733
    outer loop
      vertex 13.0001 9.97532 13.1429
      vertex 11.641 10.2089 11.9625
      vertex 12.3198 10.8042 13.1429
    endloop
  endfacet
  facet normal 0.614115 0.503959 -0.607362
    outer loop
      vertex 11.641 10.2089 11.9625
      vertex 13.0001 9.97532 13.1429
      vertex 11.7184 10.1235 11.9699
    endloop
  endfacet
  facet normal 0.614022 0.504238 -0.607224
    outer loop
      vertex 13.0001 9.97532 13.1429
      vertex 11.9817 9.8331 11.995
      vertex 11.7184 10.1235 11.9699
    endloop
  endfacet
  facet normal 0.614195 0.503894 -0.607335
    outer loop
      vertex 11.9817 9.8331 11.995
      vertex 13.0001 9.97532 13.1429
      vertex 12.2838 9.4257 11.9625
    endloop
  endfacet
  facet normal 0.701418 0.575608 -0.420342
    outer loop
      vertex 12.7778 11.2058 14.4571
      vertex 13.4833 10.3461 14.4571
      vertex 12.3198 10.8042 13.1429
    endloop
  endfacet
  facet normal 0.701395 0.575667 -0.420301
    outer loop
      vertex 13.4833 10.3461 14.4571
      vertex 13.0001 9.97532 13.1429
      vertex 12.3198 10.8042 13.1429
    endloop
  endfacet
  facet normal 0.773032 0.634285 0.0101991
    outer loop
      vertex 12.7533 10.7682 43.5286
      vertex 12.7778 11.2058 14.4571
      vertex 12.5552 11.0106 43.4685
    endloop
  endfacet
  facet normal 0.772957 0.634376 0.0101978
    outer loop
      vertex 12.696 9.74196 111.714
      vertex 12.5178 10.9778 48.3428
      vertex 12.0316 10.5515 111.714
    endloop
  endfacet
  facet normal 0.77302 0.6343 0.0101961
    outer loop
      vertex 12.5178 10.9778 48.3428
      vertex 12.696 9.74196 111.714
      vertex 12.7493 10.6968 48.2726
    endloop
  endfacet
  facet normal 0.772926 0.634414 0.0101973
    outer loop
      vertex 13.4833 10.3461 14.4571
      vertex 12.7533 10.7682 43.5286
      vertex 12.9567 10.5194 43.5903
    endloop
  endfacet
  facet normal 0.772987 0.63434 0.0101999
    outer loop
      vertex 12.7533 10.7682 43.5286
      vertex 13.4833 10.3461 14.4571
      vertex 12.7778 11.2058 14.4571
    endloop
  endfacet
  facet normal 0.772932 0.634407 0.0101974
    outer loop
      vertex 13.4833 10.3461 14.4571
      vertex 12.9567 10.5194 43.5903
      vertex 13.2462 10.1642 43.745
    endloop
  endfacet
  facet normal 0.772847 0.634511 0.0101982
    outer loop
      vertex 12.9567 10.4451 48.2097
      vertex 12.696 9.74196 111.714
      vertex 13.2112 10.1373 48.0737
    endloop
  endfacet
  facet normal 0.772962 0.63437 0.0101971
    outer loop
      vertex 12.696 9.74196 111.714
      vertex 12.9567 10.4451 48.2097
      vertex 12.7493 10.6968 48.2726
    endloop
  endfacet
  facet normal 0.748396 0.614293 -0.250094
    outer loop
      vertex 12.0872 10.6002 112
      vertex 12.2347 10.4205 112
      vertex 12.0316 10.5515 111.714
    endloop
  endfacet
  facet normal 0.7485 0.61422 -0.249964
    outer loop
      vertex 12.696 9.74196 111.714
      vertex 12.2347 10.4205 112
      vertex 12.7546 9.78694 112
    endloop
  endfacet
  facet normal 0.748424 0.614241 -0.250137
    outer loop
      vertex 12.2347 10.4205 112
      vertex 12.696 9.74196 111.714
      vertex 12.0316 10.5515 111.714
    endloop
  endfacet
  facet normal 0.645757 0.462758 -0.607333
    outer loop
      vertex 13.6247 9.10372 13.1429
      vertex 12.2838 9.4257 11.9625
      vertex 13.0001 9.97532 13.1429
    endloop
  endfacet
  facet normal 0.645817 0.462484 -0.607477
    outer loop
      vertex 12.2838 9.4257 11.9625
      vertex 13.6247 9.10372 13.1429
      vertex 12.35 9.33641 11.9649
    endloop
  endfacet
  facet normal 0.645737 0.462791 -0.607329
    outer loop
      vertex 13.6247 9.10372 13.1429
      vertex 12.8878 8.61134 11.9842
      vertex 12.35 9.33641 11.9649
    endloop
  endfacet
  facet normal 0.737563 0.528533 -0.420301
    outer loop
      vertex 13.4833 10.3461 14.4571
      vertex 14.1311 9.4421 14.4571
      vertex 13.0001 9.97532 13.1429
    endloop
  endfacet
  facet normal 0.73756 0.528545 -0.420293
    outer loop
      vertex 14.1311 9.4421 14.4571
      vertex 13.6247 9.10372 13.1429
      vertex 13.0001 9.97532 13.1429
    endloop
  endfacet
  facet normal 0.812882 0.582339 0.0101974
    outer loop
      vertex 13.3889 9.96367 43.8213
      vertex 13.4833 10.3461 14.4571
      vertex 13.2462 10.1642 43.745
    endloop
  endfacet
  facet normal 0.812597 0.582737 0.0102017
    outer loop
      vertex 13.4833 10.3461 14.4571
      vertex 13.3889 9.96367 43.8213
      vertex 13.4297 9.90619 43.8548
    endloop
  endfacet
  facet normal 0.812839 0.5824 0.0101983
    outer loop
      vertex 13.3059 8.89074 111.714
      vertex 13.2112 10.1373 48.0737
      vertex 12.696 9.74196 111.714
    endloop
  endfacet
  facet normal 0.812919 0.582287 0.0101959
    outer loop
      vertex 13.2112 10.1373 48.0737
      vertex 13.3059 8.89074 111.714
      vertex 13.3889 9.89088 47.9787
    endloop
  endfacet
  facet normal 0.812792 0.582465 0.0101986
    outer loop
      vertex 13.3889 9.89088 47.9787
      vertex 13.3059 8.89074 111.714
      vertex 13.4222 9.84489 47.9514
    endloop
  endfacet
  facet normal 0.812803 0.582449 0.0101978
    outer loop
      vertex 13.4297 9.90619 43.8548
      vertex 14.1311 9.4421 14.4571
      vertex 13.4833 10.3461 14.4571
    endloop
  endfacet
  facet normal 0.812784 0.582475 0.0101969
    outer loop
      vertex 13.7678 9.42955 44.1322
      vertex 14.1311 9.4421 14.4571
      vertex 13.4297 9.90619 43.8548
    endloop
  endfacet
  facet normal 0.812841 0.582397 0.0101976
    outer loop
      vertex 14.1311 9.4421 14.4571
      vertex 13.7678 9.42955 44.1322
      vertex 13.8782 9.27311 44.2668
    endloop
  endfacet
  facet normal 0.812855 0.582377 0.0101989
    outer loop
      vertex 13.7678 9.36765 47.6678
      vertex 13.3059 8.89074 111.714
      vertex 13.8502 9.2544 47.5673
    endloop
  endfacet
  facet normal 0.812759 0.58251 0.0101992
    outer loop
      vertex 13.3059 8.89074 111.714
      vertex 13.7678 9.36765 47.6678
      vertex 13.4222 9.84489 47.9514
    endloop
  endfacet
  facet normal 0.787085 0.563929 -0.249961
    outer loop
      vertex 12.7546 9.78694 112
      vertex 12.89 9.59796 112
      vertex 12.696 9.74196 111.714
    endloop
  endfacet
  facet normal 0.786974 0.563981 -0.250196
    outer loop
      vertex 13.3059 8.89074 111.714
      vertex 12.89 9.59796 112
      vertex 13.3674 8.9318 112
    endloop
  endfacet
  facet normal 0.787079 0.563943 -0.24995
    outer loop
      vertex 12.89 9.59796 112
      vertex 13.3059 8.89074 111.714
      vertex 12.696 9.74196 111.714
    endloop
  endfacet
  facet normal 0.674662 0.419501 -0.60733
    outer loop
      vertex 14.1909 8.19313 13.1429
      vertex 12.8878 8.61134 11.9842
      vertex 13.6247 9.10372 13.1429
    endloop
  endfacet
  facet normal 0.674637 0.419674 -0.607239
    outer loop
      vertex 12.8878 8.61134 11.9842
      vertex 14.1909 8.19313 13.1429
      vertex 12.952 8.50423 11.9815
    endloop
  endfacet
  facet normal 0.674675 0.419479 -0.607331
    outer loop
      vertex 14.1909 8.19313 13.1429
      vertex 13.409 7.7417 11.9625
      vertex 12.952 8.50423 11.9815
    endloop
  endfacet
  facet normal 0.770551 0.479172 -0.420293
    outer loop
      vertex 14.1311 9.4421 14.4571
      vertex 14.7184 8.49767 14.4571
      vertex 13.6247 9.10372 13.1429
    endloop
  endfacet
  facet normal 0.770561 0.479131 -0.420321
    outer loop
      vertex 14.7184 8.49767 14.4571
      vertex 14.1909 8.19313 13.1429
      vertex 13.6247 9.10372 13.1429
    endloop
  endfacet
  facet normal 0.849186 0.527996 0.0101975
    outer loop
      vertex 14.0471 8.99749 44.4726
      vertex 14.1311 9.4421 14.4571
      vertex 13.8782 9.27311 44.2668
    endloop
  endfacet
  facet normal 0.849154 0.528047 0.0101989
    outer loop
      vertex 13.8589 8.00146 111.714
      vertex 13.8502 9.2544 47.5673
      vertex 13.3059 8.89074 111.714
    endloop
  endfacet
  facet normal 0.849164 0.52803 0.0101985
    outer loop
      vertex 13.8502 9.2544 47.5673
      vertex 13.8589 8.00146 111.714
      vertex 14.0391 8.95506 47.3372
    endloop
  endfacet
  facet normal 0.848929 0.528409 0.0101873
    outer loop
      vertex 14.7184 8.49767 14.4571
      vertex 14.0471 8.99749 44.4726
      vertex 14.0787 8.94598 44.5111
    endloop
  endfacet
  facet normal 0.849186 0.527996 0.0101989
    outer loop
      vertex 14.7184 8.49767 14.4571
      vertex 14.0787 8.94598 44.5111
      vertex 14.3097 8.56611 44.9433
    endloop
  endfacet
  facet normal 0.849152 0.528051 0.0101982
    outer loop
      vertex 14.0471 8.99749 44.4726
      vertex 14.7184 8.49767 14.4571
      vertex 14.1311 9.4421 14.4571
    endloop
  endfacet
  facet normal 0.849223 0.527936 0.0101995
    outer loop
      vertex 14.7184 8.49767 14.4571
      vertex 14.3097 8.56611 44.9433
      vertex 14.445 8.33985 45.3895
    endloop
  endfacet
  facet normal 0.849254 0.527886 0.0101979
    outer loop
      vertex 14.3097 8.52916 46.8567
      vertex 13.8589 8.00146 111.714
      vertex 14.4357 8.33448 46.4412
    endloop
  endfacet
  facet normal 0.849183 0.528 0.0101983
    outer loop
      vertex 14.0787 8.89233 47.2889
      vertex 13.8589 8.00146 111.714
      vertex 14.3097 8.52916 46.8567
    endloop
  endfacet
  facet normal 0.849087 0.528155 0.0102002
    outer loop
      vertex 13.8589 8.00146 111.714
      vertex 14.0787 8.89233 47.2889
      vertex 14.0391 8.95506 47.3372
    endloop
  endfacet
  facet normal 0.822136 0.511362 -0.250202
    outer loop
      vertex 13.3674 8.9318 112
      vertex 13.4902 8.73437 112
      vertex 13.3059 8.89074 111.714
    endloop
  endfacet
  facet normal 0.822265 0.511228 -0.250052
    outer loop
      vertex 13.8589 8.00146 111.714
      vertex 13.4902 8.73437 112
      vertex 13.9229 8.03841 112
    endloop
  endfacet
  facet normal 0.822172 0.511269 -0.250277
    outer loop
      vertex 13.4902 8.73437 112
      vertex 13.8589 8.00146 111.714
      vertex 13.3059 8.89074 111.714
    endloop
  endfacet
  facet normal 0.700498 0.374762 -0.607335
    outer loop
      vertex 14.1909 8.19313 13.1429
      vertex 13.4683 7.64285 11.9699
      vertex 13.409 7.7417 11.9625
    endloop
  endfacet
  facet normal 0.700644 0.374524 -0.607313
    outer loop
      vertex 13.4683 7.64285 11.9699
      vertex 14.1909 8.19313 13.1429
      vertex 14.6964 7.24746 13.1429
    endloop
  endfacet
  facet normal 0.700637 0.374585 -0.607285
    outer loop
      vertex 14.6964 7.24746 13.1429
      vertex 13.6698 7.30665 11.995
      vertex 13.4683 7.64285 11.9699
    endloop
  endfacet
  facet normal 0.700699 0.374358 -0.607352
    outer loop
      vertex 13.6698 7.30665 11.995
      vertex 14.6964 7.24746 13.1429
      vertex 13.8866 6.84813 11.9625
    endloop
  endfacet
  facet normal 0.800256 0.427693 -0.42032
    outer loop
      vertex 14.7184 8.49767 14.4571
      vertex 15.2426 7.51684 14.4571
      vertex 14.1909 8.19313 13.1429
    endloop
  endfacet
  facet normal 0.800243 0.427763 -0.420274
    outer loop
      vertex 15.2426 7.51684 14.4571
      vertex 14.6964 7.24746 13.1429
      vertex 14.1909 8.19313 13.1429
    endloop
  endfacet
  facet normal 0.880851 0.473284 0.0102326
    outer loop
      vertex 14.4357 8.33448 46.4412
      vertex 14.3526 7.07791 111.714
      vertex 14.452 8.3053 46.3877
    endloop
  endfacet
  facet normal 0.881855 0.471411 0.0101979
    outer loop
      vertex 14.3526 7.07791 111.714
      vertex 14.4357 8.33448 46.4412
      vertex 13.8589 8.00146 111.714
    endloop
  endfacet
  facet normal 0.879823 0.475193 0.0102009
    outer loop
      vertex 14.452 8.3264 45.4123
      vertex 14.7184 8.49767 14.4571
      vertex 14.445 8.33985 45.3895
    endloop
  endfacet
  facet normal 0.882011 0.471118 0.0101972
    outer loop
      vertex 14.5 8.22598 45.9
      vertex 14.7184 8.49767 14.4571
      vertex 14.452 8.3264 45.4123
    endloop
  endfacet
  facet normal 0.881844 0.471431 0.0101987
    outer loop
      vertex 14.5 8.22598 45.9
      vertex 14.3526 7.07791 111.714
      vertex 14.7184 8.49767 14.4571
    endloop
  endfacet
  facet normal 0.88203 0.471083 0.0101931
    outer loop
      vertex 14.452 8.3053 46.3877
      vertex 14.3526 7.07791 111.714
      vertex 14.5 8.22598 45.9
    endloop
  endfacet
  facet normal 0.8819 0.471327 0.0101974
    outer loop
      vertex 15.2426 7.51684 14.4571
      vertex 14.7184 8.49767 14.4571
      vertex 14.3526 7.07791 111.714
    endloop
  endfacet
  facet normal 0.853898 0.456434 -0.250051
    outer loop
      vertex 13.9229 8.03841 112
      vertex 14.0325 7.83337 112
      vertex 13.8589 8.00146 111.714
    endloop
  endfacet
  facet normal 0.853861 0.456476 -0.2501
    outer loop
      vertex 14.3526 7.07791 111.714
      vertex 14.0325 7.83337 112
      vertex 14.4189 7.11059 112
    endloop
  endfacet
  facet normal 0.85389 0.456462 -0.25003
    outer loop
      vertex 14.0325 7.83337 112
      vertex 14.3526 7.07791 111.714
      vertex 13.8589 8.00146 111.714
    endloop
  endfacet
  facet normal 0.723459 0.328215 -0.607356
    outer loop
      vertex 14.6964 7.24746 13.1429
      vertex 13.9342 6.74765 11.9649
      vertex 13.8866 6.84813 11.9625
    endloop
  endfacet
  facet normal 0.72365 0.327851 -0.607325
    outer loop
      vertex 13.9342 6.74765 11.9649
      vertex 14.6964 7.24746 13.1429
      vertex 15.1389 6.27075 13.1429
    endloop
  endfacet
  facet normal 0.723651 0.327838 -0.607331
    outer loop
      vertex 15.1389 6.27075 13.1429
      vertex 14.3201 5.93159 11.9842
      vertex 13.9342 6.74765 11.9649
    endloop
  endfacet
  facet normal 0.826512 0.374497 -0.420273
    outer loop
      vertex 15.2426 7.51684 14.4571
      vertex 15.7016 6.50383 14.4571
      vertex 14.6964 7.24746 13.1429
    endloop
  endfacet
  facet normal 0.826517 0.374455 -0.420301
    outer loop
      vertex 15.7016 6.50383 14.4571
      vertex 15.1389 6.27075 13.1429
      vertex 14.6964 7.24746 13.1429
    endloop
  endfacet
  facet normal 0.910812 0.412695 0.0101974
    outer loop
      vertex 14.7848 6.12405 111.714
      vertex 15.2426 7.51684 14.4571
      vertex 14.3526 7.07791 111.714
    endloop
  endfacet
  facet normal 0.910813 0.412694 0.0101974
    outer loop
      vertex 15.7016 6.50383 14.4571
      vertex 15.2426 7.51684 14.4571
      vertex 14.7848 6.12405 111.714
    endloop
  endfacet
  facet normal 0.881997 0.399412 -0.250102
    outer loop
      vertex 14.4189 7.11059 112
      vertex 14.5148 6.89882 112
      vertex 14.3526 7.07791 111.714
    endloop
  endfacet
  facet normal 0.881993 0.39959 -0.249833
    outer loop
      vertex 14.7848 6.12405 111.714
      vertex 14.5148 6.89882 112
      vertex 14.853 6.15233 112
    endloop
  endfacet
  facet normal 0.881949 0.399616 -0.249947
    outer loop
      vertex 14.5148 6.89882 112
      vertex 14.7848 6.12405 111.714
      vertex 14.3526 7.07791 111.714
    endloop
  endfacet
  facet normal 0.74341 0.280151 -0.607336
    outer loop
      vertex 15.1389 6.27075 13.1429
      vertex 14.3622 5.81402 11.9815
      vertex 14.3201 5.93159 11.9842
    endloop
  endfacet
  facet normal 0.743549 0.279842 -0.607308
    outer loop
      vertex 14.3622 5.81402 11.9815
      vertex 15.1389 6.27075 13.1429
      vertex 15.5166 5.26719 13.1429
    endloop
  endfacet
  facet normal 0.743549 0.279834 -0.607312
    outer loop
      vertex 15.5166 5.26719 13.1429
      vertex 14.6617 4.97698 11.9625
      vertex 14.3622 5.81402 11.9815
    endloop
  endfacet
  facet normal 0.849214 0.319661 -0.420301
    outer loop
      vertex 15.7016 6.50383 14.4571
      vertex 16.0934 5.46297 14.4571
      vertex 15.1389 6.27075 13.1429
    endloop
  endfacet
  facet normal 0.849217 0.319611 -0.420333
    outer loop
      vertex 16.0934 5.46297 14.4571
      vertex 15.5166 5.26719 13.1429
      vertex 15.1389 6.27075 13.1429
    endloop
  endfacet
  facet normal 0.935881 0.352168 0.0101973
    outer loop
      vertex 15.1536 5.14397 111.714
      vertex 15.7016 6.50383 14.4571
      vertex 14.7848 6.12405 111.714
    endloop
  endfacet
  facet normal 0.935843 0.35227 0.0101985
    outer loop
      vertex 16.0934 5.46297 14.4571
      vertex 15.7016 6.50383 14.4571
      vertex 15.1536 5.14397 111.714
    endloop
  endfacet
  facet normal 0.906222 0.341098 -0.249827
    outer loop
      vertex 14.853 6.15233 112
      vertex 14.9349 5.93474 112
      vertex 14.7848 6.12405 111.714
    endloop
  endfacet
  facet normal 0.906155 0.341069 -0.250109
    outer loop
      vertex 15.1536 5.14397 111.714
      vertex 14.9349 5.93474 112
      vertex 15.2236 5.16772 112
    endloop
  endfacet
  facet normal 0.906236 0.341013 -0.249891
    outer loop
      vertex 14.9349 5.93474 112
      vertex 15.1536 5.14397 111.714
      vertex 14.7848 6.12405 111.714
    endloop
  endfacet
  facet normal 0.760315 0.230429 -0.607308
    outer loop
      vertex 15.5166 5.26719 13.1429
      vertex 14.7005 4.86846 11.9699
      vertex 14.6617 4.97698 11.9625
    endloop
  endfacet
  facet normal 0.760237 0.23064 -0.607326
    outer loop
      vertex 14.7005 4.86846 11.9699
      vertex 15.5166 5.26719 13.1429
      vertex 15.8279 4.24108 13.1429
    endloop
  endfacet
  facet normal 0.760251 0.230829 -0.607237
    outer loop
      vertex 15.8279 4.24108 13.1429
      vertex 14.8326 4.49941 11.995
      vertex 14.7005 4.86846 11.9699
    endloop
  endfacet
  facet normal 0.760275 0.230492 -0.607334
    outer loop
      vertex 14.8326 4.49941 11.995
      vertex 15.8279 4.24108 13.1429
      vertex 14.9558 4.0074 11.9625
    endloop
  endfacet
  facet normal 0.868307 0.263368 -0.420333
    outer loop
      vertex 16.0934 5.46297 14.4571
      vertex 16.4162 4.39872 14.4571
      vertex 15.5166 5.26719 13.1429
    endloop
  endfacet
  facet normal 0.868308 0.263426 -0.420295
    outer loop
      vertex 16.4162 4.39872 14.4571
      vertex 15.8279 4.24108 13.1429
      vertex 15.5166 5.26719 13.1429
    endloop
  endfacet
  facet normal 0.956887 0.290281 0.0101986
    outer loop
      vertex 15.4576 4.14186 111.714
      vertex 16.0934 5.46297 14.4571
      vertex 15.1536 5.14397 111.714
    endloop
  endfacet
  facet normal 0.9569 0.290239 0.0101981
    outer loop
      vertex 16.4162 4.39872 14.4571
      vertex 16.0934 5.46297 14.4571
      vertex 15.4576 4.14186 111.714
    endloop
  endfacet
  facet normal 0.926513 0.281102 -0.250112
    outer loop
      vertex 15.2236 5.16772 112
      vertex 15.2911 4.94524 112
      vertex 15.1536 5.14397 111.714
    endloop
  endfacet
  facet normal 0.92653 0.281057 -0.250098
    outer loop
      vertex 15.4576 4.14186 111.714
      vertex 15.2911 4.94524 112
      vertex 15.529 4.16098 112
    endloop
  endfacet
  facet normal 0.926516 0.281068 -0.250138
    outer loop
      vertex 15.2911 4.94524 112
      vertex 15.4576 4.14186 111.714
      vertex 15.1536 5.14397 111.714
    endloop
  endfacet
  facet normal 0.773738 0.180222 -0.607329
    outer loop
      vertex 15.8279 4.24108 13.1429
      vertex 14.9828 3.89957 11.9649
      vertex 14.9558 4.0074 11.9625
    endloop
  endfacet
  facet normal 0.773685 0.180404 -0.607344
    outer loop
      vertex 14.9828 3.89957 11.9649
      vertex 15.8279 4.24108 13.1429
      vertex 16.0714 3.1968 13.1429
    endloop
  endfacet
  facet normal 0.773693 0.180464 -0.607315
    outer loop
      vertex 16.0714 3.1968 13.1429
      vertex 15.2022 3.0239 11.9842
      vertex 14.9828 3.89957 11.9649
    endloop
  endfacet
  facet normal 0.883673 0.20609 -0.420296
    outer loop
      vertex 16.4162 4.39872 14.4571
      vertex 16.6688 3.31562 14.4571
      vertex 15.8279 4.24108 13.1429
    endloop
  endfacet
  facet normal 0.88367 0.20605 -0.420322
    outer loop
      vertex 16.6688 3.31562 14.4571
      vertex 16.0714 3.1968 13.1429
      vertex 15.8279 4.24108 13.1429
    endloop
  endfacet
  facet normal 0.973825 0.227068 0.0101981
    outer loop
      vertex 15.6954 3.12201 111.714
      vertex 16.4162 4.39872 14.4571
      vertex 15.4576 4.14186 111.714
    endloop
  endfacet
  facet normal 0.973815 0.227113 0.0101986
    outer loop
      vertex 16.6688 3.31562 14.4571
      vertex 16.4162 4.39872 14.4571
      vertex 15.6954 3.12201 111.714
    endloop
  endfacet
  facet normal 0.942921 0.219884 -0.250101
    outer loop
      vertex 15.529 4.16098 112
      vertex 15.5818 3.93456 112
      vertex 15.4576 4.14186 111.714
    endloop
  endfacet
  facet normal 0.942923 0.219861 -0.250113
    outer loop
      vertex 15.6954 3.12201 111.714
      vertex 15.5818 3.93456 112
      vertex 15.7679 3.13643 112
    endloop
  endfacet
  facet normal 0.942922 0.219863 -0.250117
    outer loop
      vertex 15.5818 3.93456 112
      vertex 15.6954 3.12201 111.714
      vertex 15.4576 4.14186 111.714
    endloop
  endfacet
  facet normal 0.78385 0.129406 -0.607316
    outer loop
      vertex 16.0714 3.1968 13.1429
      vertex 15.2205 2.90038 11.9815
      vertex 15.2022 3.0239 11.9842
    endloop
  endfacet
  facet normal 0.783844 0.129435 -0.607319
    outer loop
      vertex 15.2205 2.90038 11.9815
      vertex 16.0714 3.1968 13.1429
      vertex 16.2461 2.13884 13.1429
    endloop
  endfacet
  facet normal 0.783827 0.129352 -0.607358
    outer loop
      vertex 16.2461 2.13884 13.1429
      vertex 15.3509 2.02099 11.9625
      vertex 15.2205 2.90038 11.9815
    endloop
  endfacet
  facet normal 0.895264 0.147758 -0.420322
    outer loop
      vertex 16.6688 3.31562 14.4571
      vertex 16.8499 2.21834 14.4571
      vertex 16.0714 3.1968 13.1429
    endloop
  endfacet
  facet normal 0.895275 0.147836 -0.420271
    outer loop
      vertex 16.8499 2.21834 14.4571
      vertex 16.2461 2.13884 13.1429
      vertex 16.0714 3.1968 13.1429
    endloop
  endfacet
  facet normal 0.98659 0.162902 0.0101986
    outer loop
      vertex 15.866 2.0888 111.714
      vertex 16.6688 3.31562 14.4571
      vertex 15.6954 3.12201 111.714
    endloop
  endfacet
  facet normal 0.986601 0.162833 0.0101978
    outer loop
      vertex 16.8499 2.21834 14.4571
      vertex 16.6688 3.31562 14.4571
      vertex 15.866 2.0888 111.714
    endloop
  endfacet
  facet normal 0.955266 0.15783 -0.250114
    outer loop
      vertex 15.7679 3.13643 112
      vertex 15.8058 2.90704 112
      vertex 15.6954 3.12201 111.714
    endloop
  endfacet
  facet normal 0.955274 0.157718 -0.250152
    outer loop
      vertex 15.866 2.0888 111.714
      vertex 15.8058 2.90704 112
      vertex 15.9393 2.09845 112
    endloop
  endfacet
  facet normal 0.955263 0.15773 -0.250188
    outer loop
      vertex 15.8058 2.90704 112
      vertex 15.866 2.0888 111.714
      vertex 15.6954 3.12201 111.714
    endloop
  endfacet
  facet normal 0.790613 0.07778 -0.607356
    outer loop
      vertex 16.2461 2.13884 13.1429
      vertex 15.3678 1.90699 11.9699
      vertex 15.3509 2.02099 11.9625
    endloop
  endfacet
  facet normal 0.790599 0.0778649 -0.607363
    outer loop
      vertex 15.3678 1.90699 11.9699
      vertex 16.2461 2.13884 13.1429
      vertex 16.3512 1.07171 13.1429
    endloop
  endfacet
  facet normal 0.790678 0.0781537 -0.607223
    outer loop
      vertex 16.3512 1.07171 13.1429
      vertex 15.4254 1.51927 11.995
      vertex 15.3678 1.90699 11.9699
    endloop
  endfacet
  facet normal 0.790637 0.0778207 -0.60732
    outer loop
      vertex 15.4254 1.51927 11.995
      vertex 16.3512 1.07171 13.1429
      vertex 15.4503 1.01266 11.9625
    endloop
  endfacet
  facet normal 0.90303 0.0889331 -0.420271
    outer loop
      vertex 16.8499 2.21834 14.4571
      vertex 16.9589 1.11155 14.4571
      vertex 16.2461 2.13884 13.1429
    endloop
  endfacet
  facet normal 0.903031 0.0889382 -0.420267
    outer loop
      vertex 16.9589 1.11155 14.4571
      vertex 16.3512 1.07171 13.1429
      vertex 16.2461 2.13884 13.1429
    endloop
  endfacet
  facet normal 0.995128 0.0980652 0.0101978
    outer loop
      vertex 15.9687 1.04664 111.714
      vertex 16.8499 2.21834 14.4571
      vertex 15.866 2.0888 111.714
    endloop
  endfacet
  facet normal 0.995134 0.0980038 0.0101971
    outer loop
      vertex 16.9589 1.11155 14.4571
      vertex 16.8499 2.21834 14.4571
      vertex 15.9687 1.04664 111.714
    endloop
  endfacet
  facet normal 0.96354 0.0949464 -0.250153
    outer loop
      vertex 15.9393 2.09845 112
      vertex 15.9621 1.86707 112
      vertex 15.866 2.0888 111.714
    endloop
  endfacet
  facet normal 0.963608 0.0948722 -0.249917
    outer loop
      vertex 15.9687 1.04664 111.714
      vertex 15.9621 1.86707 112
      vertex 16.0424 1.05147 112
    endloop
  endfacet
  facet normal 0.96354 0.0949524 -0.250148
    outer loop
      vertex 15.9621 1.86707 112
      vertex 15.9687 1.04664 111.714
      vertex 15.866 2.0888 111.714
    endloop
  endfacet
  facet normal 0.794055 0.0254934 -0.607311
    outer loop
      vertex 16.3512 1.07171 13.1429
      vertex 15.4557 0.901637 11.9649
      vertex 15.4503 1.01266 11.9625
    endloop
  endfacet
  facet normal 0.794009 0.0260049 -0.60735
    outer loop
      vertex 15.4557 0.901637 11.9649
      vertex 16.3512 1.07171 13.1429
      vertex 16.3863 0 13.1429
    endloop
  endfacet
  facet normal 0.794011 0.0260115 -0.607346
    outer loop
      vertex 16.3863 0 13.1429
      vertex 15.5 0 11.9842
      vertex 15.4557 0.901637 11.9649
    endloop
  endfacet
  facet normal 0.906914 0.0296988 -0.420267
    outer loop
      vertex 16.9589 1.11155 14.4571
      vertex 16.9953 0 14.4571
      vertex 16.3512 1.07171 13.1429
    endloop
  endfacet
  facet normal 0.906915 0.0297027 -0.420264
    outer loop
      vertex 16.9953 0 14.4571
      vertex 16.3863 0 13.1429
      vertex 16.3512 1.07171 13.1429
    endloop
  endfacet
  facet normal 0.999415 0.0326569 0.0101971
    outer loop
      vertex 16.0029 0 111.714
      vertex 16.9589 1.11155 14.4571
      vertex 15.9687 1.04664 111.714
    endloop
  endfacet
  facet normal 0.999412 0.0327278 0.0101979
    outer loop
      vertex 16.9953 0 14.4571
      vertex 16.9589 1.11155 14.4571
      vertex 16.0029 0 111.714
    endloop
  endfacet
  facet normal 0.96775 0.0316524 -0.249916
    outer loop
      vertex 16.0424 1.05147 112
      vertex 16.05 0.819105 112
      vertex 15.9687 1.04664 111.714
    endloop
  endfacet
  facet normal 0.967715 0.0316623 -0.250049
    outer loop
      vertex 16.0029 0 111.714
      vertex 16.05 0.819105 112
      vertex 16.0768 0 112
    endloop
  endfacet
  facet normal 0.967745 0.031622 -0.249939
    outer loop
      vertex 16.05 0.819105 112
      vertex 16.0029 0 111.714
      vertex 15.9687 1.04664 111.714
    endloop
  endfacet
  facet normal 0.794018 -0.025687 -0.607351
    outer loop
      vertex 16.3863 0 13.1429
      vertex 15.4939 -0.124719 11.9815
      vertex 15.5 0 11.9842
    endloop
  endfacet
  facet normal 0.794028 -0.0260055 -0.607325
    outer loop
      vertex 15.4939 -0.124719 11.9815
      vertex 16.3863 0 13.1429
      vertex 16.3512 -1.07171 13.1429
    endloop
  endfacet
  facet normal 0.794033 -0.0259936 -0.607319
    outer loop
      vertex 15.4939 -0.124719 11.9815
      vertex 16.3512 -1.07171 13.1429
      vertex 15.4503 -1.01266 11.9625
    endloop
  endfacet
  facet normal 0.906916 -0.0296988 -0.420264
    outer loop
      vertex 16.9953 0 14.4571
      vertex 16.9589 -1.11155 14.4571
      vertex 16.3863 0 13.1429
    endloop
  endfacet
  facet normal 0.906914 -0.0297027 -0.420267
    outer loop
      vertex 16.3863 0 13.1429
      vertex 16.9589 -1.11155 14.4571
      vertex 16.3512 -1.07171 13.1429
    endloop
  endfacet
  facet normal 0.999415 -0.0326569 0.0101979
    outer loop
      vertex 16.9953 0 14.4571
      vertex 16.0029 0 111.714
      vertex 15.9687 -1.04664 111.714
    endloop
  endfacet
  facet normal 0.999412 -0.0327278 0.0101971
    outer loop
      vertex 16.9589 -1.11155 14.4571
      vertex 16.9953 0 14.4571
      vertex 15.9687 -1.04664 111.714
    endloop
  endfacet
  facet normal 0.967716 -0.0316507 -0.25005
    outer loop
      vertex 16.0768 0 112
      vertex 16.0692 -0.232369 112
      vertex 16.0029 0 111.714
    endloop
  endfacet
  facet normal 0.967722 -0.0316213 -0.250027
    outer loop
      vertex 16.0692 -0.232369 112
      vertex 15.9687 -1.04664 111.714
      vertex 16.0029 0 111.714
    endloop
  endfacet
  facet normal 0.96775 -0.0316636 -0.249916
    outer loop
      vertex 15.9687 -1.04664 111.714
      vertex 16.0692 -0.232369 112
      vertex 16.0424 -1.05147 112
    endloop
  endfacet
  facet normal 0.790605 -0.078191 -0.607314
    outer loop
      vertex 16.3512 -1.07171 13.1429
      vertex 15.4446 -1.12777 11.9699
      vertex 15.4503 -1.01266 11.9625
    endloop
  endfacet
  facet normal 0.790618 -0.0778667 -0.607339
    outer loop
      vertex 15.4446 -1.12777 11.9699
      vertex 16.3512 -1.07171 13.1429
      vertex 16.2461 -2.13884 13.1429
    endloop
  endfacet
  facet normal 0.790583 -0.07805 -0.60736
    outer loop
      vertex 15.4254 -1.51927 11.995
      vertex 16.2461 -2.13884 13.1429
      vertex 15.3509 -2.02099 11.9625
    endloop
  endfacet
  facet normal 0.790696 -0.0777101 -0.607257
    outer loop
      vertex 16.2461 -2.13884 13.1429
      vertex 15.4254 -1.51927 11.995
      vertex 15.4446 -1.12777 11.9699
    endloop
  endfacet
  facet normal 0.903032 -0.0889333 -0.420267
    outer loop
      vertex 16.9589 -1.11155 14.4571
      vertex 16.8499 -2.21834 14.4571
      vertex 16.3512 -1.07171 13.1429
    endloop
  endfacet
  facet normal 0.90303 -0.088938 -0.420271
    outer loop
      vertex 16.3512 -1.07171 13.1429
      vertex 16.8499 -2.21834 14.4571
      vertex 16.2461 -2.13884 13.1429
    endloop
  endfacet
  facet normal 0.995128 -0.0980652 0.0101971
    outer loop
      vertex 16.9589 -1.11155 14.4571
      vertex 15.9687 -1.04664 111.714
      vertex 15.866 -2.0888 111.714
    endloop
  endfacet
  facet normal 0.995134 -0.0980038 0.0101978
    outer loop
      vertex 16.8499 -2.21834 14.4571
      vertex 16.9589 -1.11155 14.4571
      vertex 15.866 -2.0888 111.714
    endloop
  endfacet
  facet normal 0.963601 -0.0949524 -0.249916
    outer loop
      vertex 16.0424 -1.05147 112
      vertex 16.0196 -1.28285 112
      vertex 15.9687 -1.04664 111.714
    endloop
  endfacet
  facet normal 0.963599 -0.0949582 -0.24992
    outer loop
      vertex 16.0196 -1.28285 112
      vertex 15.866 -2.0888 111.714
      vertex 15.9687 -1.04664 111.714
    endloop
  endfacet
  facet normal 0.963548 -0.0948662 -0.250152
    outer loop
      vertex 15.866 -2.0888 111.714
      vertex 16.0196 -1.28285 112
      vertex 15.9393 -2.09845 112
    endloop
  endfacet
  facet normal 0.783811 -0.129457 -0.607357
    outer loop
      vertex 16.2461 -2.13884 13.1429
      vertex 15.3346 -2.13094 11.9649
      vertex 15.3509 -2.02099 11.9625
    endloop
  endfacet
  facet normal 0.783813 -0.12943 -0.607359
    outer loop
      vertex 15.3346 -2.13094 11.9649
      vertex 16.2461 -2.13884 13.1429
      vertex 16.0714 -3.1968 13.1429
    endloop
  endfacet
  facet normal 0.78386 -0.12935 -0.607315
    outer loop
      vertex 16.0714 -3.1968 13.1429
      vertex 15.2022 -3.0239 11.9842
      vertex 15.3346 -2.13094 11.9649
    endloop
  endfacet
  facet normal 0.895287 -0.147762 -0.420272
    outer loop
      vertex 16.8499 -2.21834 14.4571
      vertex 16.6688 -3.31562 14.4571
      vertex 16.2461 -2.13884 13.1429
    endloop
  endfacet
  facet normal 0.895251 -0.147832 -0.420323
    outer loop
      vertex 16.2461 -2.13884 13.1429
      vertex 16.6688 -3.31562 14.4571
      vertex 16.0714 -3.1968 13.1429
    endloop
  endfacet
  facet normal 0.98659 -0.162902 0.0101978
    outer loop
      vertex 16.8499 -2.21834 14.4571
      vertex 15.866 -2.0888 111.714
      vertex 15.6954 -3.12201 111.714
    endloop
  endfacet
  facet normal 0.986601 -0.162833 0.0101986
    outer loop
      vertex 16.6688 -3.31562 14.4571
      vertex 16.8499 -2.21834 14.4571
      vertex 15.6954 -3.12201 111.714
    endloop
  endfacet
  facet normal 0.955255 -0.157835 -0.250151
    outer loop
      vertex 15.9393 -2.09845 112
      vertex 15.9014 -2.32783 112
      vertex 15.866 -2.0888 111.714
    endloop
  endfacet
  facet normal 0.955292 -0.157735 -0.250072
    outer loop
      vertex 15.9014 -2.32783 112
      vertex 15.6954 -3.12201 111.714
      vertex 15.866 -2.0888 111.714
    endloop
  endfacet
  facet normal 0.955284 -0.157718 -0.250113
    outer loop
      vertex 15.6954 -3.12201 111.714
      vertex 15.9014 -2.32783 112
      vertex 15.7679 -3.13643 112
    endloop
  endfacet
  facet normal 0.773657 -0.180628 -0.607313
    outer loop
      vertex 16.0714 -3.1968 13.1429
      vertex 15.1718 -3.14503 11.9815
      vertex 15.2022 -3.0239 11.9842
    endloop
  endfacet
  facet normal 0.773694 -0.180406 -0.607331
    outer loop
      vertex 15.1718 -3.14503 11.9815
      vertex 16.0714 -3.1968 13.1429
      vertex 15.8279 -4.24108 13.1429
    endloop
  endfacet
  facet normal 0.773693 -0.180408 -0.607332
    outer loop
      vertex 15.1718 -3.14503 11.9815
      vertex 15.8279 -4.24108 13.1429
      vertex 14.9558 -4.0074 11.9625
    endloop
  endfacet
  facet normal 0.883662 -0.206087 -0.420322
    outer loop
      vertex 16.6688 -3.31562 14.4571
      vertex 16.4162 -4.39872 14.4571
      vertex 16.0714 -3.1968 13.1429
    endloop
  endfacet
  facet normal 0.883682 -0.206053 -0.420295
    outer loop
      vertex 16.0714 -3.1968 13.1429
      vertex 16.4162 -4.39872 14.4571
      vertex 15.8279 -4.24108 13.1429
    endloop
  endfacet
  facet normal 0.973825 -0.227068 0.0101986
    outer loop
      vertex 16.6688 -3.31562 14.4571
      vertex 15.6954 -3.12201 111.714
      vertex 15.4576 -4.14186 111.714
    endloop
  endfacet
  facet normal 0.973815 -0.227113 0.0101981
    outer loop
      vertex 16.4162 -4.39872 14.4571
      vertex 16.6688 -3.31562 14.4571
      vertex 15.4576 -4.14186 111.714
    endloop
  endfacet
  facet normal 0.942918 -0.219884 -0.250113
    outer loop
      vertex 15.7679 -3.13643 112
      vertex 15.7151 -3.36285 112
      vertex 15.6954 -3.12201 111.714
    endloop
  endfacet
  facet normal 0.942927 -0.219864 -0.250097
    outer loop
      vertex 15.7151 -3.36285 112
      vertex 15.4576 -4.14186 111.714
      vertex 15.6954 -3.12201 111.714
    endloop
  endfacet
  facet normal 0.942927 -0.219862 -0.2501
    outer loop
      vertex 15.4576 -4.14186 111.714
      vertex 15.7151 -3.36285 112
      vertex 15.529 -4.16098 112
    endloop
  endfacet
  facet normal 0.760244 -0.2306 -0.607333
    outer loop
      vertex 15.8279 -4.24108 13.1429
      vertex 14.9278 -4.1192 11.9699
      vertex 14.9558 -4.0074 11.9625
    endloop
  endfacet
  facet normal 0.760235 -0.230639 -0.607329
    outer loop
      vertex 14.9278 -4.1192 11.9699
      vertex 15.8279 -4.24108 13.1429
      vertex 15.5166 -5.26719 13.1429
    endloop
  endfacet
  facet normal 0.760224 -0.230719 -0.607313
    outer loop
      vertex 14.8326 -4.49941 11.995
      vertex 15.5166 -5.26719 13.1429
      vertex 14.6617 -4.97698 11.9625
    endloop
  endfacet
  facet normal 0.760363 -0.230473 -0.607231
    outer loop
      vertex 15.5166 -5.26719 13.1429
      vertex 14.8326 -4.49941 11.995
      vertex 14.9278 -4.1192 11.9699
    endloop
  endfacet
  facet normal 0.868324 -0.263373 -0.420296
    outer loop
      vertex 16.4162 -4.39872 14.4571
      vertex 16.0934 -5.46297 14.4571
      vertex 15.8279 -4.24108 13.1429
    endloop
  endfacet
  facet normal 0.868291 -0.263421 -0.420334
    outer loop
      vertex 15.8279 -4.24108 13.1429
      vertex 16.0934 -5.46297 14.4571
      vertex 15.5166 -5.26719 13.1429
    endloop
  endfacet
  facet normal 0.956887 -0.290281 0.0101981
    outer loop
      vertex 16.4162 -4.39872 14.4571
      vertex 15.4576 -4.14186 111.714
      vertex 15.1536 -5.14397 111.714
    endloop
  endfacet
  facet normal 0.9569 -0.290239 0.0101986
    outer loop
      vertex 16.0934 -5.46297 14.4571
      vertex 16.4162 -4.39872 14.4571
      vertex 15.1536 -5.14397 111.714
    endloop
  endfacet
  facet normal 0.92652 -0.281092 -0.250098
    outer loop
      vertex 15.529 -4.16098 112
      vertex 15.4615 -4.38347 112
      vertex 15.4576 -4.14186 111.714
    endloop
  endfacet
  facet normal 0.92653 -0.281072 -0.250081
    outer loop
      vertex 15.4615 -4.38347 112
      vertex 15.1536 -5.14397 111.714
      vertex 15.4576 -4.14186 111.714
    endloop
  endfacet
  facet normal 0.926526 -0.281059 -0.250112
    outer loop
      vertex 15.1536 -5.14397 111.714
      vertex 15.4615 -4.38347 112
      vertex 15.2236 -5.16772 112
    endloop
  endfacet
  facet normal 0.743614 -0.279655 -0.607315
    outer loop
      vertex 15.5166 -5.26719 13.1429
      vertex 14.6243 -5.08164 11.9649
      vertex 14.6617 -4.97698 11.9625
    endloop
  endfacet
  facet normal 0.743555 -0.279844 -0.6073
    outer loop
      vertex 14.6243 -5.08164 11.9649
      vertex 15.5166 -5.26719 13.1429
      vertex 15.1389 -6.27075 13.1429
    endloop
  endfacet
  facet normal 0.74351 -0.279895 -0.607332
    outer loop
      vertex 14.3201 -5.93159 11.9842
      vertex 14.6243 -5.08164 11.9649
      vertex 15.1389 -6.27075 13.1429
    endloop
  endfacet
  facet normal 0.8492 -0.319656 -0.420332
    outer loop
      vertex 16.0934 -5.46297 14.4571
      vertex 15.7016 -6.50383 14.4571
      vertex 15.5166 -5.26719 13.1429
    endloop
  endfacet
  facet normal 0.849231 -0.319617 -0.4203
    outer loop
      vertex 15.5166 -5.26719 13.1429
      vertex 15.7016 -6.50383 14.4571
      vertex 15.1389 -6.27075 13.1429
    endloop
  endfacet
  facet normal 0.935881 -0.352168 0.0101986
    outer loop
      vertex 16.0934 -5.46297 14.4571
      vertex 15.1536 -5.14397 111.714
      vertex 14.7848 -6.12405 111.714
    endloop
  endfacet
  facet normal 0.935843 -0.35227 0.0101974
    outer loop
      vertex 15.7016 -6.50383 14.4571
      vertex 16.0934 -5.46297 14.4571
      vertex 14.7848 -6.12405 111.714
    endloop
  endfacet
  facet normal 0.906154 -0.341073 -0.250109
    outer loop
      vertex 15.1536 -5.14397 111.714
      vertex 15.2236 -5.16772 112
      vertex 15.1417 -5.38531 112
    endloop
  endfacet
  facet normal 0.906199 -0.340999 -0.250045
    outer loop
      vertex 15.1417 -5.38531 112
      vertex 14.7848 -6.12405 111.714
      vertex 15.1536 -5.14397 111.714
    endloop
  endfacet
  facet normal 0.906223 -0.341095 -0.249827
    outer loop
      vertex 14.7848 -6.12405 111.714
      vertex 15.1417 -5.38531 112
      vertex 14.853 -6.15233 112
    endloop
  endfacet
  facet normal 0.723661 -0.327815 -0.607332
    outer loop
      vertex 15.1389 -6.27075 13.1429
      vertex 14.2667 -6.04447 11.9815
      vertex 14.3201 -5.93159 11.9842
    endloop
  endfacet
  facet normal 0.723648 -0.32785 -0.607329
    outer loop
      vertex 14.2667 -6.04447 11.9815
      vertex 15.1389 -6.27075 13.1429
      vertex 14.6964 -7.24746 13.1429
    endloop
  endfacet
  facet normal 0.723615 -0.327883 -0.607351
    outer loop
      vertex 14.2667 -6.04447 11.9815
      vertex 14.6964 -7.24746 13.1429
      vertex 13.8866 -6.84813 11.9625
    endloop
  endfacet
  facet normal 0.826501 -0.374492 -0.4203
    outer loop
      vertex 15.7016 -6.50383 14.4571
      vertex 15.2426 -7.51684 14.4571
      vertex 15.1389 -6.27075 13.1429
    endloop
  endfacet
  facet normal 0.826529 -0.37446 -0.420273
    outer loop
      vertex 15.1389 -6.27075 13.1429
      vertex 15.2426 -7.51684 14.4571
      vertex 14.6964 -7.24746 13.1429
    endloop
  endfacet
  facet normal 0.910812 -0.412695 0.0101974
    outer loop
      vertex 15.7016 -6.50383 14.4571
      vertex 14.7848 -6.12405 111.714
      vertex 14.3526 -7.07791 111.714
    endloop
  endfacet
  facet normal 0.910813 -0.412694 0.0101974
    outer loop
      vertex 15.2426 -7.51684 14.4571
      vertex 15.7016 -6.50383 14.4571
      vertex 14.3526 -7.07791 111.714
    endloop
  endfacet
  facet normal 0.88206 -0.399441 -0.249835
    outer loop
      vertex 14.7848 -6.12405 111.714
      vertex 14.853 -6.15233 112
      vertex 14.7571 -6.3641 112
    endloop
  endfacet
  facet normal 0.881938 -0.399612 -0.24999
    outer loop
      vertex 14.7571 -6.3641 112
      vertex 14.3526 -7.07791 111.714
      vertex 14.7848 -6.12405 111.714
    endloop
  endfacet
  facet normal 0.881929 -0.399561 -0.250103
    outer loop
      vertex 14.3526 -7.07791 111.714
      vertex 14.7571 -6.3641 112
      vertex 14.4189 -7.11059 112
    endloop
  endfacet
  facet normal 0.700841 -0.374084 -0.607357
    outer loop
      vertex 14.6964 -7.24746 13.1429
      vertex 13.8374 -6.95232 11.9699
      vertex 13.8866 -6.84813 11.9625
    endloop
  endfacet
  facet normal 0.70064 -0.374521 -0.60732
    outer loop
      vertex 13.8374 -6.95232 11.9699
      vertex 14.6964 -7.24746 13.1429
      vertex 14.1909 -8.19313 13.1429
    endloop
  endfacet
  facet normal 0.700582 -0.374609 -0.607332
    outer loop
      vertex 13.6698 -7.30665 11.995
      vertex 14.1909 -8.19313 13.1429
      vertex 13.409 -7.7417 11.9625
    endloop
  endfacet
  facet normal 0.700712 -0.374459 -0.607275
    outer loop
      vertex 14.1909 -8.19313 13.1429
      vertex 13.6698 -7.30665 11.995
      vertex 13.8374 -6.95232 11.9699
    endloop
  endfacet
  facet normal 0.800275 -0.427703 -0.420274
    outer loop
      vertex 15.2426 -7.51684 14.4571
      vertex 14.7184 -8.49767 14.4571
      vertex 14.6964 -7.24746 13.1429
    endloop
  endfacet
  facet normal 0.800224 -0.427753 -0.420321
    outer loop
      vertex 14.6964 -7.24746 13.1429
      vertex 14.7184 -8.49767 14.4571
      vertex 14.1909 -8.19313 13.1429
    endloop
  endfacet
  facet normal 0.881855 -0.471411 0.0101974
    outer loop
      vertex 15.2426 -7.51684 14.4571
      vertex 14.3526 -7.07791 111.714
      vertex 13.8589 -8.00146 111.714
    endloop
  endfacet
  facet normal 0.8819 -0.471327 0.0101985
    outer loop
      vertex 14.7184 -8.49767 14.4571
      vertex 15.2426 -7.51684 14.4571
      vertex 13.8589 -8.00146 111.714
    endloop
  endfacet
  facet normal 0.853887 -0.456428 -0.250101
    outer loop
      vertex 14.3526 -7.07791 111.714
      vertex 14.4189 -7.11059 112
      vertex 14.3093 -7.31563 112
    endloop
  endfacet
  facet normal 0.853869 -0.456451 -0.250122
    outer loop
      vertex 14.3093 -7.31563 112
      vertex 13.8589 -8.00146 111.714
      vertex 14.3526 -7.07791 111.714
    endloop
  endfacet
  facet normal 0.853872 -0.456482 -0.250052
    outer loop
      vertex 13.8589 -8.00146 111.714
      vertex 14.3093 -7.31563 112
      vertex 13.9229 -8.03841 112
    endloop
  endfacet
  facet normal 0.674729 -0.41939 -0.607333
    outer loop
      vertex 14.1909 -8.19313 13.1429
      vertex 13.3519 -7.83704 11.9649
      vertex 13.409 -7.7417 11.9625
    endloop
  endfacet
  facet normal 0.674667 -0.419504 -0.607323
    outer loop
      vertex 13.3519 -7.83704 11.9649
      vertex 14.1909 -8.19313 13.1429
      vertex 13.6247 -9.10372 13.1429
    endloop
  endfacet
  facet normal 0.674655 -0.419513 -0.60733
    outer loop
      vertex 13.3519 -7.83704 11.9649
      vertex 13.6247 -9.10372 13.1429
      vertex 12.8878 -8.61134 11.9842
    endloop
  endfacet
  facet normal 0.77054 -0.479165 -0.42032
    outer loop
      vertex 14.1909 -8.19313 13.1429
      vertex 14.7184 -8.49767 14.4571
      vertex 14.1311 -9.4421 14.4571
    endloop
  endfacet
  facet normal 0.770572 -0.479138 -0.420292
    outer loop
      vertex 14.1909 -8.19313 13.1429
      vertex 14.1311 -9.4421 14.4571
      vertex 13.6247 -9.10372 13.1429
    endloop
  endfacet
  facet normal 0.849154 -0.528047 0.0101985
    outer loop
      vertex 14.7184 -8.49767 14.4571
      vertex 13.8589 -8.00146 111.714
      vertex 13.3059 -8.89074 111.714
    endloop
  endfacet
  facet normal 0.849152 -0.528051 0.0101984
    outer loop
      vertex 14.1311 -9.4421 14.4571
      vertex 14.7184 -8.49767 14.4571
      vertex 13.3059 -8.89074 111.714
    endloop
  endfacet
  facet normal 0.822355 -0.511082 -0.250053
    outer loop
      vertex 13.8589 -8.00146 111.714
      vertex 13.9229 -8.03841 112
      vertex 13.8002 -8.23584 112
    endloop
  endfacet
  facet normal 0.822178 -0.511273 -0.250246
    outer loop
      vertex 13.8002 -8.23584 112
      vertex 13.3059 -8.89074 111.714
      vertex 13.8589 -8.00146 111.714
    endloop
  endfacet
  facet normal 0.822179 -0.511293 -0.250202
    outer loop
      vertex 13.3059 -8.89074 111.714
      vertex 13.8002 -8.23584 112
      vertex 13.3674 -8.9318 112
    endloop
  endfacet
  facet normal 0.645784 -0.462723 -0.60733
    outer loop
      vertex 13.6247 -9.10372 13.1429
      vertex 12.8134 -8.71163 11.9815
      vertex 12.8878 -8.61134 11.9842
    endloop
  endfacet
  facet normal 0.645761 -0.462761 -0.607327
    outer loop
      vertex 12.8134 -8.71163 11.9815
      vertex 13.6247 -9.10372 13.1429
      vertex 13.0001 -9.97532 13.1429
    endloop
  endfacet
  facet normal 0.645749 -0.462769 -0.607334
    outer loop
      vertex 12.8134 -8.71163 11.9815
      vertex 13.0001 -9.97532 13.1429
      vertex 12.2838 -9.4257 11.9625
    endloop
  endfacet
  facet normal 0.737567 -0.528535 -0.420293
    outer loop
      vertex 13.6247 -9.10372 13.1429
      vertex 14.1311 -9.4421 14.4571
      vertex 13.4833 -10.3461 14.4571
    endloop
  endfacet
  facet normal 0.737556 -0.528543 -0.420302
    outer loop
      vertex 13.6247 -9.10372 13.1429
      vertex 13.4833 -10.3461 14.4571
      vertex 13.0001 -9.97532 13.1429
    endloop
  endfacet
  facet normal 0.812839 -0.5824 0.0101984
    outer loop
      vertex 14.1311 -9.4421 14.4571
      vertex 13.3059 -8.89074 111.714
      vertex 12.696 -9.74196 111.714
    endloop
  endfacet
  facet normal 0.812803 -0.582449 0.0101977
    outer loop
      vertex 13.4833 -10.3461 14.4571
      vertex 14.1311 -9.4421 14.4571
      vertex 12.696 -9.74196 111.714
    endloop
  endfacet
  facet normal 0.787036 -0.563894 -0.250196
    outer loop
      vertex 13.3059 -8.89074 111.714
      vertex 13.3674 -8.9318 112
      vertex 13.232 -9.12078 112
    endloop
  endfacet
  facet normal 0.787025 -0.563904 -0.250208
    outer loop
      vertex 13.232 -9.12078 112
      vertex 12.696 -9.74196 111.714
      vertex 13.3059 -8.89074 111.714
    endloop
  endfacet
  facet normal 0.787023 -0.564016 -0.249961
    outer loop
      vertex 12.696 -9.74196 111.714
      vertex 13.232 -9.12078 112
      vertex 12.7546 -9.78694 112
    endloop
  endfacet
  facet normal 0.614289 -0.503776 -0.607337
    outer loop
      vertex 13.0001 -9.97532 13.1429
      vertex 12.2152 -9.51827 11.9699
      vertex 12.2838 -9.4257 11.9625
    endloop
  endfacet
  facet normal 0.614108 -0.504026 -0.607313
    outer loop
      vertex 12.2152 -9.51827 11.9699
      vertex 13.0001 -9.97532 13.1429
      vertex 12.3198 -10.8042 13.1429
    endloop
  endfacet
  facet normal 0.614003 -0.504131 -0.607332
    outer loop
      vertex 11.9817 -9.8331 11.995
      vertex 12.3198 -10.8042 13.1429
      vertex 11.641 -10.2089 11.9625
    endloop
  endfacet
  facet normal 0.61422 -0.503962 -0.607253
    outer loop
      vertex 12.3198 -10.8042 13.1429
      vertex 11.9817 -9.8331 11.995
      vertex 12.2152 -9.51827 11.9699
    endloop
  endfacet
  facet normal 0.701433 -0.57562 -0.420302
    outer loop
      vertex 13.0001 -9.97532 13.1429
      vertex 13.4833 -10.3461 14.4571
      vertex 12.7778 -11.2058 14.4571
    endloop
  endfacet
  facet normal 0.70138 -0.575655 -0.420343
    outer loop
      vertex 13.0001 -9.97532 13.1429
      vertex 12.7778 -11.2058 14.4571
      vertex 12.3198 -10.8042 13.1429
    endloop
  endfacet
  facet normal 0.772957 -0.634376 0.0101977
    outer loop
      vertex 13.4833 -10.3461 14.4571
      vertex 12.696 -9.74196 111.714
      vertex 12.0316 -10.5515 111.714
    endloop
  endfacet
  facet normal 0.772987 -0.63434 0.0101983
    outer loop
      vertex 12.7778 -11.2058 14.4571
      vertex 13.4833 -10.3461 14.4571
      vertex 12.0316 -10.5515 111.714
    endloop
  endfacet
  facet normal 0.748456 -0.614274 -0.249963
    outer loop
      vertex 12.696 -9.74196 111.714
      vertex 12.7546 -9.78694 112
      vertex 12.6071 -9.96666 112
    endloop
  endfacet
  facet normal 0.74846 -0.614271 -0.24996
    outer loop
      vertex 12.6071 -9.96666 112
      vertex 12.0316 -10.5515 111.714
      vertex 12.696 -9.74196 111.714
    endloop
  endfacet
  facet normal 0.748465 -0.61421 -0.250093
    outer loop
      vertex 12.0316 -10.5515 111.714
      vertex 12.6071 -9.96666 112
      vertex 12.0872 -10.6002 112
    endloop
  endfacet
  facet normal 0.579846 -0.543096 -0.607309
    outer loop
      vertex 11.5664 -10.2913 11.9649
      vertex 12.3198 -10.8042 13.1429
      vertex 11.5868 -11.5868 13.1429
    endloop
  endfacet
  facet normal 0.58006 -0.54284 -0.607334
    outer loop
      vertex 12.3198 -10.8042 13.1429
      vertex 11.5664 -10.2913 11.9649
      vertex 11.641 -10.2089 11.9625
    endloop
  endfacet
  facet normal 0.579904 -0.543068 -0.607279
    outer loop
      vertex 11.5664 -10.2913 11.9649
      vertex 11.5868 -11.5868 13.1429
      vertex 10.9602 -10.9602 11.9842
    endloop
  endfacet
  facet normal 0.66223 -0.620295 -0.420341
    outer loop
      vertex 12.3198 -10.8042 13.1429
      vertex 12.7778 -11.2058 14.4571
      vertex 12.0175 -12.0175 14.4571
    endloop
  endfacet
  facet normal 0.662254 -0.620281 -0.420323
    outer loop
      vertex 12.3198 -10.8042 13.1429
      vertex 12.0175 -12.0175 14.4571
      vertex 11.5868 -11.5868 13.1429
    endloop
  endfacet
  facet normal 0.729848 -0.683534 0.0101982
    outer loop
      vertex 12.7778 -11.2058 14.4571
      vertex 12.0316 -10.5515 111.714
      vertex 11.3158 -11.3158 111.714
    endloop
  endfacet
  facet normal 0.729799 -0.683585 0.0101974
    outer loop
      vertex 12.0175 -12.0175 14.4571
      vertex 12.7778 -11.2058 14.4571
      vertex 11.3158 -11.3158 111.714
    endloop
  endfacet
  facet normal 0.706758 -0.661779 -0.250085
    outer loop
      vertex 12.0316 -10.5515 111.714
      vertex 12.0872 -10.6002 112
      vertex 11.9283 -10.7699 112
    endloop
  endfacet
  facet normal 0.706679 -0.661835 -0.250157
    outer loop
      vertex 11.9283 -10.7699 112
      vertex 11.3158 -11.3158 111.714
      vertex 12.0316 -10.5515 111.714
    endloop
  endfacet
  facet normal 0.706655 -0.661995 -0.249803
    outer loop
      vertex 11.3158 -11.3158 111.714
      vertex 11.9283 -10.7699 112
      vertex 11.368 -11.368 112
    endloop
  endfacet
  facet normal 0.542765 -0.580195 -0.607273
    outer loop
      vertex 11.5868 -11.5868 13.1429
      vertex 10.8676 -11.044 11.9815
      vertex 10.9602 -10.9602 11.9842
    endloop
  endfacet
  facet normal 0.543095 -0.579844 -0.607313
    outer loop
      vertex 10.8676 -11.044 11.9815
      vertex 11.5868 -11.5868 13.1429
      vertex 10.8042 -12.3198 13.1429
    endloop
  endfacet
  facet normal 0.543061 -0.579858 -0.60733
    outer loop
      vertex 10.8676 -11.044 11.9815
      vertex 10.8042 -12.3198 13.1429
      vertex 10.2089 -11.641 11.9625
    endloop
  endfacet
  facet normal 0.6203 -0.662236 -0.420323
    outer loop
      vertex 11.5868 -11.5868 13.1429
      vertex 12.0175 -12.0175 14.4571
      vertex 11.2058 -12.7778 14.4571
    endloop
  endfacet
  facet normal 0.620275 -0.662248 -0.420341
    outer loop
      vertex 11.5868 -11.5868 13.1429
      vertex 11.2058 -12.7778 14.4571
      vertex 10.8042 -12.3198 13.1429
    endloop
  endfacet
  facet normal 0.683534 -0.729848 0.0101974
    outer loop
      vertex 12.0175 -12.0175 14.4571
      vertex 11.3158 -11.3158 111.714
      vertex 10.5515 -12.0316 111.714
    endloop
  endfacet
  facet normal 0.683585 -0.729799 0.0101982
    outer loop
      vertex 11.2058 -12.7778 14.4571
      vertex 12.0175 -12.0175 14.4571
      vertex 10.5515 -12.0316 111.714
    endloop
  endfacet
  facet normal 0.66205 -0.706603 -0.249803
    outer loop
      vertex 11.3158 -11.3158 111.714
      vertex 11.368 -11.368 112
      vertex 11.1983 -11.527 112
    endloop
  endfacet
  facet normal 0.661882 -0.706661 -0.250084
    outer loop
      vertex 10.5515 -12.0316 111.714
      vertex 11.1983 -11.527 112
      vertex 10.6002 -12.0872 112
    endloop
  endfacet
  facet normal 0.66187 -0.706716 -0.24996
    outer loop
      vertex 11.1983 -11.527 112
      vertex 10.5515 -12.0316 111.714
      vertex 11.3158 -11.3158 111.714
    endloop
  endfacet
  facet normal 0.503959 -0.614115 -0.607362
    outer loop
      vertex 10.2089 -11.641 11.9625
      vertex 9.97532 -13.0001 13.1429
      vertex 10.1235 -11.7184 11.9699
    endloop
  endfacet
  facet normal 0.504018 -0.614098 -0.60733
    outer loop
      vertex 9.97532 -13.0001 13.1429
      vertex 10.2089 -11.641 11.9625
      vertex 10.8042 -12.3198 13.1429
    endloop
  endfacet
  facet normal 0.503894 -0.614195 -0.607335
    outer loop
      vertex 9.97532 -13.0001 13.1429
      vertex 9.4257 -12.2838 11.9625
      vertex 9.8331 -11.9817 11.995
    endloop
  endfacet
  facet normal 0.504238 -0.614022 -0.607224
    outer loop
      vertex 9.97532 -13.0001 13.1429
      vertex 9.8331 -11.9817 11.995
      vertex 10.1235 -11.7184 11.9699
    endloop
  endfacet
  facet normal 0.575608 -0.701418 -0.420342
    outer loop
      vertex 10.8042 -12.3198 13.1429
      vertex 11.2058 -12.7778 14.4571
      vertex 10.3461 -13.4833 14.4571
    endloop
  endfacet
  facet normal 0.575667 -0.701395 -0.420301
    outer loop
      vertex 10.8042 -12.3198 13.1429
      vertex 10.3461 -13.4833 14.4571
      vertex 9.97532 -13.0001 13.1429
    endloop
  endfacet
  facet normal 0.634376 -0.772957 0.0101983
    outer loop
      vertex 11.2058 -12.7778 14.4571
      vertex 10.5515 -12.0316 111.714
      vertex 9.74196 -12.696 111.714
    endloop
  endfacet
  facet normal 0.63434 -0.772987 0.0101978
    outer loop
      vertex 10.3461 -13.4833 14.4571
      vertex 11.2058 -12.7778 14.4571
      vertex 9.74196 -12.696 111.714
    endloop
  endfacet
  facet normal 0.614293 -0.748396 -0.250094
    outer loop
      vertex 10.5515 -12.0316 111.714
      vertex 10.6002 -12.0872 112
      vertex 10.4205 -12.2347 112
    endloop
  endfacet
  facet normal 0.61422 -0.7485 -0.249964
    outer loop
      vertex 9.74196 -12.696 111.714
      vertex 10.4205 -12.2347 112
      vertex 9.78694 -12.7546 112
    endloop
  endfacet
  facet normal 0.614241 -0.748424 -0.250137
    outer loop
      vertex 10.4205 -12.2347 112
      vertex 9.74196 -12.696 111.714
      vertex 10.5515 -12.0316 111.714
    endloop
  endfacet
  facet normal 0.462484 -0.645817 -0.607477
    outer loop
      vertex 9.4257 -12.2838 11.9625
      vertex 9.10372 -13.6247 13.1429
      vertex 9.33641 -12.35 11.9649
    endloop
  endfacet
  facet normal 0.462758 -0.645757 -0.607333
    outer loop
      vertex 9.10372 -13.6247 13.1429
      vertex 9.4257 -12.2838 11.9625
      vertex 9.97532 -13.0001 13.1429
    endloop
  endfacet
  facet normal 0.462791 -0.645737 -0.607329
    outer loop
      vertex 8.61134 -12.8878 11.9842
      vertex 9.33641 -12.35 11.9649
      vertex 9.10372 -13.6247 13.1429
    endloop
  endfacet
  facet normal 0.528533 -0.737563 -0.420301
    outer loop
      vertex 9.97532 -13.0001 13.1429
      vertex 10.3461 -13.4833 14.4571
      vertex 9.4421 -14.1311 14.4571
    endloop
  endfacet
  facet normal 0.528545 -0.73756 -0.420293
    outer loop
      vertex 9.97532 -13.0001 13.1429
      vertex 9.4421 -14.1311 14.4571
      vertex 9.10372 -13.6247 13.1429
    endloop
  endfacet
  facet normal 0.5824 -0.812839 0.0101977
    outer loop
      vertex 10.3461 -13.4833 14.4571
      vertex 9.74196 -12.696 111.714
      vertex 8.89074 -13.3059 111.714
    endloop
  endfacet
  facet normal 0.582449 -0.812803 0.0101984
    outer loop
      vertex 9.4421 -14.1311 14.4571
      vertex 10.3461 -13.4833 14.4571
      vertex 8.89074 -13.3059 111.714
    endloop
  endfacet
  facet normal 0.563929 -0.787085 -0.249961
    outer loop
      vertex 9.74196 -12.696 111.714
      vertex 9.78694 -12.7546 112
      vertex 9.59796 -12.89 112
    endloop
  endfacet
  facet normal 0.563981 -0.786974 -0.250196
    outer loop
      vertex 8.89074 -13.3059 111.714
      vertex 9.59796 -12.89 112
      vertex 8.9318 -13.3674 112
    endloop
  endfacet
  facet normal 0.563943 -0.787079 -0.24995
    outer loop
      vertex 9.59796 -12.89 112
      vertex 8.89074 -13.3059 111.714
      vertex 9.74196 -12.696 111.714
    endloop
  endfacet
  facet normal 0.419501 -0.674662 -0.60733
    outer loop
      vertex 8.19313 -14.1909 13.1429
      vertex 8.61134 -12.8878 11.9842
      vertex 9.10372 -13.6247 13.1429
    endloop
  endfacet
  facet normal 0.419674 -0.674637 -0.607239
    outer loop
      vertex 8.61134 -12.8878 11.9842
      vertex 8.19313 -14.1909 13.1429
      vertex 8.50423 -12.952 11.9815
    endloop
  endfacet
  facet normal 0.419479 -0.674675 -0.607331
    outer loop
      vertex 8.50423 -12.952 11.9815
      vertex 8.19313 -14.1909 13.1429
      vertex 7.7417 -13.409 11.9625
    endloop
  endfacet
  facet normal 0.479172 -0.770551 -0.420293
    outer loop
      vertex 9.10372 -13.6247 13.1429
      vertex 9.4421 -14.1311 14.4571
      vertex 8.49767 -14.7184 14.4571
    endloop
  endfacet
  facet normal 0.479131 -0.770561 -0.420321
    outer loop
      vertex 9.10372 -13.6247 13.1429
      vertex 8.49767 -14.7184 14.4571
      vertex 8.19313 -14.1909 13.1429
    endloop
  endfacet
  facet normal 0.528047 -0.849154 0.0101984
    outer loop
      vertex 9.4421 -14.1311 14.4571
      vertex 8.89074 -13.3059 111.714
      vertex 8.00146 -13.8589 111.714
    endloop
  endfacet
  facet normal 0.528051 -0.849152 0.0101985
    outer loop
      vertex 8.49767 -14.7184 14.4571
      vertex 9.4421 -14.1311 14.4571
      vertex 8.00146 -13.8589 111.714
    endloop
  endfacet
  facet normal 0.511362 -0.822136 -0.250202
    outer loop
      vertex 8.89074 -13.3059 111.714
      vertex 8.9318 -13.3674 112
      vertex 8.73437 -13.4902 112
    endloop
  endfacet
  facet normal 0.511228 -0.822265 -0.250052
    outer loop
      vertex 8.00146 -13.8589 111.714
      vertex 8.73437 -13.4902 112
      vertex 8.03841 -13.9229 112
    endloop
  endfacet
  facet normal 0.511269 -0.822172 -0.250277
    outer loop
      vertex 8.73437 -13.4902 112
      vertex 8.00146 -13.8589 111.714
      vertex 8.89074 -13.3059 111.714
    endloop
  endfacet
  facet normal 0.374524 -0.700644 -0.607313
    outer loop
      vertex 7.64285 -13.4683 11.9699
      vertex 8.19313 -14.1909 13.1429
      vertex 7.24746 -14.6964 13.1429
    endloop
  endfacet
  facet normal 0.374762 -0.700498 -0.607335
    outer loop
      vertex 8.19313 -14.1909 13.1429
      vertex 7.64285 -13.4683 11.9699
      vertex 7.7417 -13.409 11.9625
    endloop
  endfacet
  facet normal 0.374358 -0.700699 -0.607352
    outer loop
      vertex 7.24746 -14.6964 13.1429
      vertex 6.84813 -13.8866 11.9625
      vertex 7.30665 -13.6698 11.995
    endloop
  endfacet
  facet normal 0.374585 -0.700637 -0.607285
    outer loop
      vertex 7.24746 -14.6964 13.1429
      vertex 7.30665 -13.6698 11.995
      vertex 7.64285 -13.4683 11.9699
    endloop
  endfacet
  facet normal 0.427693 -0.800256 -0.42032
    outer loop
      vertex 8.19313 -14.1909 13.1429
      vertex 8.49767 -14.7184 14.4571
      vertex 7.51684 -15.2426 14.4571
    endloop
  endfacet
  facet normal 0.427763 -0.800243 -0.420274
    outer loop
      vertex 8.19313 -14.1909 13.1429
      vertex 7.51684 -15.2426 14.4571
      vertex 7.24746 -14.6964 13.1429
    endloop
  endfacet
  facet normal 0.471411 -0.881855 0.0101985
    outer loop
      vertex 8.49767 -14.7184 14.4571
      vertex 8.00146 -13.8589 111.714
      vertex 7.07791 -14.3526 111.714
    endloop
  endfacet
  facet normal 0.471327 -0.8819 0.0101974
    outer loop
      vertex 7.51684 -15.2426 14.4571
      vertex 8.49767 -14.7184 14.4571
      vertex 7.07791 -14.3526 111.714
    endloop
  endfacet
  facet normal 0.456434 -0.853898 -0.250051
    outer loop
      vertex 8.00146 -13.8589 111.714
      vertex 8.03841 -13.9229 112
      vertex 7.83337 -14.0325 112
    endloop
  endfacet
  facet normal 0.456476 -0.853861 -0.2501
    outer loop
      vertex 7.07791 -14.3526 111.714
      vertex 7.83337 -14.0325 112
      vertex 7.11059 -14.4189 112
    endloop
  endfacet
  facet normal 0.456462 -0.85389 -0.25003
    outer loop
      vertex 7.83337 -14.0325 112
      vertex 7.07791 -14.3526 111.714
      vertex 8.00146 -13.8589 111.714
    endloop
  endfacet
  facet normal 0.327851 -0.72365 -0.607325
    outer loop
      vertex 6.74765 -13.9342 11.9649
      vertex 7.24746 -14.6964 13.1429
      vertex 6.27075 -15.1389 13.1429
    endloop
  endfacet
  facet normal 0.328215 -0.723459 -0.607356
    outer loop
      vertex 7.24746 -14.6964 13.1429
      vertex 6.74765 -13.9342 11.9649
      vertex 6.84813 -13.8866 11.9625
    endloop
  endfacet
  facet normal 0.327838 -0.723651 -0.607331
    outer loop
      vertex 6.74765 -13.9342 11.9649
      vertex 6.27075 -15.1389 13.1429
      vertex 5.93159 -14.3201 11.9842
    endloop
  endfacet
  facet normal 0.374497 -0.826512 -0.420273
    outer loop
      vertex 7.24746 -14.6964 13.1429
      vertex 7.51684 -15.2426 14.4571
      vertex 6.50383 -15.7016 14.4571
    endloop
  endfacet
  facet normal 0.374455 -0.826517 -0.420301
    outer loop
      vertex 7.24746 -14.6964 13.1429
      vertex 6.50383 -15.7016 14.4571
      vertex 6.27075 -15.1389 13.1429
    endloop
  endfacet
  facet normal 0.412695 -0.910812 0.0101974
    outer loop
      vertex 7.51684 -15.2426 14.4571
      vertex 7.07791 -14.3526 111.714
      vertex 6.12405 -14.7848 111.714
    endloop
  endfacet
  facet normal 0.412694 -0.910813 0.0101974
    outer loop
      vertex 6.50383 -15.7016 14.4571
      vertex 7.51684 -15.2426 14.4571
      vertex 6.12405 -14.7848 111.714
    endloop
  endfacet
  facet normal 0.399412 -0.881997 -0.250102
    outer loop
      vertex 7.07791 -14.3526 111.714
      vertex 7.11059 -14.4189 112
      vertex 6.89882 -14.5148 112
    endloop
  endfacet
  facet normal 0.39959 -0.881993 -0.249833
    outer loop
      vertex 6.12405 -14.7848 111.714
      vertex 6.89882 -14.5148 112
      vertex 6.15233 -14.853 112
    endloop
  endfacet
  facet normal 0.399616 -0.881949 -0.249947
    outer loop
      vertex 6.89882 -14.5148 112
      vertex 6.12405 -14.7848 111.714
      vertex 7.07791 -14.3526 111.714
    endloop
  endfacet
  facet normal 0.279842 -0.743549 -0.607308
    outer loop
      vertex 5.81402 -14.3622 11.9815
      vertex 6.27075 -15.1389 13.1429
      vertex 5.26719 -15.5166 13.1429
    endloop
  endfacet
  facet normal 0.280151 -0.74341 -0.607336
    outer loop
      vertex 6.27075 -15.1389 13.1429
      vertex 5.81402 -14.3622 11.9815
      vertex 5.93159 -14.3201 11.9842
    endloop
  endfacet
  facet normal 0.279834 -0.743549 -0.607312
    outer loop
      vertex 5.81402 -14.3622 11.9815
      vertex 5.26719 -15.5166 13.1429
      vertex 4.97698 -14.6617 11.9625
    endloop
  endfacet
  facet normal 0.319661 -0.849214 -0.420301
    outer loop
      vertex 6.27075 -15.1389 13.1429
      vertex 6.50383 -15.7016 14.4571
      vertex 5.46297 -16.0934 14.4571
    endloop
  endfacet
  facet normal 0.319611 -0.849217 -0.420333
    outer loop
      vertex 6.27075 -15.1389 13.1429
      vertex 5.46297 -16.0934 14.4571
      vertex 5.26719 -15.5166 13.1429
    endloop
  endfacet
  facet normal 0.352168 -0.935881 0.0101973
    outer loop
      vertex 6.50383 -15.7016 14.4571
      vertex 6.12405 -14.7848 111.714
      vertex 5.14397 -15.1536 111.714
    endloop
  endfacet
  facet normal 0.35227 -0.935843 0.0101985
    outer loop
      vertex 5.46297 -16.0934 14.4571
      vertex 6.50383 -15.7016 14.4571
      vertex 5.14397 -15.1536 111.714
    endloop
  endfacet
  facet normal 0.341098 -0.906222 -0.249827
    outer loop
      vertex 6.12405 -14.7848 111.714
      vertex 6.15233 -14.853 112
      vertex 5.93474 -14.9349 112
    endloop
  endfacet
  facet normal 0.341069 -0.906155 -0.250109
    outer loop
      vertex 5.14397 -15.1536 111.714
      vertex 5.93474 -14.9349 112
      vertex 5.16772 -15.2236 112
    endloop
  endfacet
  facet normal 0.341013 -0.906236 -0.249891
    outer loop
      vertex 5.93474 -14.9349 112
      vertex 5.14397 -15.1536 111.714
      vertex 6.12405 -14.7848 111.714
    endloop
  endfacet
  facet normal 0.23064 -0.760237 -0.607326
    outer loop
      vertex 4.86846 -14.7005 11.9699
      vertex 5.26719 -15.5166 13.1429
      vertex 4.24108 -15.8279 13.1429
    endloop
  endfacet
  facet normal 0.230429 -0.760315 -0.607308
    outer loop
      vertex 5.26719 -15.5166 13.1429
      vertex 4.86846 -14.7005 11.9699
      vertex 4.97698 -14.6617 11.9625
    endloop
  endfacet
  facet normal 0.230492 -0.760275 -0.607334
    outer loop
      vertex 4.24108 -15.8279 13.1429
      vertex 4.0074 -14.9558 11.9625
      vertex 4.49941 -14.8326 11.995
    endloop
  endfacet
  facet normal 0.230829 -0.760251 -0.607237
    outer loop
      vertex 4.24108 -15.8279 13.1429
      vertex 4.49941 -14.8326 11.995
      vertex 4.86846 -14.7005 11.9699
    endloop
  endfacet
  facet normal 0.263368 -0.868307 -0.420333
    outer loop
      vertex 5.26719 -15.5166 13.1429
      vertex 5.46297 -16.0934 14.4571
      vertex 4.39872 -16.4162 14.4571
    endloop
  endfacet
  facet normal 0.263426 -0.868308 -0.420295
    outer loop
      vertex 5.26719 -15.5166 13.1429
      vertex 4.39872 -16.4162 14.4571
      vertex 4.24108 -15.8279 13.1429
    endloop
  endfacet
  facet normal 0.290281 -0.956887 0.0101986
    outer loop
      vertex 5.46297 -16.0934 14.4571
      vertex 5.14397 -15.1536 111.714
      vertex 4.14186 -15.4576 111.714
    endloop
  endfacet
  facet normal 0.290239 -0.9569 0.0101981
    outer loop
      vertex 4.39872 -16.4162 14.4571
      vertex 5.46297 -16.0934 14.4571
      vertex 4.14186 -15.4576 111.714
    endloop
  endfacet
  facet normal 0.281102 -0.926513 -0.250112
    outer loop
      vertex 5.14397 -15.1536 111.714
      vertex 5.16772 -15.2236 112
      vertex 4.94524 -15.2911 112
    endloop
  endfacet
  facet normal 0.281057 -0.92653 -0.250098
    outer loop
      vertex 4.14186 -15.4576 111.714
      vertex 4.94524 -15.2911 112
      vertex 4.16098 -15.529 112
    endloop
  endfacet
  facet normal 0.281068 -0.926516 -0.250138
    outer loop
      vertex 4.94524 -15.2911 112
      vertex 4.14186 -15.4576 111.714
      vertex 5.14397 -15.1536 111.714
    endloop
  endfacet
  facet normal 0.180404 -0.773685 -0.607344
    outer loop
      vertex 3.89957 -14.9828 11.9649
      vertex 4.24108 -15.8279 13.1429
      vertex 3.1968 -16.0714 13.1429
    endloop
  endfacet
  facet normal 0.180222 -0.773738 -0.607329
    outer loop
      vertex 4.24108 -15.8279 13.1429
      vertex 3.89957 -14.9828 11.9649
      vertex 4.0074 -14.9558 11.9625
    endloop
  endfacet
  facet normal 0.180464 -0.773693 -0.607315
    outer loop
      vertex 3.89957 -14.9828 11.9649
      vertex 3.1968 -16.0714 13.1429
      vertex 3.0239 -15.2022 11.9842
    endloop
  endfacet
  facet normal 0.20609 -0.883673 -0.420296
    outer loop
      vertex 4.24108 -15.8279 13.1429
      vertex 4.39872 -16.4162 14.4571
      vertex 3.31562 -16.6688 14.4571
    endloop
  endfacet
  facet normal 0.20605 -0.88367 -0.420322
    outer loop
      vertex 4.24108 -15.8279 13.1429
      vertex 3.31562 -16.6688 14.4571
      vertex 3.1968 -16.0714 13.1429
    endloop
  endfacet
  facet normal 0.227068 -0.973825 0.0101981
    outer loop
      vertex 4.39872 -16.4162 14.4571
      vertex 4.14186 -15.4576 111.714
      vertex 3.12201 -15.6954 111.714
    endloop
  endfacet
  facet normal 0.227113 -0.973815 0.0101986
    outer loop
      vertex 3.31562 -16.6688 14.4571
      vertex 4.39872 -16.4162 14.4571
      vertex 3.12201 -15.6954 111.714
    endloop
  endfacet
  facet normal 0.219884 -0.942921 -0.250101
    outer loop
      vertex 4.14186 -15.4576 111.714
      vertex 4.16098 -15.529 112
      vertex 3.93456 -15.5818 112
    endloop
  endfacet
  facet normal 0.219861 -0.942923 -0.250113
    outer loop
      vertex 3.12201 -15.6954 111.714
      vertex 3.93456 -15.5818 112
      vertex 3.13643 -15.7679 112
    endloop
  endfacet
  facet normal 0.219863 -0.942922 -0.250117
    outer loop
      vertex 3.93456 -15.5818 112
      vertex 3.12201 -15.6954 111.714
      vertex 4.14186 -15.4576 111.714
    endloop
  endfacet
  facet normal 0.129435 -0.783844 -0.607319
    outer loop
      vertex 2.90038 -15.2205 11.9815
      vertex 3.1968 -16.0714 13.1429
      vertex 2.13884 -16.2461 13.1429
    endloop
  endfacet
  facet normal 0.129406 -0.78385 -0.607316
    outer loop
      vertex 3.1968 -16.0714 13.1429
      vertex 2.90038 -15.2205 11.9815
      vertex 3.0239 -15.2022 11.9842
    endloop
  endfacet
  facet normal 0.129352 -0.783827 -0.607358
    outer loop
      vertex 2.90038 -15.2205 11.9815
      vertex 2.13884 -16.2461 13.1429
      vertex 2.02099 -15.3509 11.9625
    endloop
  endfacet
  facet normal 0.147758 -0.895264 -0.420322
    outer loop
      vertex 3.1968 -16.0714 13.1429
      vertex 3.31562 -16.6688 14.4571
      vertex 2.21834 -16.8499 14.4571
    endloop
  endfacet
  facet normal 0.147836 -0.895275 -0.420271
    outer loop
      vertex 3.1968 -16.0714 13.1429
      vertex 2.21834 -16.8499 14.4571
      vertex 2.13884 -16.2461 13.1429
    endloop
  endfacet
  facet normal 0.162902 -0.98659 0.0101986
    outer loop
      vertex 3.31562 -16.6688 14.4571
      vertex 3.12201 -15.6954 111.714
      vertex 2.0888 -15.866 111.714
    endloop
  endfacet
  facet normal 0.162833 -0.986601 0.0101978
    outer loop
      vertex 2.21834 -16.8499 14.4571
      vertex 3.31562 -16.6688 14.4571
      vertex 2.0888 -15.866 111.714
    endloop
  endfacet
  facet normal 0.15783 -0.955266 -0.250114
    outer loop
      vertex 3.12201 -15.6954 111.714
      vertex 3.13643 -15.7679 112
      vertex 2.90704 -15.8058 112
    endloop
  endfacet
  facet normal 0.157718 -0.955274 -0.250152
    outer loop
      vertex 2.0888 -15.866 111.714
      vertex 2.90704 -15.8058 112
      vertex 2.09845 -15.9393 112
    endloop
  endfacet
  facet normal 0.15773 -0.955263 -0.250188
    outer loop
      vertex 2.90704 -15.8058 112
      vertex 2.0888 -15.866 111.714
      vertex 3.12201 -15.6954 111.714
    endloop
  endfacet
  facet normal 0.0778649 -0.790599 -0.607363
    outer loop
      vertex 1.90699 -15.3678 11.9699
      vertex 2.13884 -16.2461 13.1429
      vertex 1.07171 -16.3512 13.1429
    endloop
  endfacet
  facet normal 0.07778 -0.790613 -0.607356
    outer loop
      vertex 2.13884 -16.2461 13.1429
      vertex 1.90699 -15.3678 11.9699
      vertex 2.02099 -15.3509 11.9625
    endloop
  endfacet
  facet normal 0.0778207 -0.790637 -0.60732
    outer loop
      vertex 1.07171 -16.3512 13.1429
      vertex 1.01266 -15.4503 11.9625
      vertex 1.51927 -15.4254 11.995
    endloop
  endfacet
  facet normal 0.0781537 -0.790678 -0.607223
    outer loop
      vertex 1.07171 -16.3512 13.1429
      vertex 1.51927 -15.4254 11.995
      vertex 1.90699 -15.3678 11.9699
    endloop
  endfacet
  facet normal 0.0889331 -0.90303 -0.420271
    outer loop
      vertex 2.13884 -16.2461 13.1429
      vertex 2.21834 -16.8499 14.4571
      vertex 1.11155 -16.9589 14.4571
    endloop
  endfacet
  facet normal 0.0889382 -0.903031 -0.420267
    outer loop
      vertex 2.13884 -16.2461 13.1429
      vertex 1.11155 -16.9589 14.4571
      vertex 1.07171 -16.3512 13.1429
    endloop
  endfacet
  facet normal 0.0980652 -0.995128 0.0101978
    outer loop
      vertex 2.21834 -16.8499 14.4571
      vertex 2.0888 -15.866 111.714
      vertex 1.04664 -15.9687 111.714
    endloop
  endfacet
  facet normal 0.0980038 -0.995134 0.0101971
    outer loop
      vertex 1.11155 -16.9589 14.4571
      vertex 2.21834 -16.8499 14.4571
      vertex 1.04664 -15.9687 111.714
    endloop
  endfacet
  facet normal 0.0949464 -0.96354 -0.250153
    outer loop
      vertex 2.0888 -15.866 111.714
      vertex 2.09845 -15.9393 112
      vertex 1.86707 -15.9621 112
    endloop
  endfacet
  facet normal 0.0948722 -0.963608 -0.249917
    outer loop
      vertex 1.04664 -15.9687 111.714
      vertex 1.86707 -15.9621 112
      vertex 1.05147 -16.0424 112
    endloop
  endfacet
  facet normal 0.0949524 -0.96354 -0.250148
    outer loop
      vertex 1.86707 -15.9621 112
      vertex 1.04664 -15.9687 111.714
      vertex 2.0888 -15.866 111.714
    endloop
  endfacet
  facet normal 0.0260049 -0.794009 -0.60735
    outer loop
      vertex 0.901637 -15.4557 11.9649
      vertex 1.07171 -16.3512 13.1429
      vertex 0 -16.3863 13.1429
    endloop
  endfacet
  facet normal 0.0254934 -0.794055 -0.607311
    outer loop
      vertex 1.07171 -16.3512 13.1429
      vertex 0.901637 -15.4557 11.9649
      vertex 1.01266 -15.4503 11.9625
    endloop
  endfacet
  facet normal 0.0260115 -0.794011 -0.607346
    outer loop
      vertex 0 -15.5 11.9842
      vertex 0.901637 -15.4557 11.9649
      vertex 0 -16.3863 13.1429
    endloop
  endfacet
  facet normal 0.0296988 -0.906914 -0.420267
    outer loop
      vertex 1.07171 -16.3512 13.1429
      vertex 1.11155 -16.9589 14.4571
      vertex 0 -16.9953 14.4571
    endloop
  endfacet
  facet normal 0.0297027 -0.906915 -0.420264
    outer loop
      vertex 0 -16.3863 13.1429
      vertex 1.07171 -16.3512 13.1429
      vertex 0 -16.9953 14.4571
    endloop
  endfacet
  facet normal 0.0326569 -0.999415 0.0101971
    outer loop
      vertex 1.11155 -16.9589 14.4571
      vertex 1.04664 -15.9687 111.714
      vertex 0 -16.0029 111.714
    endloop
  endfacet
  facet normal 0.0327278 -0.999412 0.0101979
    outer loop
      vertex 1.11155 -16.9589 14.4571
      vertex 0 -16.0029 111.714
      vertex 0 -16.9953 14.4571
    endloop
  endfacet
  facet normal 0.0316524 -0.96775 -0.249916
    outer loop
      vertex 1.04664 -15.9687 111.714
      vertex 1.05147 -16.0424 112
      vertex 0.819105 -16.05 112
    endloop
  endfacet
  facet normal 0.0316623 -0.967715 -0.250049
    outer loop
      vertex 0 -16.0029 111.714
      vertex 0.819105 -16.05 112
      vertex 0 -16.0768 112
    endloop
  endfacet
  facet normal 0.031622 -0.967745 -0.249939
    outer loop
      vertex 0.819105 -16.05 112
      vertex 0 -16.0029 111.714
      vertex 1.04664 -15.9687 111.714
    endloop
  endfacet
  facet normal -0.0260055 -0.794028 -0.607325
    outer loop
      vertex -0.124719 -15.4939 11.9815
      vertex 0 -16.3863 13.1429
      vertex -1.07171 -16.3512 13.1429
    endloop
  endfacet
  facet normal -0.025687 -0.794018 -0.607351
    outer loop
      vertex 0 -16.3863 13.1429
      vertex -0.124719 -15.4939 11.9815
      vertex 0 -15.5 11.9842
    endloop
  endfacet
  facet normal -0.0259936 -0.794033 -0.607319
    outer loop
      vertex -1.01266 -15.4503 11.9625
      vertex -0.124719 -15.4939 11.9815
      vertex -1.07171 -16.3512 13.1429
    endloop
  endfacet
  facet normal -0.0296988 -0.906916 -0.420264
    outer loop
      vertex 0 -16.3863 13.1429
      vertex 0 -16.9953 14.4571
      vertex -1.11155 -16.9589 14.4571
    endloop
  endfacet
  facet normal -0.0297027 -0.906914 -0.420267
    outer loop
      vertex -1.07171 -16.3512 13.1429
      vertex 0 -16.3863 13.1429
      vertex -1.11155 -16.9589 14.4571
    endloop
  endfacet
  facet normal -0.0326569 -0.999415 0.0101979
    outer loop
      vertex 0 -16.9953 14.4571
      vertex 0 -16.0029 111.714
      vertex -1.04664 -15.9687 111.714
    endloop
  endfacet
  facet normal -0.0327278 -0.999412 0.0101971
    outer loop
      vertex 0 -16.9953 14.4571
      vertex -1.04664 -15.9687 111.714
      vertex -1.11155 -16.9589 14.4571
    endloop
  endfacet
  facet normal -0.0316507 -0.967716 -0.25005
    outer loop
      vertex 0 -16.0029 111.714
      vertex 0 -16.0768 112
      vertex -0.232369 -16.0692 112
    endloop
  endfacet
  facet normal -0.0316636 -0.96775 -0.249916
    outer loop
      vertex -1.04664 -15.9687 111.714
      vertex -0.232369 -16.0692 112
      vertex -1.05147 -16.0424 112
    endloop
  endfacet
  facet normal -0.0316213 -0.967722 -0.250027
    outer loop
      vertex -0.232369 -16.0692 112
      vertex -1.04664 -15.9687 111.714
      vertex 0 -16.0029 111.714
    endloop
  endfacet
  facet normal -0.0778667 -0.790618 -0.607339
    outer loop
      vertex -1.12777 -15.4446 11.9699
      vertex -1.07171 -16.3512 13.1429
      vertex -2.13884 -16.2461 13.1429
    endloop
  endfacet
  facet normal -0.078191 -0.790605 -0.607314
    outer loop
      vertex -1.07171 -16.3512 13.1429
      vertex -1.12777 -15.4446 11.9699
      vertex -1.01266 -15.4503 11.9625
    endloop
  endfacet
  facet normal -0.07805 -0.790583 -0.60736
    outer loop
      vertex -2.13884 -16.2461 13.1429
      vertex -2.02099 -15.3509 11.9625
      vertex -1.51927 -15.4254 11.995
    endloop
  endfacet
  facet normal -0.0777101 -0.790696 -0.607257
    outer loop
      vertex -2.13884 -16.2461 13.1429
      vertex -1.51927 -15.4254 11.995
      vertex -1.12777 -15.4446 11.9699
    endloop
  endfacet
  facet normal -0.0889333 -0.903032 -0.420267
    outer loop
      vertex -1.07171 -16.3512 13.1429
      vertex -1.11155 -16.9589 14.4571
      vertex -2.21834 -16.8499 14.4571
    endloop
  endfacet
  facet normal -0.088938 -0.90303 -0.420271
    outer loop
      vertex -2.13884 -16.2461 13.1429
      vertex -1.07171 -16.3512 13.1429
      vertex -2.21834 -16.8499 14.4571
    endloop
  endfacet
  facet normal -0.0980652 -0.995128 0.0101971
    outer loop
      vertex -1.11155 -16.9589 14.4571
      vertex -1.04664 -15.9687 111.714
      vertex -2.0888 -15.866 111.714
    endloop
  endfacet
  facet normal -0.0980038 -0.995134 0.0101978
    outer loop
      vertex -1.11155 -16.9589 14.4571
      vertex -2.0888 -15.866 111.714
      vertex -2.21834 -16.8499 14.4571
    endloop
  endfacet
  facet normal -0.0949524 -0.963601 -0.249916
    outer loop
      vertex -1.04664 -15.9687 111.714
      vertex -1.05147 -16.0424 112
      vertex -1.28285 -16.0196 112
    endloop
  endfacet
  facet normal -0.0948662 -0.963548 -0.250152
    outer loop
      vertex -2.0888 -15.866 111.714
      vertex -1.28285 -16.0196 112
      vertex -2.09845 -15.9393 112
    endloop
  endfacet
  facet normal -0.0949582 -0.963599 -0.24992
    outer loop
      vertex -1.28285 -16.0196 112
      vertex -2.0888 -15.866 111.714
      vertex -1.04664 -15.9687 111.714
    endloop
  endfacet
  facet normal -0.12943 -0.783813 -0.607359
    outer loop
      vertex -2.13094 -15.3346 11.9649
      vertex -2.13884 -16.2461 13.1429
      vertex -3.1968 -16.0714 13.1429
    endloop
  endfacet
  facet normal -0.129457 -0.783811 -0.607357
    outer loop
      vertex -2.13884 -16.2461 13.1429
      vertex -2.13094 -15.3346 11.9649
      vertex -2.02099 -15.3509 11.9625
    endloop
  endfacet
  facet normal -0.12935 -0.78386 -0.607315
    outer loop
      vertex -3.1968 -16.0714 13.1429
      vertex -3.0239 -15.2022 11.9842
      vertex -2.13094 -15.3346 11.9649
    endloop
  endfacet
  facet normal -0.147762 -0.895287 -0.420272
    outer loop
      vertex -2.13884 -16.2461 13.1429
      vertex -2.21834 -16.8499 14.4571
      vertex -3.31562 -16.6688 14.4571
    endloop
  endfacet
  facet normal -0.147832 -0.895251 -0.420323
    outer loop
      vertex -3.1968 -16.0714 13.1429
      vertex -2.13884 -16.2461 13.1429
      vertex -3.31562 -16.6688 14.4571
    endloop
  endfacet
  facet normal -0.162902 -0.98659 0.0101978
    outer loop
      vertex -2.21834 -16.8499 14.4571
      vertex -2.0888 -15.866 111.714
      vertex -3.12201 -15.6954 111.714
    endloop
  endfacet
  facet normal -0.162833 -0.986601 0.0101986
    outer loop
      vertex -2.21834 -16.8499 14.4571
      vertex -3.12201 -15.6954 111.714
      vertex -3.31562 -16.6688 14.4571
    endloop
  endfacet
  facet normal -0.157835 -0.955255 -0.250151
    outer loop
      vertex -2.0888 -15.866 111.714
      vertex -2.09845 -15.9393 112
      vertex -2.32783 -15.9014 112
    endloop
  endfacet
  facet normal -0.157718 -0.955284 -0.250113
    outer loop
      vertex -3.12201 -15.6954 111.714
      vertex -2.32783 -15.9014 112
      vertex -3.13643 -15.7679 112
    endloop
  endfacet
  facet normal -0.157735 -0.955292 -0.250072
    outer loop
      vertex -2.32783 -15.9014 112
      vertex -3.12201 -15.6954 111.714
      vertex -2.0888 -15.866 111.714
    endloop
  endfacet
  facet normal -0.180406 -0.773694 -0.607331
    outer loop
      vertex -3.14503 -15.1718 11.9815
      vertex -3.1968 -16.0714 13.1429
      vertex -4.24108 -15.8279 13.1429
    endloop
  endfacet
  facet normal -0.180628 -0.773657 -0.607313
    outer loop
      vertex -3.1968 -16.0714 13.1429
      vertex -3.14503 -15.1718 11.9815
      vertex -3.0239 -15.2022 11.9842
    endloop
  endfacet
  facet normal -0.180408 -0.773693 -0.607332
    outer loop
      vertex -4.0074 -14.9558 11.9625
      vertex -3.14503 -15.1718 11.9815
      vertex -4.24108 -15.8279 13.1429
    endloop
  endfacet
  facet normal -0.206087 -0.883662 -0.420322
    outer loop
      vertex -3.1968 -16.0714 13.1429
      vertex -3.31562 -16.6688 14.4571
      vertex -4.39872 -16.4162 14.4571
    endloop
  endfacet
  facet normal -0.206053 -0.883682 -0.420295
    outer loop
      vertex -4.24108 -15.8279 13.1429
      vertex -3.1968 -16.0714 13.1429
      vertex -4.39872 -16.4162 14.4571
    endloop
  endfacet
  facet normal -0.227068 -0.973825 0.0101986
    outer loop
      vertex -3.31562 -16.6688 14.4571
      vertex -3.12201 -15.6954 111.714
      vertex -4.14186 -15.4576 111.714
    endloop
  endfacet
  facet normal -0.227113 -0.973815 0.0101981
    outer loop
      vertex -3.31562 -16.6688 14.4571
      vertex -4.14186 -15.4576 111.714
      vertex -4.39872 -16.4162 14.4571
    endloop
  endfacet
  facet normal -0.219884 -0.942918 -0.250113
    outer loop
      vertex -3.12201 -15.6954 111.714
      vertex -3.13643 -15.7679 112
      vertex -3.36285 -15.7151 112
    endloop
  endfacet
  facet normal -0.219862 -0.942927 -0.2501
    outer loop
      vertex -4.14186 -15.4576 111.714
      vertex -3.36285 -15.7151 112
      vertex -4.16098 -15.529 112
    endloop
  endfacet
  facet normal -0.219864 -0.942927 -0.250097
    outer loop
      vertex -3.36285 -15.7151 112
      vertex -4.14186 -15.4576 111.714
      vertex -3.12201 -15.6954 111.714
    endloop
  endfacet
  facet normal -0.230639 -0.760235 -0.607329
    outer loop
      vertex -4.1192 -14.9278 11.9699
      vertex -4.24108 -15.8279 13.1429
      vertex -5.26719 -15.5166 13.1429
    endloop
  endfacet
  facet normal -0.2306 -0.760244 -0.607333
    outer loop
      vertex -4.24108 -15.8279 13.1429
      vertex -4.1192 -14.9278 11.9699
      vertex -4.0074 -14.9558 11.9625
    endloop
  endfacet
  facet normal -0.230719 -0.760224 -0.607313
    outer loop
      vertex -5.26719 -15.5166 13.1429
      vertex -4.97698 -14.6617 11.9625
      vertex -4.49941 -14.8326 11.995
    endloop
  endfacet
  facet normal -0.230473 -0.760363 -0.607231
    outer loop
      vertex -5.26719 -15.5166 13.1429
      vertex -4.49941 -14.8326 11.995
      vertex -4.1192 -14.9278 11.9699
    endloop
  endfacet
  facet normal -0.263373 -0.868324 -0.420296
    outer loop
      vertex -4.24108 -15.8279 13.1429
      vertex -4.39872 -16.4162 14.4571
      vertex -5.46297 -16.0934 14.4571
    endloop
  endfacet
  facet normal -0.263421 -0.868291 -0.420334
    outer loop
      vertex -5.26719 -15.5166 13.1429
      vertex -4.24108 -15.8279 13.1429
      vertex -5.46297 -16.0934 14.4571
    endloop
  endfacet
  facet normal -0.290281 -0.956887 0.0101981
    outer loop
      vertex -4.39872 -16.4162 14.4571
      vertex -4.14186 -15.4576 111.714
      vertex -5.14397 -15.1536 111.714
    endloop
  endfacet
  facet normal -0.290239 -0.9569 0.0101986
    outer loop
      vertex -4.39872 -16.4162 14.4571
      vertex -5.14397 -15.1536 111.714
      vertex -5.46297 -16.0934 14.4571
    endloop
  endfacet
  facet normal -0.281092 -0.92652 -0.250098
    outer loop
      vertex -4.14186 -15.4576 111.714
      vertex -4.16098 -15.529 112
      vertex -4.38347 -15.4615 112
    endloop
  endfacet
  facet normal -0.281059 -0.926526 -0.250112
    outer loop
      vertex -5.14397 -15.1536 111.714
      vertex -4.38347 -15.4615 112
      vertex -5.16772 -15.2236 112
    endloop
  endfacet
  facet normal -0.281072 -0.92653 -0.250081
    outer loop
      vertex -4.38347 -15.4615 112
      vertex -5.14397 -15.1536 111.714
      vertex -4.14186 -15.4576 111.714
    endloop
  endfacet
  facet normal -0.279844 -0.743555 -0.6073
    outer loop
      vertex -5.08164 -14.6243 11.9649
      vertex -5.26719 -15.5166 13.1429
      vertex -6.27075 -15.1389 13.1429
    endloop
  endfacet
  facet normal -0.279655 -0.743614 -0.607315
    outer loop
      vertex -5.26719 -15.5166 13.1429
      vertex -5.08164 -14.6243 11.9649
      vertex -4.97698 -14.6617 11.9625
    endloop
  endfacet
  facet normal -0.279895 -0.74351 -0.607332
    outer loop
      vertex -5.93159 -14.3201 11.9842
      vertex -5.08164 -14.6243 11.9649
      vertex -6.27075 -15.1389 13.1429
    endloop
  endfacet
  facet normal -0.319656 -0.8492 -0.420332
    outer loop
      vertex -5.26719 -15.5166 13.1429
      vertex -5.46297 -16.0934 14.4571
      vertex -6.50383 -15.7016 14.4571
    endloop
  endfacet
  facet normal -0.319617 -0.849231 -0.4203
    outer loop
      vertex -6.27075 -15.1389 13.1429
      vertex -5.26719 -15.5166 13.1429
      vertex -6.50383 -15.7016 14.4571
    endloop
  endfacet
  facet normal -0.352168 -0.935881 0.0101986
    outer loop
      vertex -5.46297 -16.0934 14.4571
      vertex -5.14397 -15.1536 111.714
      vertex -6.12405 -14.7848 111.714
    endloop
  endfacet
  facet normal -0.35227 -0.935843 0.0101974
    outer loop
      vertex -5.46297 -16.0934 14.4571
      vertex -6.12405 -14.7848 111.714
      vertex -6.50383 -15.7016 14.4571
    endloop
  endfacet
  facet normal -0.341073 -0.906154 -0.250109
    outer loop
      vertex -5.14397 -15.1536 111.714
      vertex -5.16772 -15.2236 112
      vertex -5.38531 -15.1417 112
    endloop
  endfacet
  facet normal -0.341095 -0.906223 -0.249827
    outer loop
      vertex -6.12405 -14.7848 111.714
      vertex -5.38531 -15.1417 112
      vertex -6.15233 -14.853 112
    endloop
  endfacet
  facet normal -0.340999 -0.906199 -0.250045
    outer loop
      vertex -5.38531 -15.1417 112
      vertex -6.12405 -14.7848 111.714
      vertex -5.14397 -15.1536 111.714
    endloop
  endfacet
  facet normal -0.32785 -0.723648 -0.607329
    outer loop
      vertex -6.04447 -14.2667 11.9815
      vertex -6.27075 -15.1389 13.1429
      vertex -7.24746 -14.6964 13.1429
    endloop
  endfacet
  facet normal -0.327815 -0.723661 -0.607332
    outer loop
      vertex -6.27075 -15.1389 13.1429
      vertex -6.04447 -14.2667 11.9815
      vertex -5.93159 -14.3201 11.9842
    endloop
  endfacet
  facet normal -0.327883 -0.723615 -0.607351
    outer loop
      vertex -6.84813 -13.8866 11.9625
      vertex -6.04447 -14.2667 11.9815
      vertex -7.24746 -14.6964 13.1429
    endloop
  endfacet
  facet normal -0.374492 -0.826501 -0.4203
    outer loop
      vertex -6.27075 -15.1389 13.1429
      vertex -6.50383 -15.7016 14.4571
      vertex -7.51684 -15.2426 14.4571
    endloop
  endfacet
  facet normal -0.37446 -0.826529 -0.420273
    outer loop
      vertex -7.24746 -14.6964 13.1429
      vertex -6.27075 -15.1389 13.1429
      vertex -7.51684 -15.2426 14.4571
    endloop
  endfacet
  facet normal -0.412695 -0.910812 0.0101974
    outer loop
      vertex -6.50383 -15.7016 14.4571
      vertex -6.12405 -14.7848 111.714
      vertex -7.07791 -14.3526 111.714
    endloop
  endfacet
  facet normal -0.412694 -0.910813 0.0101974
    outer loop
      vertex -6.50383 -15.7016 14.4571
      vertex -7.07791 -14.3526 111.714
      vertex -7.51684 -15.2426 14.4571
    endloop
  endfacet
  facet normal -0.399441 -0.88206 -0.249835
    outer loop
      vertex -6.12405 -14.7848 111.714
      vertex -6.15233 -14.853 112
      vertex -6.3641 -14.7571 112
    endloop
  endfacet
  facet normal -0.399561 -0.881929 -0.250103
    outer loop
      vertex -7.07791 -14.3526 111.714
      vertex -6.3641 -14.7571 112
      vertex -7.11059 -14.4189 112
    endloop
  endfacet
  facet normal -0.399612 -0.881938 -0.24999
    outer loop
      vertex -6.3641 -14.7571 112
      vertex -7.07791 -14.3526 111.714
      vertex -6.12405 -14.7848 111.714
    endloop
  endfacet
  facet normal -0.374521 -0.70064 -0.60732
    outer loop
      vertex -6.95232 -13.8374 11.9699
      vertex -7.24746 -14.6964 13.1429
      vertex -8.19313 -14.1909 13.1429
    endloop
  endfacet
  facet normal -0.374084 -0.700841 -0.607357
    outer loop
      vertex -7.24746 -14.6964 13.1429
      vertex -6.95232 -13.8374 11.9699
      vertex -6.84813 -13.8866 11.9625
    endloop
  endfacet
  facet normal -0.374609 -0.700582 -0.607332
    outer loop
      vertex -8.19313 -14.1909 13.1429
      vertex -7.7417 -13.409 11.9625
      vertex -7.30665 -13.6698 11.995
    endloop
  endfacet
  facet normal -0.374459 -0.700712 -0.607275
    outer loop
      vertex -8.19313 -14.1909 13.1429
      vertex -7.30665 -13.6698 11.995
      vertex -6.95232 -13.8374 11.9699
    endloop
  endfacet
  facet normal -0.427703 -0.800275 -0.420274
    outer loop
      vertex -7.24746 -14.6964 13.1429
      vertex -7.51684 -15.2426 14.4571
      vertex -8.49767 -14.7184 14.4571
    endloop
  endfacet
  facet normal -0.427753 -0.800224 -0.420321
    outer loop
      vertex -8.19313 -14.1909 13.1429
      vertex -7.24746 -14.6964 13.1429
      vertex -8.49767 -14.7184 14.4571
    endloop
  endfacet
  facet normal -0.471411 -0.881855 0.0101974
    outer loop
      vertex -7.51684 -15.2426 14.4571
      vertex -7.07791 -14.3526 111.714
      vertex -8.00146 -13.8589 111.714
    endloop
  endfacet
  facet normal -0.471327 -0.8819 0.0101985
    outer loop
      vertex -7.51684 -15.2426 14.4571
      vertex -8.00146 -13.8589 111.714
      vertex -8.49767 -14.7184 14.4571
    endloop
  endfacet
  facet normal -0.456428 -0.853887 -0.250101
    outer loop
      vertex -7.07791 -14.3526 111.714
      vertex -7.11059 -14.4189 112
      vertex -7.31563 -14.3093 112
    endloop
  endfacet
  facet normal -0.456482 -0.853872 -0.250052
    outer loop
      vertex -8.00146 -13.8589 111.714
      vertex -7.31563 -14.3093 112
      vertex -8.03841 -13.9229 112
    endloop
  endfacet
  facet normal -0.456451 -0.853869 -0.250122
    outer loop
      vertex -7.31563 -14.3093 112
      vertex -8.00146 -13.8589 111.714
      vertex -7.07791 -14.3526 111.714
    endloop
  endfacet
  facet normal -0.419504 -0.674667 -0.607323
    outer loop
      vertex -7.83704 -13.3519 11.9649
      vertex -8.19313 -14.1909 13.1429
      vertex -9.10372 -13.6247 13.1429
    endloop
  endfacet
  facet normal -0.41939 -0.674729 -0.607333
    outer loop
      vertex -8.19313 -14.1909 13.1429
      vertex -7.83704 -13.3519 11.9649
      vertex -7.7417 -13.409 11.9625
    endloop
  endfacet
  facet normal -0.419513 -0.674655 -0.60733
    outer loop
      vertex -8.61134 -12.8878 11.9842
      vertex -7.83704 -13.3519 11.9649
      vertex -9.10372 -13.6247 13.1429
    endloop
  endfacet
  facet normal -0.479165 -0.77054 -0.42032
    outer loop
      vertex -8.19313 -14.1909 13.1429
      vertex -8.49767 -14.7184 14.4571
      vertex -9.4421 -14.1311 14.4571
    endloop
  endfacet
  facet normal -0.479138 -0.770572 -0.420292
    outer loop
      vertex -9.10372 -13.6247 13.1429
      vertex -8.19313 -14.1909 13.1429
      vertex -9.4421 -14.1311 14.4571
    endloop
  endfacet
  facet normal -0.528047 -0.849154 0.0101985
    outer loop
      vertex -8.49767 -14.7184 14.4571
      vertex -8.00146 -13.8589 111.714
      vertex -8.89074 -13.3059 111.714
    endloop
  endfacet
  facet normal -0.528051 -0.849152 0.0101984
    outer loop
      vertex -8.49767 -14.7184 14.4571
      vertex -8.89074 -13.3059 111.714
      vertex -9.4421 -14.1311 14.4571
    endloop
  endfacet
  facet normal -0.511082 -0.822355 -0.250053
    outer loop
      vertex -8.00146 -13.8589 111.714
      vertex -8.03841 -13.9229 112
      vertex -8.23584 -13.8002 112
    endloop
  endfacet
  facet normal -0.511293 -0.822179 -0.250202
    outer loop
      vertex -8.89074 -13.3059 111.714
      vertex -8.23584 -13.8002 112
      vertex -8.9318 -13.3674 112
    endloop
  endfacet
  facet normal -0.511273 -0.822178 -0.250246
    outer loop
      vertex -8.23584 -13.8002 112
      vertex -8.89074 -13.3059 111.714
      vertex -8.00146 -13.8589 111.714
    endloop
  endfacet
  facet normal -0.462761 -0.645761 -0.607327
    outer loop
      vertex -8.71163 -12.8134 11.9815
      vertex -9.10372 -13.6247 13.1429
      vertex -9.97532 -13.0001 13.1429
    endloop
  endfacet
  facet normal -0.462723 -0.645784 -0.60733
    outer loop
      vertex -9.10372 -13.6247 13.1429
      vertex -8.71163 -12.8134 11.9815
      vertex -8.61134 -12.8878 11.9842
    endloop
  endfacet
  facet normal -0.462769 -0.645749 -0.607334
    outer loop
      vertex -9.4257 -12.2838 11.9625
      vertex -8.71163 -12.8134 11.9815
      vertex -9.97532 -13.0001 13.1429
    endloop
  endfacet
  facet normal -0.528535 -0.737567 -0.420293
    outer loop
      vertex -9.10372 -13.6247 13.1429
      vertex -9.4421 -14.1311 14.4571
      vertex -10.3461 -13.4833 14.4571
    endloop
  endfacet
  facet normal -0.528543 -0.737556 -0.420302
    outer loop
      vertex -9.97532 -13.0001 13.1429
      vertex -9.10372 -13.6247 13.1429
      vertex -10.3461 -13.4833 14.4571
    endloop
  endfacet
  facet normal -0.5824 -0.812839 0.0101984
    outer loop
      vertex -9.4421 -14.1311 14.4571
      vertex -8.89074 -13.3059 111.714
      vertex -9.74196 -12.696 111.714
    endloop
  endfacet
  facet normal -0.582449 -0.812803 0.0101977
    outer loop
      vertex -9.4421 -14.1311 14.4571
      vertex -9.74196 -12.696 111.714
      vertex -10.3461 -13.4833 14.4571
    endloop
  endfacet
  facet normal -0.563894 -0.787036 -0.250196
    outer loop
      vertex -8.89074 -13.3059 111.714
      vertex -8.9318 -13.3674 112
      vertex -9.12078 -13.232 112
    endloop
  endfacet
  facet normal -0.564016 -0.787023 -0.249961
    outer loop
      vertex -9.74196 -12.696 111.714
      vertex -9.12078 -13.232 112
      vertex -9.78694 -12.7546 112
    endloop
  endfacet
  facet normal -0.563904 -0.787025 -0.250208
    outer loop
      vertex -9.12078 -13.232 112
      vertex -9.74196 -12.696 111.714
      vertex -8.89074 -13.3059 111.714
    endloop
  endfacet
  facet normal -0.504026 -0.614108 -0.607313
    outer loop
      vertex -9.51827 -12.2152 11.9699
      vertex -9.97532 -13.0001 13.1429
      vertex -10.8042 -12.3198 13.1429
    endloop
  endfacet
  facet normal -0.503776 -0.614289 -0.607337
    outer loop
      vertex -9.97532 -13.0001 13.1429
      vertex -9.51827 -12.2152 11.9699
      vertex -9.4257 -12.2838 11.9625
    endloop
  endfacet
  facet normal -0.504131 -0.614003 -0.607332
    outer loop
      vertex -10.8042 -12.3198 13.1429
      vertex -10.2089 -11.641 11.9625
      vertex -9.8331 -11.9817 11.995
    endloop
  endfacet
  facet normal -0.503962 -0.61422 -0.607253
    outer loop
      vertex -10.8042 -12.3198 13.1429
      vertex -9.8331 -11.9817 11.995
      vertex -9.51827 -12.2152 11.9699
    endloop
  endfacet
  facet normal -0.57562 -0.701433 -0.420302
    outer loop
      vertex -9.97532 -13.0001 13.1429
      vertex -10.3461 -13.4833 14.4571
      vertex -11.2058 -12.7778 14.4571
    endloop
  endfacet
  facet normal -0.575655 -0.70138 -0.420343
    outer loop
      vertex -10.8042 -12.3198 13.1429
      vertex -9.97532 -13.0001 13.1429
      vertex -11.2058 -12.7778 14.4571
    endloop
  endfacet
  facet normal -0.634376 -0.772957 0.0101977
    outer loop
      vertex -10.3461 -13.4833 14.4571
      vertex -9.74196 -12.696 111.714
      vertex -10.5515 -12.0316 111.714
    endloop
  endfacet
  facet normal -0.63434 -0.772987 0.0101983
    outer loop
      vertex -10.3461 -13.4833 14.4571
      vertex -10.5515 -12.0316 111.714
      vertex -11.2058 -12.7778 14.4571
    endloop
  endfacet
  facet normal -0.614274 -0.748456 -0.249963
    outer loop
      vertex -9.74196 -12.696 111.714
      vertex -9.78694 -12.7546 112
      vertex -9.96666 -12.6071 112
    endloop
  endfacet
  facet normal -0.61421 -0.748465 -0.250093
    outer loop
      vertex -10.5515 -12.0316 111.714
      vertex -9.96666 -12.6071 112
      vertex -10.6002 -12.0872 112
    endloop
  endfacet
  facet normal -0.614271 -0.74846 -0.24996
    outer loop
      vertex -9.96666 -12.6071 112
      vertex -10.5515 -12.0316 111.714
      vertex -9.74196 -12.696 111.714
    endloop
  endfacet
  facet normal -0.54284 -0.58006 -0.607334
    outer loop
      vertex -10.8042 -12.3198 13.1429
      vertex -10.2913 -11.5664 11.9649
      vertex -10.2089 -11.641 11.9625
    endloop
  endfacet
  facet normal -0.543096 -0.579846 -0.607309
    outer loop
      vertex -10.2913 -11.5664 11.9649
      vertex -10.8042 -12.3198 13.1429
      vertex -11.5868 -11.5868 13.1429
    endloop
  endfacet
  facet normal -0.543068 -0.579904 -0.607279
    outer loop
      vertex -10.9602 -10.9602 11.9842
      vertex -10.2913 -11.5664 11.9649
      vertex -11.5868 -11.5868 13.1429
    endloop
  endfacet
  facet normal -0.620295 -0.66223 -0.420341
    outer loop
      vertex -10.8042 -12.3198 13.1429
      vertex -11.2058 -12.7778 14.4571
      vertex -12.0175 -12.0175 14.4571
    endloop
  endfacet
  facet normal -0.620281 -0.662254 -0.420323
    outer loop
      vertex -11.5868 -11.5868 13.1429
      vertex -10.8042 -12.3198 13.1429
      vertex -12.0175 -12.0175 14.4571
    endloop
  endfacet
  facet normal -0.683534 -0.729848 0.0101982
    outer loop
      vertex -11.2058 -12.7778 14.4571
      vertex -10.5515 -12.0316 111.714
      vertex -11.3158 -11.3158 111.714
    endloop
  endfacet
  facet normal -0.683585 -0.729799 0.0101974
    outer loop
      vertex -11.2058 -12.7778 14.4571
      vertex -11.3158 -11.3158 111.714
      vertex -12.0175 -12.0175 14.4571
    endloop
  endfacet
  facet normal -0.661779 -0.706758 -0.250085
    outer loop
      vertex -10.5515 -12.0316 111.714
      vertex -10.6002 -12.0872 112
      vertex -10.7699 -11.9283 112
    endloop
  endfacet
  facet normal -0.661995 -0.706655 -0.249803
    outer loop
      vertex -11.3158 -11.3158 111.714
      vertex -10.7699 -11.9283 112
      vertex -11.368 -11.368 112
    endloop
  endfacet
  facet normal -0.661835 -0.706679 -0.250157
    outer loop
      vertex -10.7699 -11.9283 112
      vertex -11.3158 -11.3158 111.714
      vertex -10.5515 -12.0316 111.714
    endloop
  endfacet
  facet normal -0.580195 -0.542765 -0.607273
    outer loop
      vertex -11.5868 -11.5868 13.1429
      vertex -11.044 -10.8676 11.9815
      vertex -10.9602 -10.9602 11.9842
    endloop
  endfacet
  facet normal -0.579844 -0.543095 -0.607313
    outer loop
      vertex -11.044 -10.8676 11.9815
      vertex -11.5868 -11.5868 13.1429
      vertex -12.3198 -10.8042 13.1429
    endloop
  endfacet
  facet normal -0.579858 -0.543061 -0.60733
    outer loop
      vertex -11.641 -10.2089 11.9625
      vertex -11.044 -10.8676 11.9815
      vertex -12.3198 -10.8042 13.1429
    endloop
  endfacet
  facet normal -0.662236 -0.6203 -0.420323
    outer loop
      vertex -11.5868 -11.5868 13.1429
      vertex -12.0175 -12.0175 14.4571
      vertex -12.7778 -11.2058 14.4571
    endloop
  endfacet
  facet normal -0.662248 -0.620275 -0.420341
    outer loop
      vertex -12.3198 -10.8042 13.1429
      vertex -11.5868 -11.5868 13.1429
      vertex -12.7778 -11.2058 14.4571
    endloop
  endfacet
  facet normal -0.729848 -0.683534 0.0101974
    outer loop
      vertex -12.0175 -12.0175 14.4571
      vertex -11.3158 -11.3158 111.714
      vertex -12.0316 -10.5515 111.714
    endloop
  endfacet
  facet normal -0.729799 -0.683585 0.0101982
    outer loop
      vertex -12.0175 -12.0175 14.4571
      vertex -12.0316 -10.5515 111.714
      vertex -12.7778 -11.2058 14.4571
    endloop
  endfacet
  facet normal -0.706603 -0.66205 -0.249803
    outer loop
      vertex -11.3158 -11.3158 111.714
      vertex -11.368 -11.368 112
      vertex -11.527 -11.1983 112
    endloop
  endfacet
  facet normal -0.706661 -0.661882 -0.250084
    outer loop
      vertex -12.0316 -10.5515 111.714
      vertex -11.527 -11.1983 112
      vertex -12.0872 -10.6002 112
    endloop
  endfacet
  facet normal -0.706716 -0.66187 -0.24996
    outer loop
      vertex -11.527 -11.1983 112
      vertex -12.0316 -10.5515 111.714
      vertex -11.3158 -11.3158 111.714
    endloop
  endfacet
  facet normal -0.614115 -0.503959 -0.607362
    outer loop
      vertex -11.641 -10.2089 11.9625
      vertex -13.0001 -9.97532 13.1429
      vertex -11.7184 -10.1235 11.9699
    endloop
  endfacet
  facet normal -0.614098 -0.504018 -0.60733
    outer loop
      vertex -13.0001 -9.97532 13.1429
      vertex -11.641 -10.2089 11.9625
      vertex -12.3198 -10.8042 13.1429
    endloop
  endfacet
  facet normal -0.614195 -0.503894 -0.607335
    outer loop
      vertex -11.9817 -9.8331 11.995
      vertex -13.0001 -9.97532 13.1429
      vertex -12.2838 -9.4257 11.9625
    endloop
  endfacet
  facet normal -0.614022 -0.504238 -0.607224
    outer loop
      vertex -13.0001 -9.97532 13.1429
      vertex -11.9817 -9.8331 11.995
      vertex -11.7184 -10.1235 11.9699
    endloop
  endfacet
  facet normal -0.701418 -0.575608 -0.420342
    outer loop
      vertex -12.3198 -10.8042 13.1429
      vertex -12.7778 -11.2058 14.4571
      vertex -13.4833 -10.3461 14.4571
    endloop
  endfacet
  facet normal -0.701395 -0.575667 -0.420301
    outer loop
      vertex -13.0001 -9.97532 13.1429
      vertex -12.3198 -10.8042 13.1429
      vertex -13.4833 -10.3461 14.4571
    endloop
  endfacet
  facet normal -0.772957 -0.634376 0.0101983
    outer loop
      vertex -12.0316 -10.5515 111.714
      vertex -12.696 -9.74196 111.714
      vertex -12.7778 -11.2058 14.4571
    endloop
  endfacet
  facet normal -0.772987 -0.63434 0.0101978
    outer loop
      vertex -12.7778 -11.2058 14.4571
      vertex -12.696 -9.74196 111.714
      vertex -13.4833 -10.3461 14.4571
    endloop
  endfacet
  facet normal -0.748396 -0.614293 -0.250094
    outer loop
      vertex -12.0316 -10.5515 111.714
      vertex -12.0872 -10.6002 112
      vertex -12.2347 -10.4205 112
    endloop
  endfacet
  facet normal -0.7485 -0.61422 -0.249964
    outer loop
      vertex -12.696 -9.74196 111.714
      vertex -12.2347 -10.4205 112
      vertex -12.7546 -9.78694 112
    endloop
  endfacet
  facet normal -0.748424 -0.614241 -0.250137
    outer loop
      vertex -12.2347 -10.4205 112
      vertex -12.696 -9.74196 111.714
      vertex -12.0316 -10.5515 111.714
    endloop
  endfacet
  facet normal -0.645817 -0.462484 -0.607477
    outer loop
      vertex -12.2838 -9.4257 11.9625
      vertex -13.6247 -9.10372 13.1429
      vertex -12.35 -9.33641 11.9649
    endloop
  endfacet
  facet normal -0.645757 -0.462758 -0.607333
    outer loop
      vertex -13.6247 -9.10372 13.1429
      vertex -12.2838 -9.4257 11.9625
      vertex -13.0001 -9.97532 13.1429
    endloop
  endfacet
  facet normal -0.645737 -0.462791 -0.607329
    outer loop
      vertex -12.8878 -8.61134 11.9842
      vertex -12.35 -9.33641 11.9649
      vertex -13.6247 -9.10372 13.1429
    endloop
  endfacet
  facet normal -0.737563 -0.528533 -0.420301
    outer loop
      vertex -13.0001 -9.97532 13.1429
      vertex -13.4833 -10.3461 14.4571
      vertex -14.1311 -9.4421 14.4571
    endloop
  endfacet
  facet normal -0.73756 -0.528545 -0.420293
    outer loop
      vertex -13.6247 -9.10372 13.1429
      vertex -13.0001 -9.97532 13.1429
      vertex -14.1311 -9.4421 14.4571
    endloop
  endfacet
  facet normal -0.812839 -0.5824 0.0101977
    outer loop
      vertex -12.696 -9.74196 111.714
      vertex -13.3059 -8.89074 111.714
      vertex -13.4833 -10.3461 14.4571
    endloop
  endfacet
  facet normal -0.812803 -0.582449 0.0101984
    outer loop
      vertex -13.4833 -10.3461 14.4571
      vertex -13.3059 -8.89074 111.714
      vertex -14.1311 -9.4421 14.4571
    endloop
  endfacet
  facet normal -0.787085 -0.563929 -0.249961
    outer loop
      vertex -12.696 -9.74196 111.714
      vertex -12.7546 -9.78694 112
      vertex -12.89 -9.59796 112
    endloop
  endfacet
  facet normal -0.786974 -0.563981 -0.250196
    outer loop
      vertex -13.3059 -8.89074 111.714
      vertex -12.89 -9.59796 112
      vertex -13.3674 -8.9318 112
    endloop
  endfacet
  facet normal -0.787079 -0.563943 -0.24995
    outer loop
      vertex -12.89 -9.59796 112
      vertex -13.3059 -8.89074 111.714
      vertex -12.696 -9.74196 111.714
    endloop
  endfacet
  facet normal -0.674637 -0.419674 -0.607239
    outer loop
      vertex -12.8878 -8.61134 11.9842
      vertex -14.1909 -8.19313 13.1429
      vertex -12.952 -8.50423 11.9815
    endloop
  endfacet
  facet normal -0.674662 -0.419501 -0.60733
    outer loop
      vertex -14.1909 -8.19313 13.1429
      vertex -12.8878 -8.61134 11.9842
      vertex -13.6247 -9.10372 13.1429
    endloop
  endfacet
  facet normal -0.674675 -0.419479 -0.607331
    outer loop
      vertex -13.409 -7.7417 11.9625
      vertex -12.952 -8.50423 11.9815
      vertex -14.1909 -8.19313 13.1429
    endloop
  endfacet
  facet normal -0.770551 -0.479172 -0.420293
    outer loop
      vertex -13.6247 -9.10372 13.1429
      vertex -14.1311 -9.4421 14.4571
      vertex -14.7184 -8.49767 14.4571
    endloop
  endfacet
  facet normal -0.770561 -0.479131 -0.420321
    outer loop
      vertex -14.1909 -8.19313 13.1429
      vertex -13.6247 -9.10372 13.1429
      vertex -14.7184 -8.49767 14.4571
    endloop
  endfacet
  facet normal -0.849154 -0.528047 0.0101984
    outer loop
      vertex -13.3059 -8.89074 111.714
      vertex -13.8589 -8.00146 111.714
      vertex -14.1311 -9.4421 14.4571
    endloop
  endfacet
  facet normal -0.849152 -0.528051 0.0101985
    outer loop
      vertex -14.1311 -9.4421 14.4571
      vertex -13.8589 -8.00146 111.714
      vertex -14.7184 -8.49767 14.4571
    endloop
  endfacet
  facet normal -0.822136 -0.511362 -0.250202
    outer loop
      vertex -13.3059 -8.89074 111.714
      vertex -13.3674 -8.9318 112
      vertex -13.4902 -8.73437 112
    endloop
  endfacet
  facet normal -0.822265 -0.511228 -0.250052
    outer loop
      vertex -13.8589 -8.00146 111.714
      vertex -13.4902 -8.73437 112
      vertex -13.9229 -8.03841 112
    endloop
  endfacet
  facet normal -0.822172 -0.511269 -0.250277
    outer loop
      vertex -13.4902 -8.73437 112
      vertex -13.8589 -8.00146 111.714
      vertex -13.3059 -8.89074 111.714
    endloop
  endfacet
  facet normal -0.700498 -0.374762 -0.607335
    outer loop
      vertex -14.1909 -8.19313 13.1429
      vertex -13.4683 -7.64285 11.9699
      vertex -13.409 -7.7417 11.9625
    endloop
  endfacet
  facet normal -0.700644 -0.374524 -0.607313
    outer loop
      vertex -13.4683 -7.64285 11.9699
      vertex -14.1909 -8.19313 13.1429
      vertex -14.6964 -7.24746 13.1429
    endloop
  endfacet
  facet normal -0.700699 -0.374358 -0.607352
    outer loop
      vertex -13.6698 -7.30665 11.995
      vertex -14.6964 -7.24746 13.1429
      vertex -13.8866 -6.84813 11.9625
    endloop
  endfacet
  facet normal -0.700637 -0.374585 -0.607285
    outer loop
      vertex -14.6964 -7.24746 13.1429
      vertex -13.6698 -7.30665 11.995
      vertex -13.4683 -7.64285 11.9699
    endloop
  endfacet
  facet normal -0.800256 -0.427693 -0.42032
    outer loop
      vertex -14.1909 -8.19313 13.1429
      vertex -14.7184 -8.49767 14.4571
      vertex -15.2426 -7.51684 14.4571
    endloop
  endfacet
  facet normal -0.800243 -0.427763 -0.420274
    outer loop
      vertex -14.6964 -7.24746 13.1429
      vertex -14.1909 -8.19313 13.1429
      vertex -15.2426 -7.51684 14.4571
    endloop
  endfacet
  facet normal -0.881855 -0.471411 0.0101985
    outer loop
      vertex -13.8589 -8.00146 111.714
      vertex -14.3526 -7.07791 111.714
      vertex -14.7184 -8.49767 14.4571
    endloop
  endfacet
  facet normal -0.8819 -0.471327 0.0101974
    outer loop
      vertex -14.7184 -8.49767 14.4571
      vertex -14.3526 -7.07791 111.714
      vertex -15.2426 -7.51684 14.4571
    endloop
  endfacet
  facet normal -0.853898 -0.456434 -0.250051
    outer loop
      vertex -13.8589 -8.00146 111.714
      vertex -13.9229 -8.03841 112
      vertex -14.0325 -7.83337 112
    endloop
  endfacet
  facet normal -0.853861 -0.456476 -0.2501
    outer loop
      vertex -14.3526 -7.07791 111.714
      vertex -14.0325 -7.83337 112
      vertex -14.4189 -7.11059 112
    endloop
  endfacet
  facet normal -0.85389 -0.456462 -0.25003
    outer loop
      vertex -14.0325 -7.83337 112
      vertex -14.3526 -7.07791 111.714
      vertex -13.8589 -8.00146 111.714
    endloop
  endfacet
  facet normal -0.723459 -0.328215 -0.607356
    outer loop
      vertex -14.6964 -7.24746 13.1429
      vertex -13.9342 -6.74765 11.9649
      vertex -13.8866 -6.84813 11.9625
    endloop
  endfacet
  facet normal -0.72365 -0.327851 -0.607325
    outer loop
      vertex -13.9342 -6.74765 11.9649
      vertex -14.6964 -7.24746 13.1429
      vertex -15.1389 -6.27075 13.1429
    endloop
  endfacet
  facet normal -0.723651 -0.327838 -0.607331
    outer loop
      vertex -14.3201 -5.93159 11.9842
      vertex -13.9342 -6.74765 11.9649
      vertex -15.1389 -6.27075 13.1429
    endloop
  endfacet
  facet normal -0.826512 -0.374497 -0.420273
    outer loop
      vertex -14.6964 -7.24746 13.1429
      vertex -15.2426 -7.51684 14.4571
      vertex -15.7016 -6.50383 14.4571
    endloop
  endfacet
  facet normal -0.826517 -0.374455 -0.420301
    outer loop
      vertex -15.1389 -6.27075 13.1429
      vertex -14.6964 -7.24746 13.1429
      vertex -15.7016 -6.50383 14.4571
    endloop
  endfacet
  facet normal -0.910812 -0.412695 0.0101974
    outer loop
      vertex -14.3526 -7.07791 111.714
      vertex -14.7848 -6.12405 111.714
      vertex -15.2426 -7.51684 14.4571
    endloop
  endfacet
  facet normal -0.910813 -0.412694 0.0101974
    outer loop
      vertex -15.2426 -7.51684 14.4571
      vertex -14.7848 -6.12405 111.714
      vertex -15.7016 -6.50383 14.4571
    endloop
  endfacet
  facet normal -0.881997 -0.399412 -0.250102
    outer loop
      vertex -14.3526 -7.07791 111.714
      vertex -14.4189 -7.11059 112
      vertex -14.5148 -6.89882 112
    endloop
  endfacet
  facet normal -0.881993 -0.39959 -0.249833
    outer loop
      vertex -14.7848 -6.12405 111.714
      vertex -14.5148 -6.89882 112
      vertex -14.853 -6.15233 112
    endloop
  endfacet
  facet normal -0.881949 -0.399616 -0.249947
    outer loop
      vertex -14.5148 -6.89882 112
      vertex -14.7848 -6.12405 111.714
      vertex -14.3526 -7.07791 111.714
    endloop
  endfacet
  facet normal -0.74341 -0.280151 -0.607336
    outer loop
      vertex -15.1389 -6.27075 13.1429
      vertex -14.3622 -5.81402 11.9815
      vertex -14.3201 -5.93159 11.9842
    endloop
  endfacet
  facet normal -0.743549 -0.279842 -0.607308
    outer loop
      vertex -14.3622 -5.81402 11.9815
      vertex -15.1389 -6.27075 13.1429
      vertex -15.5166 -5.26719 13.1429
    endloop
  endfacet
  facet normal -0.743549 -0.279834 -0.607312
    outer loop
      vertex -14.6617 -4.97698 11.9625
      vertex -14.3622 -5.81402 11.9815
      vertex -15.5166 -5.26719 13.1429
    endloop
  endfacet
  facet normal -0.849214 -0.319661 -0.420301
    outer loop
      vertex -15.1389 -6.27075 13.1429
      vertex -15.7016 -6.50383 14.4571
      vertex -16.0934 -5.46297 14.4571
    endloop
  endfacet
  facet normal -0.849217 -0.319611 -0.420333
    outer loop
      vertex -15.5166 -5.26719 13.1429
      vertex -15.1389 -6.27075 13.1429
      vertex -16.0934 -5.46297 14.4571
    endloop
  endfacet
  facet normal -0.935881 -0.352168 0.0101973
    outer loop
      vertex -14.7848 -6.12405 111.714
      vertex -15.1536 -5.14397 111.714
      vertex -15.7016 -6.50383 14.4571
    endloop
  endfacet
  facet normal -0.935843 -0.35227 0.0101985
    outer loop
      vertex -15.7016 -6.50383 14.4571
      vertex -15.1536 -5.14397 111.714
      vertex -16.0934 -5.46297 14.4571
    endloop
  endfacet
  facet normal -0.906222 -0.341098 -0.249827
    outer loop
      vertex -14.7848 -6.12405 111.714
      vertex -14.853 -6.15233 112
      vertex -14.9349 -5.93474 112
    endloop
  endfacet
  facet normal -0.906155 -0.341069 -0.250109
    outer loop
      vertex -15.1536 -5.14397 111.714
      vertex -14.9349 -5.93474 112
      vertex -15.2236 -5.16772 112
    endloop
  endfacet
  facet normal -0.906236 -0.341013 -0.249891
    outer loop
      vertex -14.9349 -5.93474 112
      vertex -15.1536 -5.14397 111.714
      vertex -14.7848 -6.12405 111.714
    endloop
  endfacet
  facet normal -0.760315 -0.230429 -0.607308
    outer loop
      vertex -15.5166 -5.26719 13.1429
      vertex -14.7005 -4.86846 11.9699
      vertex -14.6617 -4.97698 11.9625
    endloop
  endfacet
  facet normal -0.760237 -0.23064 -0.607326
    outer loop
      vertex -14.7005 -4.86846 11.9699
      vertex -15.5166 -5.26719 13.1429
      vertex -15.8279 -4.24108 13.1429
    endloop
  endfacet
  facet normal -0.760275 -0.230492 -0.607334
    outer loop
      vertex -14.8326 -4.49941 11.995
      vertex -15.8279 -4.24108 13.1429
      vertex -14.9558 -4.0074 11.9625
    endloop
  endfacet
  facet normal -0.760251 -0.230829 -0.607237
    outer loop
      vertex -15.8279 -4.24108 13.1429
      vertex -14.8326 -4.49941 11.995
      vertex -14.7005 -4.86846 11.9699
    endloop
  endfacet
  facet normal -0.868307 -0.263368 -0.420333
    outer loop
      vertex -15.5166 -5.26719 13.1429
      vertex -16.0934 -5.46297 14.4571
      vertex -16.4162 -4.39872 14.4571
    endloop
  endfacet
  facet normal -0.868308 -0.263426 -0.420295
    outer loop
      vertex -15.8279 -4.24108 13.1429
      vertex -15.5166 -5.26719 13.1429
      vertex -16.4162 -4.39872 14.4571
    endloop
  endfacet
  facet normal -0.956887 -0.290281 0.0101986
    outer loop
      vertex -15.1536 -5.14397 111.714
      vertex -15.4576 -4.14186 111.714
      vertex -16.0934 -5.46297 14.4571
    endloop
  endfacet
  facet normal -0.9569 -0.290239 0.0101981
    outer loop
      vertex -16.0934 -5.46297 14.4571
      vertex -15.4576 -4.14186 111.714
      vertex -16.4162 -4.39872 14.4571
    endloop
  endfacet
  facet normal -0.926513 -0.281102 -0.250112
    outer loop
      vertex -15.1536 -5.14397 111.714
      vertex -15.2236 -5.16772 112
      vertex -15.2911 -4.94524 112
    endloop
  endfacet
  facet normal -0.92653 -0.281057 -0.250098
    outer loop
      vertex -15.4576 -4.14186 111.714
      vertex -15.2911 -4.94524 112
      vertex -15.529 -4.16098 112
    endloop
  endfacet
  facet normal -0.926516 -0.281068 -0.250138
    outer loop
      vertex -15.2911 -4.94524 112
      vertex -15.4576 -4.14186 111.714
      vertex -15.1536 -5.14397 111.714
    endloop
  endfacet
  facet normal -0.773738 -0.180222 -0.607329
    outer loop
      vertex -15.8279 -4.24108 13.1429
      vertex -14.9828 -3.89957 11.9649
      vertex -14.9558 -4.0074 11.9625
    endloop
  endfacet
  facet normal -0.773685 -0.180404 -0.607344
    outer loop
      vertex -14.9828 -3.89957 11.9649
      vertex -15.8279 -4.24108 13.1429
      vertex -16.0714 -3.1968 13.1429
    endloop
  endfacet
  facet normal -0.773693 -0.180464 -0.607315
    outer loop
      vertex -15.2022 -3.0239 11.9842
      vertex -14.9828 -3.89957 11.9649
      vertex -16.0714 -3.1968 13.1429
    endloop
  endfacet
  facet normal -0.883673 -0.20609 -0.420296
    outer loop
      vertex -15.8279 -4.24108 13.1429
      vertex -16.4162 -4.39872 14.4571
      vertex -16.6688 -3.31562 14.4571
    endloop
  endfacet
  facet normal -0.88367 -0.20605 -0.420322
    outer loop
      vertex -16.0714 -3.1968 13.1429
      vertex -15.8279 -4.24108 13.1429
      vertex -16.6688 -3.31562 14.4571
    endloop
  endfacet
  facet normal -0.973825 -0.227068 0.0101981
    outer loop
      vertex -15.4576 -4.14186 111.714
      vertex -15.6954 -3.12201 111.714
      vertex -16.4162 -4.39872 14.4571
    endloop
  endfacet
  facet normal -0.973815 -0.227113 0.0101986
    outer loop
      vertex -16.4162 -4.39872 14.4571
      vertex -15.6954 -3.12201 111.714
      vertex -16.6688 -3.31562 14.4571
    endloop
  endfacet
  facet normal -0.942921 -0.219884 -0.250101
    outer loop
      vertex -15.4576 -4.14186 111.714
      vertex -15.529 -4.16098 112
      vertex -15.5818 -3.93456 112
    endloop
  endfacet
  facet normal -0.942923 -0.219861 -0.250113
    outer loop
      vertex -15.6954 -3.12201 111.714
      vertex -15.5818 -3.93456 112
      vertex -15.7679 -3.13643 112
    endloop
  endfacet
  facet normal -0.942922 -0.219863 -0.250117
    outer loop
      vertex -15.5818 -3.93456 112
      vertex -15.6954 -3.12201 111.714
      vertex -15.4576 -4.14186 111.714
    endloop
  endfacet
  facet normal -0.78385 -0.129406 -0.607316
    outer loop
      vertex -16.0714 -3.1968 13.1429
      vertex -15.2205 -2.90038 11.9815
      vertex -15.2022 -3.0239 11.9842
    endloop
  endfacet
  facet normal -0.783844 -0.129435 -0.607319
    outer loop
      vertex -15.2205 -2.90038 11.9815
      vertex -16.0714 -3.1968 13.1429
      vertex -16.2461 -2.13884 13.1429
    endloop
  endfacet
  facet normal -0.783827 -0.129352 -0.607358
    outer loop
      vertex -15.3509 -2.02099 11.9625
      vertex -15.2205 -2.90038 11.9815
      vertex -16.2461 -2.13884 13.1429
    endloop
  endfacet
  facet normal -0.895264 -0.147758 -0.420322
    outer loop
      vertex -16.0714 -3.1968 13.1429
      vertex -16.6688 -3.31562 14.4571
      vertex -16.8499 -2.21834 14.4571
    endloop
  endfacet
  facet normal -0.895275 -0.147836 -0.420271
    outer loop
      vertex -16.2461 -2.13884 13.1429
      vertex -16.0714 -3.1968 13.1429
      vertex -16.8499 -2.21834 14.4571
    endloop
  endfacet
  facet normal -0.98659 -0.162902 0.0101986
    outer loop
      vertex -15.6954 -3.12201 111.714
      vertex -15.866 -2.0888 111.714
      vertex -16.6688 -3.31562 14.4571
    endloop
  endfacet
  facet normal -0.986601 -0.162833 0.0101978
    outer loop
      vertex -16.6688 -3.31562 14.4571
      vertex -15.866 -2.0888 111.714
      vertex -16.8499 -2.21834 14.4571
    endloop
  endfacet
  facet normal -0.955266 -0.15783 -0.250114
    outer loop
      vertex -15.6954 -3.12201 111.714
      vertex -15.7679 -3.13643 112
      vertex -15.8058 -2.90704 112
    endloop
  endfacet
  facet normal -0.955274 -0.157718 -0.250152
    outer loop
      vertex -15.866 -2.0888 111.714
      vertex -15.8058 -2.90704 112
      vertex -15.9393 -2.09845 112
    endloop
  endfacet
  facet normal -0.955263 -0.15773 -0.250188
    outer loop
      vertex -15.8058 -2.90704 112
      vertex -15.866 -2.0888 111.714
      vertex -15.6954 -3.12201 111.714
    endloop
  endfacet
  facet normal -0.790613 -0.07778 -0.607356
    outer loop
      vertex -16.2461 -2.13884 13.1429
      vertex -15.3678 -1.90699 11.9699
      vertex -15.3509 -2.02099 11.9625
    endloop
  endfacet
  facet normal -0.790599 -0.0778649 -0.607363
    outer loop
      vertex -15.3678 -1.90699 11.9699
      vertex -16.2461 -2.13884 13.1429
      vertex -16.3512 -1.07171 13.1429
    endloop
  endfacet
  facet normal -0.790637 -0.0778207 -0.60732
    outer loop
      vertex -15.4254 -1.51927 11.995
      vertex -16.3512 -1.07171 13.1429
      vertex -15.4503 -1.01266 11.9625
    endloop
  endfacet
  facet normal -0.790678 -0.0781537 -0.607223
    outer loop
      vertex -16.3512 -1.07171 13.1429
      vertex -15.4254 -1.51927 11.995
      vertex -15.3678 -1.90699 11.9699
    endloop
  endfacet
  facet normal -0.90303 -0.0889331 -0.420271
    outer loop
      vertex -16.2461 -2.13884 13.1429
      vertex -16.8499 -2.21834 14.4571
      vertex -16.9589 -1.11155 14.4571
    endloop
  endfacet
  facet normal -0.903031 -0.0889382 -0.420267
    outer loop
      vertex -16.3512 -1.07171 13.1429
      vertex -16.2461 -2.13884 13.1429
      vertex -16.9589 -1.11155 14.4571
    endloop
  endfacet
  facet normal -0.995128 -0.0980652 0.0101978
    outer loop
      vertex -15.866 -2.0888 111.714
      vertex -15.9687 -1.04664 111.714
      vertex -16.8499 -2.21834 14.4571
    endloop
  endfacet
  facet normal -0.995134 -0.0980038 0.0101971
    outer loop
      vertex -16.8499 -2.21834 14.4571
      vertex -15.9687 -1.04664 111.714
      vertex -16.9589 -1.11155 14.4571
    endloop
  endfacet
  facet normal -0.96354 -0.0949464 -0.250153
    outer loop
      vertex -15.866 -2.0888 111.714
      vertex -15.9393 -2.09845 112
      vertex -15.9621 -1.86707 112
    endloop
  endfacet
  facet normal -0.963608 -0.0948722 -0.249917
    outer loop
      vertex -15.9687 -1.04664 111.714
      vertex -15.9621 -1.86707 112
      vertex -16.0424 -1.05147 112
    endloop
  endfacet
  facet normal -0.96354 -0.0949524 -0.250148
    outer loop
      vertex -15.9621 -1.86707 112
      vertex -15.9687 -1.04664 111.714
      vertex -15.866 -2.0888 111.714
    endloop
  endfacet
  facet normal -0.794055 -0.0254934 -0.607311
    outer loop
      vertex -16.3512 -1.07171 13.1429
      vertex -15.4557 -0.901637 11.9649
      vertex -15.4503 -1.01266 11.9625
    endloop
  endfacet
  facet normal -0.794009 -0.0260049 -0.60735
    outer loop
      vertex -15.4557 -0.901637 11.9649
      vertex -16.3512 -1.07171 13.1429
      vertex -16.3863 0 13.1429
    endloop
  endfacet
  facet normal -0.794011 -0.0260115 -0.607346
    outer loop
      vertex -15.5 0 11.9842
      vertex -15.4557 -0.901637 11.9649
      vertex -16.3863 0 13.1429
    endloop
  endfacet
  facet normal -0.906914 -0.0296988 -0.420267
    outer loop
      vertex -16.3512 -1.07171 13.1429
      vertex -16.9589 -1.11155 14.4571
      vertex -16.9953 0 14.4571
    endloop
  endfacet
  facet normal -0.906915 -0.0297027 -0.420264
    outer loop
      vertex -16.3863 0 13.1429
      vertex -16.3512 -1.07171 13.1429
      vertex -16.9953 0 14.4571
    endloop
  endfacet
  facet normal -0.999415 -0.0326569 0.0101971
    outer loop
      vertex -15.9687 -1.04664 111.714
      vertex -16.0029 0 111.714
      vertex -16.9589 -1.11155 14.4571
    endloop
  endfacet
  facet normal -0.999412 -0.0327278 0.0101979
    outer loop
      vertex -16.9589 -1.11155 14.4571
      vertex -16.0029 0 111.714
      vertex -16.9953 0 14.4571
    endloop
  endfacet
  facet normal -0.96775 -0.0316524 -0.249916
    outer loop
      vertex -15.9687 -1.04664 111.714
      vertex -16.0424 -1.05147 112
      vertex -16.05 -0.819105 112
    endloop
  endfacet
  facet normal -0.967715 -0.0316623 -0.250049
    outer loop
      vertex -16.0029 0 111.714
      vertex -16.05 -0.819105 112
      vertex -16.0768 0 112
    endloop
  endfacet
  facet normal -0.967745 -0.031622 -0.249939
    outer loop
      vertex -16.05 -0.819105 112
      vertex -16.0029 0 111.714
      vertex -15.9687 -1.04664 111.714
    endloop
  endfacet
  facet normal 0 0 1
    outer loop
      vertex 9.44469 14.135 60
      vertex 8.77336 14 60
      vertex 9.6267 14 60
    endloop
  endfacet
  facet normal 0 0 1
    outer loop
      vertex 9.44469 14.135 60
      vertex 8.68173 14.057 60
      vertex 8.77336 14 60
    endloop
  endfacet
  facet normal 0 0 1
    outer loop
      vertex 8.01374 14.9927 60
      vertex 8.68173 14.057 60
      vertex 9.44469 14.135 60
    endloop
  endfacet
  facet normal 0 0 1
    outer loop
      vertex 8.68173 14.057 60
      vertex 8.01374 14.9927 60
      vertex 8.2653 14.3159 60
    endloop
  endfacet
  facet normal 0 0 1
    outer loop
      vertex 8.01374 14.9927 60
      vertex 7.74377 14.5947 60
      vertex 8.2653 14.3159 60
    endloop
  endfacet
  facet normal 0 0 1
    outer loop
      vertex 8.01374 14.9927 60
      vertex 7.3113 14.8259 60
      vertex 7.74377 14.5947 60
    endloop
  endfacet
  facet normal 0 0 1
    outer loop
      vertex 6.50562 15.706 60
      vertex 7.3113 14.8259 60
      vertex 8.01374 14.9927 60
    endloop
  endfacet
  facet normal 0 0 1
    outer loop
      vertex 7.3113 14.8259 60
      vertex 6.50562 15.706 60
      vertex 6.77266 15.0699 60
    endloop
  endfacet
  facet normal 0 0 1
    outer loop
      vertex 6.50562 15.706 60
      vertex 6.32599 15.2723 60
      vertex 6.77266 15.0699 60
    endloop
  endfacet
  facet normal 0 0 1
    outer loop
      vertex 6.50562 15.706 60
      vertex 5.77254 15.4806 60
      vertex 6.32599 15.2723 60
    endloop
  endfacet
  facet normal 0 0 1
    outer loop
      vertex 4.93484 16.268 60
      vertex 5.77254 15.4806 60
      vertex 6.50562 15.706 60
    endloop
  endfacet
  facet normal 0 0 1
    outer loop
      vertex 5.77254 15.4806 60
      vertex 4.93484 16.268 60
      vertex 5.31359 15.6533 60
    endloop
  endfacet
  facet normal 0 0 1
    outer loop
      vertex 4.93484 16.268 60
      vertex 4.7477 15.825 60
      vertex 5.31359 15.6533 60
    endloop
  endfacet
  facet normal 0 0 1
    outer loop
      vertex 4.93484 16.268 60
      vertex 4.27844 15.9673 60
      vertex 4.7477 15.825 60
    endloop
  endfacet
  facet normal 0 0 1
    outer loop
      vertex 3.31653 16.6733 60
      vertex 4.27844 15.9673 60
      vertex 4.93484 16.268 60
    endloop
  endfacet
  facet normal 0 0 1
    outer loop
      vertex 4.27844 15.9673 60
      vertex 3.31653 16.6733 60
      vertex 3.70253 16.1016 60
    endloop
  endfacet
  facet normal 0 0 1
    outer loop
      vertex 3.31653 16.6733 60
      vertex 3.22496 16.213 60
      vertex 3.70253 16.1016 60
    endloop
  endfacet
  facet normal 0 0 1
    outer loop
      vertex 3.31653 16.6733 60
      vertex 2.6415 16.3093 60
      vertex 3.22496 16.213 60
    endloop
  endfacet
  facet normal 0 0 1
    outer loop
      vertex 1.66629 16.9181 60
      vertex 2.6415 16.3093 60
      vertex 3.31653 16.6733 60
    endloop
  endfacet
  facet normal 0 0 1
    outer loop
      vertex 2.6415 16.3093 60
      vertex 1.66629 16.9181 60
      vertex 2.15768 16.3892 60
    endloop
  endfacet
  facet normal 0 0 1
    outer loop
      vertex 1.66629 16.9181 60
      vertex 1.56917 16.4472 60
      vertex 2.15768 16.3892 60
    endloop
  endfacet
  facet normal 0 0 1
    outer loop
      vertex 1.66629 16.9181 60
      vertex 1.08115 16.4952 60
      vertex 1.56917 16.4472 60
    endloop
  endfacet
  facet normal 0 0 1
    outer loop
      vertex 0 17 60
      vertex 1.08115 16.4952 60
      vertex 1.66629 16.9181 60
    endloop
  endfacet
  facet normal 0 0 1
    outer loop
      vertex 1.08115 16.4952 60
      vertex 0 17 60
      vertex 0.490113 16.5146 60
    endloop
  endfacet
  facet normal 0 0 1
    outer loop
      vertex 0 17 60
      vertex 0 16.5306 60
      vertex 0.490113 16.5146 60
    endloop
  endfacet
  facet normal 0 0 1
    outer loop
      vertex 0 17 60
      vertex -0.59104 16.5113 60
      vertex 0 16.5306 60
    endloop
  endfacet
  facet normal -0 0 1
    outer loop
      vertex -1.66629 16.9181 60
      vertex -0.59104 16.5113 60
      vertex 0 17 60
    endloop
  endfacet
  facet normal 0 0 1
    outer loop
      vertex -0.59104 16.5113 60
      vertex -1.66629 16.9181 60
      vertex -1.08115 16.4952 60
    endloop
  endfacet
  facet normal 0 0 1
    outer loop
      vertex -1.66629 16.9181 60
      vertex -1.66966 16.4373 60
      vertex -1.08115 16.4952 60
    endloop
  endfacet
  facet normal 0 0 1
    outer loop
      vertex -1.66629 16.9181 60
      vertex -2.15768 16.3892 60
      vertex -1.66966 16.4373 60
    endloop
  endfacet
  facet normal -0 0 1
    outer loop
      vertex -3.31653 16.6733 60
      vertex -2.15768 16.3892 60
      vertex -1.66629 16.9181 60
    endloop
  endfacet
  facet normal 0 0 1
    outer loop
      vertex -2.15768 16.3892 60
      vertex -3.31653 16.6733 60
      vertex -2.74114 16.2929 60
    endloop
  endfacet
  facet normal 0 0 1
    outer loop
      vertex -2.74114 16.2929 60
      vertex -3.31653 16.6733 60
      vertex -3.22496 16.213 60
    endloop
  endfacet
  facet normal 0 0 1
    outer loop
      vertex -3.31653 16.6733 60
      vertex -3.80087 16.0787 60
      vertex -3.22496 16.213 60
    endloop
  endfacet
  facet normal -0 0 1
    outer loop
      vertex -4.93484 16.268 60
      vertex -3.80087 16.0787 60
      vertex -3.31653 16.6733 60
    endloop
  endfacet
  facet normal 0 0 1
    outer loop
      vertex -3.80087 16.0787 60
      vertex -4.93484 16.268 60
      vertex -4.27844 15.9673 60
    endloop
  endfacet
  facet normal 0 0 1
    outer loop
      vertex -4.27844 15.9673 60
      vertex -4.93484 16.268 60
      vertex -4.84433 15.7957 60
    endloop
  endfacet
  facet normal 0 0 1
    outer loop
      vertex -4.93484 16.268 60
      vertex -5.31359 15.6533 60
      vertex -4.84433 15.7957 60
    endloop
  endfacet
  facet normal -0 0 1
    outer loop
      vertex -6.50562 15.706 60
      vertex -5.31359 15.6533 60
      vertex -4.93484 16.268 60
    endloop
  endfacet
  facet normal 0 0 1
    outer loop
      vertex -5.31359 15.6533 60
      vertex -6.50562 15.706 60
      vertex -5.86704 15.445 60
    endloop
  endfacet
  facet normal 0 0 1
    outer loop
      vertex -5.86704 15.445 60
      vertex -6.50562 15.706 60
      vertex -6.32599 15.2723 60
    endloop
  endfacet
  facet normal 0 0 1
    outer loop
      vertex -6.50562 15.706 60
      vertex -6.86464 15.0282 60
      vertex -6.32599 15.2723 60
    endloop
  endfacet
  facet normal 0 0 1
    outer loop
      vertex -8.01374 14.9927 60
      vertex -6.86464 15.0282 60
      vertex -6.50562 15.706 60
    endloop
  endfacet
  facet normal 0 0 1
    outer loop
      vertex -6.86464 15.0282 60
      vertex -8.01374 14.9927 60
      vertex -7.3113 14.8259 60
    endloop
  endfacet
  facet normal 0 0 1
    outer loop
      vertex -7.3113 14.8259 60
      vertex -8.01374 14.9927 60
      vertex -7.83283 14.5471 60
    endloop
  endfacet
  facet normal 0 0 1
    outer loop
      vertex -8.01374 14.9927 60
      vertex -8.2653 14.3159 60
      vertex -7.83283 14.5471 60
    endloop
  endfacet
  facet normal 0 0 1
    outer loop
      vertex -9.44469 14.135 60
      vertex -8.2653 14.3159 60
      vertex -8.01374 14.9927 60
    endloop
  endfacet
  facet normal 0 0 1
    outer loop
      vertex -8.2653 14.3159 60
      vertex -9.44469 14.135 60
      vertex -8.76749 14.0037 60
    endloop
  endfacet
  facet normal 0 0 1
    outer loop
      vertex -8.76749 14.0037 60
      vertex -9.44469 14.135 60
      vertex -8.77336 14 60
    endloop
  endfacet
  facet normal 0 0 1
    outer loop
      vertex -8.77336 14 60
      vertex -9.44469 14.135 60
      vertex -9.6267 14 60
    endloop
  endfacet
  facet normal 0 -1 0
    outer loop
      vertex -9.6267 14 60
      vertex -9.3545 14 29.9092
      vertex -8.77336 14 60
    endloop
  endfacet
  facet normal 0 -1 0
    outer loop
      vertex -9.6267 14 22.9
      vertex -9.3545 14 29.9092
      vertex -9.6267 14 60
    endloop
  endfacet
  facet normal 0 -1 0
    outer loop
      vertex -9.3545 14 29.9092
      vertex -9.6267 14 22.9
      vertex -9.47722 14 22.9
    endloop
  endfacet
  facet normal 0 -1 0
    outer loop
      vertex 8.77336 14 60
      vertex 9.6267 14 46.647
      vertex 9.6267 14 60
    endloop
  endfacet
  facet normal 0 -1 0
    outer loop
      vertex 8.77336 14 60
      vertex 9.54804 14 46.3877
      vertex 9.6267 14 46.647
    endloop
  endfacet
  facet normal 0 -1 0
    outer loop
      vertex 8.77336 14 60
      vertex 9.5 14 45.9
      vertex 9.54804 14 46.3877
    endloop
  endfacet
  facet normal 0 -1 0
    outer loop
      vertex 9.3545 14 29.9092
      vertex 9.5 14 45.9
      vertex 8.77336 14 60
    endloop
  endfacet
  facet normal 0 -1 0
    outer loop
      vertex 9.3545 14 29.9092
      vertex 9.54804 14 45.4123
      vertex 9.5 14 45.9
    endloop
  endfacet
  facet normal 0 -1 0
    outer loop
      vertex 9.3545 14 29.9092
      vertex 9.6267 14 45.153
      vertex 9.54804 14 45.4123
    endloop
  endfacet
  facet normal 0 -1 0
    outer loop
      vertex 9.46949 14 23.3416
      vertex 9.6267 14 45.153
      vertex 9.3545 14 29.9092
    endloop
  endfacet
  facet normal 0 -1 0
    outer loop
      vertex 9.62505 14 14.4571
      vertex 9.6267 14 45.153
      vertex 9.46949 14 23.3416
    endloop
  endfacet
  facet normal 0 -1 0
    outer loop
      vertex 9.6267 14 8
      vertex 7.52309 14 12.5095
      vertex 6.90404 14 12.1277
    endloop
  endfacet
  facet normal 0 -1 0
    outer loop
      vertex 6.60846 14 8
      vertex 6.90404 14 12.1277
      vertex 6.60846 14 11.9682
    endloop
  endfacet
  facet normal 0 -1 0
    outer loop
      vertex 9.6267 14 8
      vertex 6.90404 14 12.1277
      vertex 6.60846 14 8
    endloop
  endfacet
  facet normal 0 -1 0
    outer loop
      vertex 7.52309 14 12.5095
      vertex 9.6267 14 8
      vertex 8.0829 14 12.8546
    endloop
  endfacet
  facet normal 0 -1 0
    outer loop
      vertex 8.0829 14 12.8546
      vertex 9.6267 14 8
      vertex 8.50015 14 13.1429
    endloop
  endfacet
  facet normal 0 -1 0
    outer loop
      vertex 8.50015 14 13.1429
      vertex 9.6267 14 8
      vertex 9.3545 14 14.1169
    endloop
  endfacet
  facet normal 0 -1 0
    outer loop
      vertex 9.62505 14 14.4571
      vertex 9.6267 14 8
      vertex 9.6267 14 45.153
    endloop
  endfacet
  facet normal 0 -1 0
    outer loop
      vertex 9.3545 14 14.1169
      vertex 9.6267 14 8
      vertex 9.62505 14 14.4571
    endloop
  endfacet
  facet normal 0 -1 0
    outer loop
      vertex -9.6267 14 12.9
      vertex -8.0829 14 12.8546
      vertex -8.14857 14 12.9
    endloop
  endfacet
  facet normal 0 -1 0
    outer loop
      vertex -9.6267 14 12.9
      vertex -7.47166 14 12.4777
      vertex -8.0829 14 12.8546
    endloop
  endfacet
  facet normal 0 -1 0
    outer loop
      vertex -9.6267 14 8
      vertex -7.47166 14 12.4777
      vertex -9.6267 14 12.9
    endloop
  endfacet
  facet normal 0 -1 -0
    outer loop
      vertex -7.47166 14 12.4777
      vertex -9.6267 14 8
      vertex -6.90404 14 12.1277
    endloop
  endfacet
  facet normal 0 -1 0
    outer loop
      vertex -6.60846 14 8
      vertex -6.90404 14 12.1277
      vertex -9.6267 14 8
    endloop
  endfacet
  facet normal 0 -1 0
    outer loop
      vertex -6.90404 14 12.1277
      vertex -6.60846 14 8
      vertex -6.72159 14 12.0292
    endloop
  endfacet
  facet normal 0 -1 0
    outer loop
      vertex -6.72159 14 12.0292
      vertex -6.60846 14 8
      vertex -6.60846 14 11.9682
    endloop
  endfacet
  facet normal 0.0490918 0.998794 -2.22053e-07
    outer loop
      vertex 1.66629 16.9181 60
      vertex 1.11066 16.9454 15.7836
      vertex 0 17 60
    endloop
  endfacet
  facet normal 0.0444825 0.99901 5.78331e-05
    outer loop
      vertex 1.66629 16.9181 60
      vertex 1.12422 16.9448 15.7183
      vertex 1.11066 16.9454 15.7836
    endloop
  endfacet
  facet normal 0.0492117 0.998788 -1.93297e-07
    outer loop
      vertex 1.66629 16.9181 60
      vertex 1.38603 16.9319 14.4571
      vertex 1.12422 16.9448 15.7183
    endloop
  endfacet
  facet normal 0.0489671 0.9988 -9.2797e-06
    outer loop
      vertex 1.38603 16.9319 14.4571
      vertex 1.66629 16.9181 8
      vertex 1.11066 16.9454 14.4279
    endloop
  endfacet
  facet normal 0.0491804 0.99879 -0
    outer loop
      vertex 1.66629 16.9181 8
      vertex 1.38603 16.9319 14.4571
      vertex 1.66629 16.9181 60
    endloop
  endfacet
  facet normal 0.0491054 0.998794 1.19707e-07
    outer loop
      vertex 0.284868 16.986 14.4571
      vertex 0 17 60
      vertex 1.11066 16.9454 15.7836
    endloop
  endfacet
  facet normal 0.0518416 0.998655 0.000239809
    outer loop
      vertex 1.66629 16.9181 8
      vertex 1.08754 16.9466 14.4287
      vertex 1.11066 16.9454 14.4279
    endloop
  endfacet
  facet normal 0.0490918 0.998794 -8.35803e-06
    outer loop
      vertex 1.08754 16.9466 14.4287
      vertex 1.66629 16.9181 8
      vertex 0 17 8
    endloop
  endfacet
  facet normal 0.0490863 0.998795 0
    outer loop
      vertex 0.284868 16.986 14.4571
      vertex 0 17 8
      vertex 0 17 60
    endloop
  endfacet
  facet normal 0.0490271 0.998797 2.61845e-06
    outer loop
      vertex 1.08754 16.9466 14.4287
      vertex 0 17 8
      vertex 0.284868 16.986 14.4571
    endloop
  endfacet
  facet normal 0.336872 0.941551 2.54861e-09
    outer loop
      vertex 6.50562 15.706 60
      vertex 5.45862 16.0806 15.7836
      vertex 4.93484 16.268 60
    endloop
  endfacet
  facet normal 0.341334 0.939942 -0.000119293
    outer loop
      vertex 6.50562 15.706 60
      vertex 5.47183 16.0758 15.761
      vertex 5.45862 16.0806 15.7836
    endloop
  endfacet
  facet normal 0.336876 0.941549 -1.66506e-06
    outer loop
      vertex 6.50562 15.706 60
      vertex 6.23708 15.802 14.4571
      vertex 5.47183 16.0758 15.761
    endloop
  endfacet
  facet normal 0.336957 0.94152 -1.40508e-05
    outer loop
      vertex 4.98511 16.25 10.2128
      vertex 5.45862 16.0806 14.4279
      vertex 6.23708 15.802 14.4571
    endloop
  endfacet
  facet normal 0.337105 0.941467 -3.27076e-05
    outer loop
      vertex 5.45862 16.0806 14.4279
      vertex 4.98511 16.25 10.2128
      vertex 4.93484 16.268 10.2177
    endloop
  endfacet
  facet normal 0.336879 0.941548 1.19226e-05
    outer loop
      vertex 6.50562 15.706 8
      vertex 4.98511 16.25 10.2128
      vertex 6.23708 15.802 14.4571
    endloop
  endfacet
  facet normal 0.337369 0.941372 0
    outer loop
      vertex 4.98511 16.25 10.2128
      vertex 5.06882 16.22 9.19593
      vertex 4.98511 16.25 9.20695
    endloop
  endfacet
  facet normal 0.33653 0.941673 -7.79065e-05
    outer loop
      vertex 4.98511 16.25 10.2128
      vertex 5.31 16.1338 9.09602
      vertex 5.06882 16.22 9.19593
    endloop
  endfacet
  facet normal 0.337417 0.941355 0.000213014
    outer loop
      vertex 4.98511 16.25 10.2128
      vertex 5.51711 16.0596 8.93711
      vertex 5.31 16.1338 9.09602
    endloop
  endfacet
  facet normal 0.336848 0.941559 -1.24444e-05
    outer loop
      vertex 5.67603 16.0028 8.73
      vertex 4.98511 16.25 10.2128
      vertex 6.50562 15.706 8
    endloop
  endfacet
  facet normal 0.336082 0.941833 -0.000414874
    outer loop
      vertex 4.98511 16.25 10.2128
      vertex 5.67603 16.0028 8.73
      vertex 5.51711 16.0596 8.93711
    endloop
  endfacet
  facet normal 0.336574 0.941657 -0.000362893
    outer loop
      vertex 5.67603 16.0028 8.73
      vertex 6.50562 15.706 8
      vertex 5.77593 15.967 8.48882
    endloop
  endfacet
  facet normal 0.336625 0.941639 -0
    outer loop
      vertex 6.50562 15.706 8
      vertex 6.23708 15.802 14.4571
      vertex 6.50562 15.706 60
    endloop
  endfacet
  facet normal 0.336758 0.941591 -5.43944e-05
    outer loop
      vertex 5.77593 15.967 8.48882
      vertex 6.50562 15.706 8
      vertex 5.81 15.9548 8.23
    endloop
  endfacet
  facet normal 0.336854 0.941557 0.000274047
    outer loop
      vertex 5.81 15.9548 8.23
      vertex 6.50562 15.706 8
      vertex 5.77972 15.9657 8
    endloop
  endfacet
  facet normal 0.336952 0.941522 1.07282e-06
    outer loop
      vertex 5.19904 16.1735 14.4571
      vertex 4.93484 16.268 60
      vertex 5.45862 16.0806 15.7836
    endloop
  endfacet
  facet normal 0.336788 0.941581 0
    outer loop
      vertex 5.19904 16.1735 14.4571
      vertex 4.93484 16.268 10.2177
      vertex 4.93484 16.268 60
    endloop
  endfacet
  facet normal 0.33691 0.941537 -8.55655e-06
    outer loop
      vertex 5.43798 16.088 14.4303
      vertex 4.93484 16.268 10.2177
      vertex 5.19904 16.1735 14.4571
    endloop
  endfacet
  facet normal 0.337483 0.941332 -8.5809e-05
    outer loop
      vertex 4.93484 16.268 10.2177
      vertex 5.43798 16.088 14.4303
      vertex 5.45862 16.0806 14.4279
    endloop
  endfacet
  facet normal -0.336872 0.941551 2.54861e-09
    outer loop
      vertex -4.93484 16.268 60
      vertex -5.45862 16.0806 15.7836
      vertex -6.50562 15.706 60
    endloop
  endfacet
  facet normal -0.332397 0.94314 -5.97433e-05
    outer loop
      vertex -4.93484 16.268 60
      vertex -5.44584 16.0851 15.7183
      vertex -5.45862 16.0806 15.7836
    endloop
  endfacet
  facet normal -0.337194 0.941435 2.65839e-06
    outer loop
      vertex -4.93484 16.268 60
      vertex -5.19904 16.1735 14.4571
      vertex -5.44584 16.0851 15.7183
    endloop
  endfacet
  facet normal -0.336956 0.94152 -7.75538e-06
    outer loop
      vertex -5.19904 16.1735 14.4571
      vertex -4.93484 16.268 8
      vertex -5.45862 16.0806 14.4279
    endloop
  endfacet
  facet normal -0.336788 0.941581 0
    outer loop
      vertex -4.93484 16.268 8
      vertex -5.19904 16.1735 14.4571
      vertex -4.93484 16.268 60
    endloop
  endfacet
  facet normal -0.336954 0.941521 -2.18448e-06
    outer loop
      vertex -6.23708 15.802 14.4571
      vertex -6.50562 15.706 60
      vertex -5.45862 16.0806 15.7836
    endloop
  endfacet
  facet normal -0.336884 0.941546 -1.10566e-06
    outer loop
      vertex -4.93484 16.268 8
      vertex -5.48042 16.0728 14.4288
      vertex -5.45862 16.0806 14.4279
    endloop
  endfacet
  facet normal -0.336872 0.941551 2.75988e-08
    outer loop
      vertex -5.48042 16.0728 14.4288
      vertex -4.93484 16.268 8
      vertex -6.50562 15.706 8
    endloop
  endfacet
  facet normal -0.336625 0.941639 0
    outer loop
      vertex -6.23708 15.802 14.4571
      vertex -6.50562 15.706 8
      vertex -6.50562 15.706 60
    endloop
  endfacet
  facet normal -0.336959 0.941519 1.56371e-05
    outer loop
      vertex -5.48042 16.0728 14.4288
      vertex -6.50562 15.706 8
      vertex -6.23708 15.802 14.4571
    endloop
  endfacet
  facet normal 0.514112 0.857723 -1.32253e-06
    outer loop
      vertex 9.44469 14.135 60
      vertex 8.36 14.7851 24.64
      vertex 8.01374 14.9927 60
    endloop
  endfacet
  facet normal 0.514009 0.857785 3.00048e-06
    outer loop
      vertex 9.44469 14.135 60
      vertex 8.6447 14.6145 24.6025
      vertex 8.36 14.7851 24.64
    endloop
  endfacet
  facet normal 0.514068 0.857749 1.17095e-06
    outer loop
      vertex 9.44469 14.135 60
      vertex 8.91 14.4555 24.4926
      vertex 8.6447 14.6145 24.6025
    endloop
  endfacet
  facet normal 0.51424 0.857646 -2.34191e-06
    outer loop
      vertex 9.44469 14.135 60
      vertex 9.13782 14.3189 24.3178
      vertex 8.91 14.4555 24.4926
    endloop
  endfacet
  facet normal 0.514184 0.85768 -1.68843e-06
    outer loop
      vertex 9.44469 14.135 60
      vertex 9.31263 14.2141 24.09
      vertex 9.13782 14.3189 24.3178
    endloop
  endfacet
  facet normal 0.513727 0.857954 5.92846e-07
    outer loop
      vertex 9.44469 14.135 60
      vertex 9.42252 14.1483 23.8247
      vertex 9.31263 14.2141 24.09
    endloop
  endfacet
  facet normal 0.514439 0.857527 0
    outer loop
      vertex 9.42252 14.1483 23.8247
      vertex 9.44469 14.135 60
      vertex 9.44469 14.135 23.6563
    endloop
  endfacet
  facet normal 0.51423 0.857652 2.43513e-07
    outer loop
      vertex 8.0753 14.9558 24.6025
      vertex 8.01374 14.9927 60
      vertex 8.36 14.7851 24.64
    endloop
  endfacet
  facet normal 0.514127 0.857714 0
    outer loop
      vertex 8.01374 14.9927 60
      vertex 8.0753 14.9558 24.6025
      vertex 8.01374 14.9927 24.577
    endloop
  endfacet
  facet normal 0.514008 0.857786 4.99318e-06
    outer loop
      vertex 8.6447 14.6145 22.4775
      vertex 8.4909 14.7067 15.7835
      vertex 8.36 14.7851 22.44
    endloop
  endfacet
  facet normal 0.514067 0.85775 3.15009e-06
    outer loop
      vertex 8.91 14.4555 22.5874
      vertex 8.4909 14.7067 15.7835
      vertex 8.6447 14.6145 22.4775
    endloop
  endfacet
  facet normal 0.514248 0.857642 -1.20074e-05
    outer loop
      vertex 9.13782 14.3189 22.7622
      vertex 8.4909 14.7067 15.7835
      vertex 8.91 14.4555 22.5874
    endloop
  endfacet
  facet normal 0.514188 0.857678 -2.17587e-06
    outer loop
      vertex 8.50294 14.6995 15.761
      vertex 9.13782 14.3189 22.7622
      vertex 9.31263 14.2141 22.99
    endloop
  endfacet
  facet normal 0.51371 0.857964 9.27227e-06
    outer loop
      vertex 9.20005 14.2816 14.4571
      vertex 9.31263 14.2141 22.99
      vertex 9.42252 14.1483 23.2553
    endloop
  endfacet
  facet normal 0.514548 0.857462 -1.95333e-05
    outer loop
      vertex 9.20005 14.2816 14.4571
      vertex 9.42252 14.1483 23.2553
      vertex 9.44469 14.135 23.4237
    endloop
  endfacet
  facet normal 0.513373 0.858166 9.82659e-05
    outer loop
      vertex 9.13782 14.3189 22.7622
      vertex 8.50294 14.6995 15.761
      vertex 8.4909 14.7067 15.7835
    endloop
  endfacet
  facet normal 0.514166 0.857691 1.08957e-06
    outer loop
      vertex 9.31263 14.2141 22.99
      vertex 9.20005 14.2816 14.4571
      vertex 8.50294 14.6995 15.761
    endloop
  endfacet
  facet normal 0.514149 0.857701 6.55947e-06
    outer loop
      vertex 9.20005 14.2816 14.4571
      vertex 9.44469 14.135 8
      vertex 8.4909 14.7067 14.4279
    endloop
  endfacet
  facet normal 0.514021 0.857777 -0
    outer loop
      vertex 9.44469 14.135 8
      vertex 9.20005 14.2816 14.4571
      vertex 9.44469 14.135 23.4237
    endloop
  endfacet
  facet normal 0.514231 0.857652 1.09577e-05
    outer loop
      vertex 8.4909 14.7067 15.7835
      vertex 8.0753 14.9558 22.4775
      vertex 8.36 14.7851 22.44
    endloop
  endfacet
  facet normal 0.514128 0.857714 2.23035e-06
    outer loop
      vertex 8.4909 14.7067 15.7835
      vertex 8.01374 14.9927 22.503
      vertex 8.0753 14.9558 22.4775
    endloop
  endfacet
  facet normal 0.514049 0.857761 -5.40029e-06
    outer loop
      vertex 8.25444 14.8484 14.4571
      vertex 8.01374 14.9927 22.503
      vertex 8.4909 14.7067 15.7835
    endloop
  endfacet
  facet normal 0.514112 0.857723 -7.86292e-07
    outer loop
      vertex 8.01374 14.9927 8
      vertex 8.4909 14.7067 14.4279
      vertex 9.44469 14.135 8
    endloop
  endfacet
  facet normal 0.511628 0.859207 0.000249679
    outer loop
      vertex 8.4909 14.7067 14.4279
      vertex 8.01374 14.9927 8
      vertex 8.47209 14.7179 14.4303
    endloop
  endfacet
  facet normal 0.514181 0.857682 0
    outer loop
      vertex 8.25444 14.8484 14.4571
      vertex 8.01374 14.9927 8
      vertex 8.01374 14.9927 22.503
    endloop
  endfacet
  facet normal 0.514235 0.857649 -2.70628e-06
    outer loop
      vertex 8.47209 14.7179 14.4303
      vertex 8.01374 14.9927 8
      vertex 8.25444 14.8484 14.4571
    endloop
  endfacet
  facet normal -0.242943 0.970041 1.13159e-06
    outer loop
      vertex -3.31653 16.6733 60
      vertex -4.39521 16.4032 15.7835
      vertex -4.93484 16.268 60
    endloop
  endfacet
  facet normal -0.242389 0.970179 -1.32481e-05
    outer loop
      vertex -3.31653 16.6733 60
      vertex -4.3816 16.4066 15.761
      vertex -4.39521 16.4032 15.7835
    endloop
  endfacet
  facet normal -0.242887 0.970055 -5.0273e-07
    outer loop
      vertex -3.31653 16.6733 60
      vertex -3.59321 16.604 14.4571
      vertex -4.3816 16.4066 15.761
    endloop
  endfacet
  facet normal -0.242877 0.970057 3.97548e-06
    outer loop
      vertex -3.59321 16.604 14.4571
      vertex -3.31653 16.6733 8
      vertex -4.39521 16.4032 14.4279
    endloop
  endfacet
  facet normal -0.242965 0.970035 0
    outer loop
      vertex -3.31653 16.6733 8
      vertex -3.59321 16.604 14.4571
      vertex -3.31653 16.6733 60
    endloop
  endfacet
  facet normal -0.243023 0.970021 1.02567e-07
    outer loop
      vertex -4.66264 16.3362 14.4571
      vertex -4.93484 16.268 60
      vertex -4.39521 16.4032 15.7835
    endloop
  endfacet
  facet normal -0.242943 0.970041 -7.78404e-06
    outer loop
      vertex -4.93484 16.268 8
      vertex -4.39521 16.4032 14.4279
      vertex -3.31653 16.6733 8
    endloop
  endfacet
  facet normal -0.246044 0.969259 0.000268958
    outer loop
      vertex -4.39521 16.4032 14.4279
      vertex -4.93484 16.268 8
      vertex -4.41648 16.3978 14.4303
    endloop
  endfacet
  facet normal -0.243039 0.970017 0
    outer loop
      vertex -4.66264 16.3362 14.4571
      vertex -4.93484 16.268 8
      vertex -4.93484 16.268 60
    endloop
  endfacet
  facet normal -0.242759 0.970087 -1.25102e-05
    outer loop
      vertex -4.41648 16.3978 14.4303
      vertex -4.93484 16.268 8
      vertex -4.66264 16.3362 14.4571
    endloop
  endfacet
  facet normal -0.146736 0.989176 6.63719e-07
    outer loop
      vertex -1.66629 16.9181 60
      vertex -2.21657 16.8365 15.7836
      vertex -3.31653 16.6733 60
    endloop
  endfacet
  facet normal -0.147261 0.989098 7.33718e-06
    outer loop
      vertex -1.66629 16.9181 60
      vertex -2.20314 16.8385 15.7182
      vertex -2.21657 16.8365 15.7836
    endloop
  endfacet
  facet normal -0.146866 0.989156 2.44368e-06
    outer loop
      vertex -1.66629 16.9181 60
      vertex -1.94386 16.877 14.4571
      vertex -2.20314 16.8385 15.7182
    endloop
  endfacet
  facet normal -0.146896 0.989152 -1.85661e-05
    outer loop
      vertex -1.94386 16.877 14.4571
      vertex -1.66629 16.9181 8
      vertex -2.21657 16.8365 14.4279
    endloop
  endfacet
  facet normal -0.146474 0.989215 0
    outer loop
      vertex -1.66629 16.9181 8
      vertex -1.94386 16.877 14.4571
      vertex -1.66629 16.9181 60
    endloop
  endfacet
  facet normal -0.146716 0.989179 1.17553e-06
    outer loop
      vertex -3.0344 16.7152 14.4571
      vertex -3.31653 16.6733 60
      vertex -2.21657 16.8365 15.7836
    endloop
  endfacet
  facet normal -0.146862 0.989157 -1.55888e-05
    outer loop
      vertex -1.66629 16.9181 8
      vertex -2.23947 16.8331 14.4288
      vertex -2.21657 16.8365 14.4279
    endloop
  endfacet
  facet normal -0.146736 0.989176 -4.10847e-06
    outer loop
      vertex -2.23947 16.8331 14.4288
      vertex -1.66629 16.9181 8
      vertex -3.31653 16.6733 8
    endloop
  endfacet
  facet normal -0.146902 0.989151 0
    outer loop
      vertex -3.0344 16.7152 14.4571
      vertex -3.31653 16.6733 8
      vertex -3.31653 16.6733 60
    endloop
  endfacet
  facet normal -0.14671 0.989179 -8.55082e-06
    outer loop
      vertex -2.23947 16.8331 14.4288
      vertex -3.31653 16.6733 8
      vertex -3.0344 16.7152 14.4571
    endloop
  endfacet
  facet normal -0.0490918 0.998794 -2.22053e-07
    outer loop
      vertex 0 17 60
      vertex -1.11066 16.9454 15.7836
      vertex -1.66629 16.9181 60
    endloop
  endfacet
  facet normal -0.0498369 0.998757 1.85378e-05
    outer loop
      vertex 0 17 60
      vertex -1.09664 16.9461 15.7611
      vertex -1.11066 16.9454 15.7836
    endloop
  endfacet
  facet normal -0.0490924 0.998794 3.81202e-08
    outer loop
      vertex 0 17 60
      vertex -0.284868 16.986 14.4571
      vertex -1.09664 16.9461 15.7611
    endloop
  endfacet
  facet normal -0.0491056 0.998794 -8.5147e-07
    outer loop
      vertex -0.284868 16.986 14.4571
      vertex 0 17 8
      vertex -1.11066 16.9454 14.4279
    endloop
  endfacet
  facet normal -0.0490863 0.998795 0
    outer loop
      vertex 0 17 8
      vertex -0.284868 16.986 14.4571
      vertex 0 17 60
    endloop
  endfacet
  facet normal -0.0489723 0.9988 1.28368e-06
    outer loop
      vertex -1.38603 16.9319 14.4571
      vertex -1.66629 16.9181 60
      vertex -1.11066 16.9454 15.7836
    endloop
  endfacet
  facet normal -0.0490918 0.998794 1.52746e-06
    outer loop
      vertex -1.66629 16.9181 8
      vertex -1.11066 16.9454 14.4279
      vertex 0 17 8
    endloop
  endfacet
  facet normal -0.045647 0.998958 -0.000296936
    outer loop
      vertex -1.11066 16.9454 14.4279
      vertex -1.66629 16.9181 8
      vertex -1.13256 16.9444 14.4303
    endloop
  endfacet
  facet normal -0.0491804 0.99879 0
    outer loop
      vertex -1.38603 16.9319 14.4571
      vertex -1.66629 16.9181 8
      vertex -1.66629 16.9181 60
    endloop
  endfacet
  facet normal -0.0492553 0.998786 3.25843e-06
    outer loop
      vertex -1.13256 16.9444 14.4303
      vertex -1.66629 16.9181 8
      vertex -1.38603 16.9319 14.4571
    endloop
  endfacet
  facet normal -0.595734 0.803182 0
    outer loop
      vertex -9.44469 14.135 22.9
      vertex -9.6267 14 60
      vertex -9.44469 14.135 60
    endloop
  endfacet
  facet normal -0.595734 0.803182 0
    outer loop
      vertex -9.6267 14 60
      vertex -9.44469 14.135 22.9
      vertex -9.6267 14 22.9
    endloop
  endfacet
  facet normal -0.595734 0.803182 0
    outer loop
      vertex -9.44469 14.135 8
      vertex -9.6267 14 12.9
      vertex -9.44469 14.135 12.9
    endloop
  endfacet
  facet normal -0.595734 0.803182 0
    outer loop
      vertex -9.6267 14 12.9
      vertex -9.44469 14.135 8
      vertex -9.6267 14 8
    endloop
  endfacet
  facet normal 0.146736 0.989176 6.63719e-07
    outer loop
      vertex 3.31653 16.6733 60
      vertex 2.21657 16.8365 15.7836
      vertex 1.66629 16.9181 60
    endloop
  endfacet
  facet normal 0.142781 0.989754 0.000101204
    outer loop
      vertex 3.31653 16.6733 60
      vertex 2.23045 16.8345 15.761
      vertex 2.21657 16.8365 15.7836
    endloop
  endfacet
  facet normal 0.146786 0.989168 7.32767e-07
    outer loop
      vertex 3.31653 16.6733 60
      vertex 3.0344 16.7152 14.4571
      vertex 2.23045 16.8345 15.761
    endloop
  endfacet
  facet normal 0.146715 0.989179 -1.09919e-05
    outer loop
      vertex 3.0344 16.7152 14.4571
      vertex 3.31653 16.6733 9.54764
      vertex 2.21657 16.8365 14.4279
    endloop
  endfacet
  facet normal 0.146902 0.989151 -0
    outer loop
      vertex 3.31653 16.6733 9.54764
      vertex 3.0344 16.7152 14.4571
      vertex 3.31653 16.6733 60
    endloop
  endfacet
  facet normal 0.146886 0.989153 2.56829e-06
    outer loop
      vertex 1.94386 16.877 14.4571
      vertex 1.66629 16.9181 60
      vertex 2.21657 16.8365 15.7836
    endloop
  endfacet
  facet normal 0.145933 0.989294 -0.000191086
    outer loop
      vertex 3.31653 16.6733 9.54764
      vertex 2.19488 16.8397 14.4303
      vertex 2.21657 16.8365 14.4279
    endloop
  endfacet
  facet normal 0.146986 0.989139 5.61068e-05
    outer loop
      vertex 2.19488 16.8397 14.4303
      vertex 3.31653 16.6733 9.54764
      vertex 1.94386 16.877 14.4571
    endloop
  endfacet
  facet normal 0.147007 0.989135 6.22897e-05
    outer loop
      vertex 3.14706 16.6985 9.34114
      vertex 1.94386 16.877 14.4571
      vertex 3.31653 16.6733 9.54764
    endloop
  endfacet
  facet normal 0.146741 0.989175 -5.00848e-05
    outer loop
      vertex 1.66629 16.9181 8
      vertex 3.14706 16.6985 9.34114
      vertex 2.96224 16.7259 8.99537
    endloop
  endfacet
  facet normal 0.146649 0.989189 7.23382e-05
    outer loop
      vertex 1.66629 16.9181 8
      vertex 2.96224 16.7259 8.99537
      vertex 2.84843 16.7428 8.62018
    endloop
  endfacet
  facet normal 0.146685 0.989183 3.20898e-06
    outer loop
      vertex 1.66629 16.9181 8
      vertex 2.84843 16.7428 8.62018
      vertex 2.81 16.7485 8.23
    endloop
  endfacet
  facet normal 0.14672 0.989178 -0.000173947
    outer loop
      vertex 1.66629 16.9181 8
      vertex 2.81 16.7485 8.23
      vertex 2.83265 16.7451 8
    endloop
  endfacet
  facet normal 0.146474 0.989215 0
    outer loop
      vertex 1.94386 16.877 14.4571
      vertex 1.66629 16.9181 8
      vertex 1.66629 16.9181 60
    endloop
  endfacet
  facet normal 0.146706 0.98918 -1.01967e-05
    outer loop
      vertex 3.14706 16.6985 9.34114
      vertex 1.66629 16.9181 8
      vertex 1.94386 16.877 14.4571
    endloop
  endfacet
  facet normal 0.595734 0.803182 -0
    outer loop
      vertex 9.6267 14 46.647
      vertex 9.44469 14.135 60
      vertex 9.6267 14 60
    endloop
  endfacet
  facet normal 0.59546 0.803385 -5.79513e-06
    outer loop
      vertex 9.54804 14.0583 46.3877
      vertex 9.44469 14.135 60
      vertex 9.6267 14 46.647
    endloop
  endfacet
  facet normal 0.596429 0.802666 5.61482e-06
    outer loop
      vertex 9.5 14.094 45.9
      vertex 9.44469 14.135 60
      vertex 9.54804 14.0583 46.3877
    endloop
  endfacet
  facet normal 0.595505 0.803351 0
    outer loop
      vertex 9.5 14.094 45.9
      vertex 9.44469 14.135 23.6563
      vertex 9.44469 14.135 60
    endloop
  endfacet
  facet normal 0.596442 0.802656 -3.60973e-06
    outer loop
      vertex 9.54804 14.0583 45.4123
      vertex 9.44469 14.135 23.6563
      vertex 9.5 14.094 45.9
    endloop
  endfacet
  facet normal 0.595455 0.803389 3.65936e-06
    outer loop
      vertex 9.6267 14 45.153
      vertex 9.44469 14.135 23.6563
      vertex 9.54804 14.0583 45.4123
    endloop
  endfacet
  facet normal 0.59714 0.802137 -1.84663e-05
    outer loop
      vertex 9.6267 14 45.153
      vertex 9.46 14.1236 23.54
      vertex 9.44469 14.135 23.6563
    endloop
  endfacet
  facet normal 0.595596 0.803284 -0
    outer loop
      vertex 9.6267 14 8
      vertex 9.46 14.1236 23.54
      vertex 9.6267 14 45.153
    endloop
  endfacet
  facet normal 0.597107 0.802161 2.514e-05
    outer loop
      vertex 9.6267 14 8
      vertex 9.44469 14.135 23.4237
      vertex 9.46 14.1236 23.54
    endloop
  endfacet
  facet normal 0.595734 0.803182 0
    outer loop
      vertex 9.44469 14.135 23.4237
      vertex 9.6267 14 8
      vertex 9.44469 14.135 8
    endloop
  endfacet
  facet normal 0.427395 0.904065 8.64178e-06
    outer loop
      vertex 8.01374 14.9927 22.503
      vertex 7.52313 15.2247 15.7182
      vertex 7.51086 15.2305 15.7835
    endloop
  endfacet
  facet normal 0.427618 0.903959 -1.10852e-05
    outer loop
      vertex 8.01374 14.9927 22.503
      vertex 7.76007 15.1126 14.4571
      vertex 7.52313 15.2247 15.7182
    endloop
  endfacet
  facet normal 0.42765 0.903944 1.53291e-05
    outer loop
      vertex 7.76007 15.1126 14.4571
      vertex 8.01374 14.9927 8
      vertex 7.51086 15.2305 14.4279
    endloop
  endfacet
  facet normal 0.427331 0.904095 -0
    outer loop
      vertex 8.01374 14.9927 8
      vertex 7.76007 15.1126 14.4571
      vertex 8.01374 14.9927 22.503
    endloop
  endfacet
  facet normal 0.427561 0.903986 -0
    outer loop
      vertex 8.01374 14.9927 24.577
      vertex 6.50562 15.706 60
      vertex 8.01374 14.9927 60
    endloop
  endfacet
  facet normal 0.427335 0.904093 -1.17913e-05
    outer loop
      vertex 7.81 15.089 24.4926
      vertex 6.50562 15.706 60
      vertex 8.01374 14.9927 24.577
    endloop
  endfacet
  facet normal 0.427711 0.903915 5.13225e-06
    outer loop
      vertex 7.58218 15.1968 24.3178
      vertex 6.50562 15.706 60
      vertex 7.81 15.089 24.4926
    endloop
  endfacet
  facet normal 0.427641 0.903949 2.54612e-06
    outer loop
      vertex 7.40737 15.2795 24.09
      vertex 6.50562 15.706 60
      vertex 7.58218 15.1968 24.3178
    endloop
  endfacet
  facet normal 0.427085 0.904211 -1.45309e-05
    outer loop
      vertex 7.29748 15.3314 23.8247
      vertex 6.50562 15.706 60
      vertex 7.40737 15.2795 24.09
    endloop
  endfacet
  facet normal 0.428803 0.903398 3.14788e-05
    outer loop
      vertex 7.26 15.3492 23.54
      vertex 6.50562 15.706 60
      vertex 7.29748 15.3314 23.8247
    endloop
  endfacet
  facet normal 0.427336 0.904093 1.41096e-05
    outer loop
      vertex 7.51086 15.2305 15.7835
      vertex 7.81 15.089 22.5874
      vertex 8.01374 14.9927 22.503
    endloop
  endfacet
  facet normal 0.427711 0.903916 -6.07103e-06
    outer loop
      vertex 7.51086 15.2305 15.7835
      vertex 7.58218 15.1968 22.7622
      vertex 7.81 15.089 22.5874
    endloop
  endfacet
  facet normal 0.427638 0.90395 -5.16765e-06
    outer loop
      vertex 7.51086 15.2305 15.7835
      vertex 7.40737 15.2795 22.99
      vertex 7.58218 15.1968 22.7622
    endloop
  endfacet
  facet normal 0.42757 0.903982 -6.36407e-06
    outer loop
      vertex 6.76346 15.584 14.4571
      vertex 7.40737 15.2795 22.99
      vertex 7.51086 15.2305 15.7835
    endloop
  endfacet
  facet normal 0.427125 0.904192 3.47285e-05
    outer loop
      vertex 7.40737 15.2795 22.99
      vertex 6.76346 15.584 14.4571
      vertex 7.29748 15.3314 23.2553
    endloop
  endfacet
  facet normal 0.428555 0.903516 -7.14648e-05
    outer loop
      vertex 7.29748 15.3314 23.2553
      vertex 6.76346 15.584 14.4571
      vertex 7.26 15.3492 23.54
    endloop
  endfacet
  facet normal 0.427507 0.904012 -1.34205e-06
    outer loop
      vertex 6.76346 15.584 14.4571
      vertex 6.50562 15.706 60
      vertex 7.26 15.3492 23.54
    endloop
  endfacet
  facet normal 0.427585 0.903975 9.15548e-06
    outer loop
      vertex 8.01374 14.9927 8
      vertex 7.48993 15.2404 14.4288
      vertex 7.51086 15.2305 14.4279
    endloop
  endfacet
  facet normal 0.427561 0.903986 6.74572e-06
    outer loop
      vertex 6.50562 15.706 8
      vertex 7.48993 15.2404 14.4288
      vertex 8.01374 14.9927 8
    endloop
  endfacet
  facet normal 0.427701 0.90392 0
    outer loop
      vertex 6.76346 15.584 14.4571
      vertex 6.50562 15.706 8
      vertex 6.50562 15.706 60
    endloop
  endfacet
  facet normal 0.427561 0.903987 6.8337e-06
    outer loop
      vertex 7.48993 15.2404 14.4288
      vertex 6.50562 15.706 8
      vertex 6.76346 15.584 14.4571
    endloop
  endfacet
  facet normal 0.242943 0.970041 1.13159e-06
    outer loop
      vertex 4.93484 16.268 60
      vertex 4.39521 16.4032 15.7835
      vertex 3.31653 16.6733 60
    endloop
  endfacet
  facet normal 0.243054 0.970013 -3.06286e-07
    outer loop
      vertex 4.93484 16.268 60
      vertex 4.40838 16.3999 15.7182
      vertex 4.39521 16.4032 15.7835
    endloop
  endfacet
  facet normal 0.243021 0.970021 1.13249e-07
    outer loop
      vertex 4.93484 16.268 60
      vertex 4.66264 16.3362 14.4571
      vertex 4.40838 16.3999 15.7182
    endloop
  endfacet
  facet normal 0.243022 0.970021 4.23396e-06
    outer loop
      vertex 4.66264 16.3362 14.4571
      vertex 4.81 16.2993 10.23
      vertex 4.39521 16.4032 14.4279
    endloop
  endfacet
  facet normal 0.243039 0.970017 -0
    outer loop
      vertex 4.93484 16.268 10.2177
      vertex 4.66264 16.3362 14.4571
      vertex 4.93484 16.268 60
    endloop
  endfacet
  facet normal 0.243195 0.969977 1.0646e-05
    outer loop
      vertex 4.66264 16.3362 14.4571
      vertex 4.93484 16.268 10.2177
      vertex 4.81 16.2993 10.23
    endloop
  endfacet
  facet normal 0.242878 0.970057 -5.5891e-07
    outer loop
      vertex 3.59321 16.604 14.4571
      vertex 3.31653 16.6733 60
      vertex 4.39521 16.4032 15.7835
    endloop
  endfacet
  facet normal 0.242899 0.970052 -8.63323e-06
    outer loop
      vertex 4.41982 16.397 10.1916
      vertex 4.39521 16.4032 14.4279
      vertex 4.81 16.2993 10.23
    endloop
  endfacet
  facet normal 0.241925 0.970295 -1.46475e-05
    outer loop
      vertex 4.39521 16.4032 14.4279
      vertex 4.41982 16.397 10.1916
      vertex 4.37275 16.4088 14.4288
    endloop
  endfacet
  facet normal 0.242904 0.97005 -3.08725e-06
    outer loop
      vertex 4.37275 16.4088 14.4288
      vertex 4.41982 16.397 10.1916
      vertex 3.59321 16.604 14.4571
    endloop
  endfacet
  facet normal 0.243022 0.970021 2.11872e-05
    outer loop
      vertex 4.04463 16.491 10.0778
      vertex 3.59321 16.604 14.4571
      vertex 4.41982 16.397 10.1916
    endloop
  endfacet
  facet normal 0.242945 0.97004 1.27272e-05
    outer loop
      vertex 3.69886 16.5776 9.89294
      vertex 3.59321 16.604 14.4571
      vertex 4.04463 16.491 10.0778
    endloop
  endfacet
  facet normal 0.242925 0.970045 1.2241e-05
    outer loop
      vertex 3.39579 16.6535 9.64421
      vertex 3.59321 16.604 14.4571
      vertex 3.69886 16.5776 9.89294
    endloop
  endfacet
  facet normal 0.242318 0.970197 3.86949e-05
    outer loop
      vertex 3.31653 16.6733 9.54764
      vertex 3.59321 16.604 14.4571
      vertex 3.39579 16.6535 9.64421
    endloop
  endfacet
  facet normal 0.242965 0.970035 0
    outer loop
      vertex 3.59321 16.604 14.4571
      vertex 3.31653 16.6733 9.54764
      vertex 3.31653 16.6733 60
    endloop
  endfacet
  facet normal -0.514112 0.857723 0
    outer loop
      vertex -8.01374 14.9927 22.9
      vertex -9.44469 14.135 60
      vertex -8.01374 14.9927 60
    endloop
  endfacet
  facet normal -0.514112 0.857723 0
    outer loop
      vertex -9.44469 14.135 60
      vertex -8.01374 14.9927 22.9
      vertex -9.44469 14.135 22.9
    endloop
  endfacet
  facet normal -0.514112 0.857723 0
    outer loop
      vertex -8.01374 14.9927 8
      vertex -9.44469 14.135 12.9
      vertex -8.01374 14.9927 12.9
    endloop
  endfacet
  facet normal -0.514112 0.857723 0
    outer loop
      vertex -9.44469 14.135 12.9
      vertex -8.01374 14.9927 8
      vertex -9.44469 14.135 8
    endloop
  endfacet
  facet normal -0.427561 0.903986 -1.74515e-06
    outer loop
      vertex -6.50562 15.706 60
      vertex -7 15.4721 22.9
      vertex -8.01374 14.9927 60
    endloop
  endfacet
  facet normal -0.427644 0.903947 -3.8979e-07
    outer loop
      vertex -6.76346 15.584 14.4571
      vertex -7 15.4721 22.9
      vertex -6.50562 15.706 60
    endloop
  endfacet
  facet normal -0.427633 0.903952 0
    outer loop
      vertex -7 15.4721 22.9
      vertex -6.76346 15.584 14.4571
      vertex -7 15.4721 14.8769
    endloop
  endfacet
  facet normal -0.427633 0.903952 0
    outer loop
      vertex -6.76346 15.584 14.4571
      vertex -7 15.4721 12.9
      vertex -7 15.4721 14.4479
    endloop
  endfacet
  facet normal -0.427701 0.90392 0
    outer loop
      vertex -6.50562 15.706 8
      vertex -6.76346 15.584 14.4571
      vertex -6.50562 15.706 60
    endloop
  endfacet
  facet normal -0.427647 0.903946 2.61692e-06
    outer loop
      vertex -6.50562 15.706 8
      vertex -7 15.4721 12.9
      vertex -6.76346 15.584 14.4571
    endloop
  endfacet
  facet normal -0.427561 0.903986 1.32133e-05
    outer loop
      vertex -8.01374 14.9927 8
      vertex -7 15.4721 12.9
      vertex -6.50562 15.706 8
    endloop
  endfacet
  facet normal -0.427509 0.904011 0
    outer loop
      vertex -7 15.4721 12.9
      vertex -8.01374 14.9927 8
      vertex -8.01374 14.9927 12.9
    endloop
  endfacet
  facet normal -0.427509 0.904011 0
    outer loop
      vertex -8.01374 14.9927 60
      vertex -7 15.4721 22.9
      vertex -8.01374 14.9927 22.9
    endloop
  endfacet
  facet normal 0 1 -0
    outer loop
      vertex -15.3689 -1.9 56.625
      vertex -16 -1.9 56.635
      vertex -15.3689 -1.9 56.635
    endloop
  endfacet
  facet normal 0 1 0
    outer loop
      vertex -16 -1.9 56.635
      vertex -15.3689 -1.9 56.625
      vertex -16 -1.9 56.625
    endloop
  endfacet
  facet normal 0.707107 1.58623e-15 0.707107
    outer loop
      vertex -16 1.9 56.625
      vertex -15.5 0 56.125
      vertex -15.4344 1.33444 56.0594
    endloop
  endfacet
  facet normal 0.707107 -0 0.707107
    outer loop
      vertex -16 -1.9 56.625
      vertex -15.5 0 56.125
      vertex -16 1.9 56.625
    endloop
  endfacet
  facet normal 0.707107 -1.58623e-15 0.707107
    outer loop
      vertex -15.5 0 56.125
      vertex -16 -1.9 56.625
      vertex -15.4344 -1.33444 56.0594
    endloop
  endfacet
  facet normal 0 -1 0
    outer loop
      vertex -16 1.9 56.625
      vertex -15.3689 1.9 56.635
      vertex -16 1.9 56.635
    endloop
  endfacet
  facet normal 0 -1 -0
    outer loop
      vertex -15.3689 1.9 56.635
      vertex -16 1.9 56.625
      vertex -15.3689 1.9 56.625
    endloop
  endfacet
  facet normal -0 0 -1
    outer loop
      vertex -15.4254 -1.51927 56.635
      vertex -16 -1.9 56.635
      vertex -15.5 0 56.635
    endloop
  endfacet
  facet normal 0 0 -1
    outer loop
      vertex -16 -1.9 56.635
      vertex -15.4254 -1.51927 56.635
      vertex -15.3689 -1.9 56.635
    endloop
  endfacet
  facet normal 0 0 -1
    outer loop
      vertex -16 1.9 56.635
      vertex -15.5 0 56.635
      vertex -16 -1.9 56.635
    endloop
  endfacet
  facet normal 0 0 -1
    outer loop
      vertex -15.5 0 56.635
      vertex -16 1.9 56.635
      vertex -15.4254 1.51927 56.635
    endloop
  endfacet
  facet normal 0 0 -1
    outer loop
      vertex -15.4254 1.51927 56.635
      vertex -16 1.9 56.635
      vertex -15.3689 1.9 56.635
    endloop
  endfacet
  facet normal 1 -0 0
    outer loop
      vertex -16 -1.9 56.635
      vertex -16 1.9 56.625
      vertex -16 1.9 56.635
    endloop
  endfacet
  facet normal 1 0 0
    outer loop
      vertex -16 1.9 56.625
      vertex -16 -1.9 56.635
      vertex -16 -1.9 56.625
    endloop
  endfacet
  facet normal 0 0.707079 0.707135
    outer loop
      vertex -15.4254 -1.51927 56.2443
      vertex -16 -1.9 56.625
      vertex -15.3689 -1.9 56.625
    endloop
  endfacet
  facet normal -0.000207625 0.707236 0.706978
    outer loop
      vertex -16 -1.9 56.625
      vertex -15.4254 -1.51927 56.2443
      vertex -15.4344 -1.33444 56.0594
    endloop
  endfacet
  facet normal 0 -0.707079 0.707135
    outer loop
      vertex -16 1.9 56.625
      vertex -15.4254 1.51927 56.2443
      vertex -15.3689 1.9 56.625
    endloop
  endfacet
  facet normal -0.000207625 -0.707236 0.706978
    outer loop
      vertex -15.4254 1.51927 56.2443
      vertex -16 1.9 56.625
      vertex -15.4344 1.33444 56.0594
    endloop
  endfacet
  facet normal 0 0.707079 0.707135
    outer loop
      vertex 16 -1.9 56.625
      vertex 15.4254 -1.51927 56.2443
      vertex 15.3689 -1.9 56.625
    endloop
  endfacet
  facet normal 0.000207625 0.707236 0.706978
    outer loop
      vertex 15.4254 -1.51927 56.2443
      vertex 16 -1.9 56.625
      vertex 15.4344 -1.33444 56.0594
    endloop
  endfacet
  facet normal 0 1 -0
    outer loop
      vertex 16 -1.9 56.625
      vertex 15.3689 -1.9 56.635
      vertex 16 -1.9 56.635
    endloop
  endfacet
  facet normal 0 1 0
    outer loop
      vertex 15.3689 -1.9 56.635
      vertex 16 -1.9 56.625
      vertex 15.3689 -1.9 56.625
    endloop
  endfacet
  facet normal -1 0 0
    outer loop
      vertex 16 -1.9 56.625
      vertex 16 1.9 56.635
      vertex 16 1.9 56.625
    endloop
  endfacet
  facet normal -1 -0 0
    outer loop
      vertex 16 1.9 56.635
      vertex 16 -1.9 56.625
      vertex 16 -1.9 56.635
    endloop
  endfacet
  facet normal -0.707107 1.58623e-15 0.707107
    outer loop
      vertex 15.5 0 56.125
      vertex 16 1.9 56.625
      vertex 15.4344 1.33444 56.0594
    endloop
  endfacet
  facet normal -0.707107 -1.58623e-15 0.707107
    outer loop
      vertex 16 -1.9 56.625
      vertex 15.5 0 56.125
      vertex 15.4344 -1.33444 56.0594
    endloop
  endfacet
  facet normal -0.707107 0 0.707107
    outer loop
      vertex 15.5 0 56.125
      vertex 16 -1.9 56.625
      vertex 16 1.9 56.625
    endloop
  endfacet
  facet normal 0 -1 0
    outer loop
      vertex 15.3689 1.9 56.625
      vertex 16 1.9 56.635
      vertex 15.3689 1.9 56.635
    endloop
  endfacet
  facet normal 0 -1 -0
    outer loop
      vertex 16 1.9 56.635
      vertex 15.3689 1.9 56.625
      vertex 16 1.9 56.625
    endloop
  endfacet
  facet normal 0 0 -1
    outer loop
      vertex 16 -1.9 56.635
      vertex 15.5 0 56.635
      vertex 16 1.9 56.635
    endloop
  endfacet
  facet normal 0 0 -1
    outer loop
      vertex 16 -1.9 56.635
      vertex 15.4254 -1.51927 56.635
      vertex 15.5 0 56.635
    endloop
  endfacet
  facet normal 0 -0 -1
    outer loop
      vertex 15.4254 -1.51927 56.635
      vertex 16 -1.9 56.635
      vertex 15.3689 -1.9 56.635
    endloop
  endfacet
  facet normal 0 0 -1
    outer loop
      vertex 15.4254 1.51927 56.635
      vertex 16 1.9 56.635
      vertex 15.5 0 56.635
    endloop
  endfacet
  facet normal -0 0 -1
    outer loop
      vertex 16 1.9 56.635
      vertex 15.4254 1.51927 56.635
      vertex 15.3689 1.9 56.635
    endloop
  endfacet
  facet normal 0 -0.707079 0.707135
    outer loop
      vertex 15.4254 1.51927 56.2443
      vertex 16 1.9 56.625
      vertex 15.3689 1.9 56.625
    endloop
  endfacet
  facet normal 0.000207625 -0.707236 0.706978
    outer loop
      vertex 16 1.9 56.625
      vertex 15.4254 1.51927 56.2443
      vertex 15.4344 1.33444 56.0594
    endloop
  endfacet
  facet normal 0.13059 0 -0.991437
    outer loop
      vertex 8.0753 13.2091 24.6025
      vertex 8.36 14.7851 24.64
      vertex 8.36 13.0384 24.64
    endloop
  endfacet
  facet normal 0.13059 0 -0.991437
    outer loop
      vertex 8.36 14.7851 24.64
      vertex 8.0753 13.2091 24.6025
      vertex 8.0753 14.9558 24.6025
    endloop
  endfacet
  facet normal 0.608734 0 -0.793374
    outer loop
      vertex 7.58218 13.5046 24.3178
      vertex 7.81 15.089 24.4926
      vertex 7.81 13.3681 24.4926
    endloop
  endfacet
  facet normal 0.608734 0 -0.793374
    outer loop
      vertex 7.81 15.089 24.4926
      vertex 7.58218 13.5046 24.3178
      vertex 7.58218 15.1968 24.3178
    endloop
  endfacet
  facet normal -0.991446 7.6323e-07 -0.130516
    outer loop
      vertex 9.42252 12.2862 23.8247
      vertex 9.44469 14.135 23.6563
      vertex 9.46 14.1236 23.54
    endloop
  endfacet
  facet normal -0.991445 0 -0.130525
    outer loop
      vertex 9.44469 14.135 23.6563
      vertex 9.42252 12.2862 23.8247
      vertex 9.42252 14.1483 23.8247
    endloop
  endfacet
  facet normal -0.991446 0 -0.130521
    outer loop
      vertex 9.42252 12.2862 23.8247
      vertex 9.46 14.1236 23.54
      vertex 9.46 12.2584 23.54
    endloop
  endfacet
  facet normal -0.608734 0 -0.793374
    outer loop
      vertex 8.91 12.6663 24.4926
      vertex 9.13782 14.3189 24.3178
      vertex 9.13782 12.4973 24.3178
    endloop
  endfacet
  facet normal -0.608734 0 -0.793374
    outer loop
      vertex 9.13782 14.3189 24.3178
      vertex 8.91 12.6663 24.4926
      vertex 8.91 14.4555 24.4926
    endloop
  endfacet
  facet normal -0.793332 0 0.60879
    outer loop
      vertex 9.13782 12.4973 22.7622
      vertex 9.31263 14.2141 22.99
      vertex 9.13782 14.3189 22.7622
    endloop
  endfacet
  facet normal -0.793332 0 0.60879
    outer loop
      vertex 9.31263 14.2141 22.99
      vertex 9.13782 12.4973 22.7622
      vertex 9.31263 12.3677 22.99
    endloop
  endfacet
  facet normal -0.608734 0 0.793374
    outer loop
      vertex 8.91 12.6663 22.5874
      vertex 9.13782 14.3189 22.7622
      vertex 8.91 14.4555 22.5874
    endloop
  endfacet
  facet normal -0.608734 0 0.793374
    outer loop
      vertex 9.13782 14.3189 22.7622
      vertex 8.91 12.6663 22.5874
      vertex 9.13782 12.4973 22.7622
    endloop
  endfacet
  facet normal -0.991445 0 0.130525
    outer loop
      vertex 9.42252 12.2862 23.2553
      vertex 9.44469 14.135 23.4237
      vertex 9.42252 14.1483 23.2553
    endloop
  endfacet
  facet normal -0.991446 7.6323e-07 0.130516
    outer loop
      vertex 9.44469 14.135 23.4237
      vertex 9.42252 12.2862 23.2553
      vertex 9.46 14.1236 23.54
    endloop
  endfacet
  facet normal -0.991446 0 0.130521
    outer loop
      vertex 9.46 14.1236 23.54
      vertex 9.42252 12.2862 23.2553
      vertex 9.46 12.2584 23.54
    endloop
  endfacet
  facet normal 0.991446 0 -0.130521
    outer loop
      vertex 7.29748 15.3314 23.8247
      vertex 7.26 13.6918 23.54
      vertex 7.26 15.3492 23.54
    endloop
  endfacet
  facet normal 0.991446 0 -0.130521
    outer loop
      vertex 7.26 13.6918 23.54
      vertex 7.29748 15.3314 23.8247
      vertex 7.29748 13.6741 23.8247
    endloop
  endfacet
  facet normal 0.923881 -0 0.382681
    outer loop
      vertex 7.29748 13.6741 23.2553
      vertex 7.40737 15.2795 22.99
      vertex 7.29748 15.3314 23.2553
    endloop
  endfacet
  facet normal 0.923652 0.000106742 0.383232
    outer loop
      vertex 7.30665 13.6698 23.2332
      vertex 7.40737 15.2795 22.99
      vertex 7.29748 13.6741 23.2553
    endloop
  endfacet
  facet normal 0.923902 0 0.382629
    outer loop
      vertex 7.40737 15.2795 22.99
      vertex 7.30665 13.6698 23.2332
      vertex 7.40737 13.6094 22.99
    endloop
  endfacet
  facet normal -0.793332 0 -0.60879
    outer loop
      vertex 9.31263 14.2141 24.09
      vertex 9.13782 12.4973 24.3178
      vertex 9.13782 14.3189 24.3178
    endloop
  endfacet
  facet normal -0.793332 0 -0.60879
    outer loop
      vertex 9.13782 12.4973 24.3178
      vertex 9.31263 14.2141 24.09
      vertex 9.31263 12.3677 24.09
    endloop
  endfacet
  facet normal 0.13059 -0 0.991437
    outer loop
      vertex 8.0753 13.2091 22.4775
      vertex 8.36 14.7851 22.44
      vertex 8.0753 14.9558 22.4775
    endloop
  endfacet
  facet normal 0.13059 0 0.991437
    outer loop
      vertex 8.36 14.7851 22.44
      vertex 8.0753 13.2091 22.4775
      vertex 8.36 13.0384 22.44
    endloop
  endfacet
  facet normal -0.923881 0 0.382681
    outer loop
      vertex 9.31263 12.3677 22.99
      vertex 9.42252 14.1483 23.2553
      vertex 9.31263 14.2141 22.99
    endloop
  endfacet
  facet normal -0.923881 0 0.382681
    outer loop
      vertex 9.42252 14.1483 23.2553
      vertex 9.31263 12.3677 22.99
      vertex 9.42252 12.2862 23.2553
    endloop
  endfacet
  facet normal 0.923881 0 -0.382681
    outer loop
      vertex 7.40737 15.2795 24.09
      vertex 7.29748 13.6741 23.8247
      vertex 7.29748 15.3314 23.8247
    endloop
  endfacet
  facet normal 0.923652 0.000106742 -0.383232
    outer loop
      vertex 7.40737 15.2795 24.09
      vertex 7.30665 13.6698 23.8468
      vertex 7.29748 13.6741 23.8247
    endloop
  endfacet
  facet normal 0.923902 0 -0.382629
    outer loop
      vertex 7.30665 13.6698 23.8468
      vertex 7.40737 15.2795 24.09
      vertex 7.40737 13.6094 24.09
    endloop
  endfacet
  facet normal 0.793332 -0 0.60879
    outer loop
      vertex 7.40737 13.6094 22.99
      vertex 7.58218 15.1968 22.7622
      vertex 7.40737 15.2795 22.99
    endloop
  endfacet
  facet normal 0.793332 0 0.60879
    outer loop
      vertex 7.58218 15.1968 22.7622
      vertex 7.40737 13.6094 22.99
      vertex 7.58218 13.5046 22.7622
    endloop
  endfacet
  facet normal -0.382711 0 0.923868
    outer loop
      vertex 8.6447 12.863 22.4775
      vertex 8.91 14.4555 22.5874
      vertex 8.6447 14.6145 22.4775
    endloop
  endfacet
  facet normal -0.382711 0 0.923868
    outer loop
      vertex 8.91 14.4555 22.5874
      vertex 8.6447 12.863 22.4775
      vertex 8.91 12.6663 22.5874
    endloop
  endfacet
  facet normal 0.608734 -0 0.793374
    outer loop
      vertex 7.58218 13.5046 22.7622
      vertex 7.81 15.089 22.5874
      vertex 7.58218 15.1968 22.7622
    endloop
  endfacet
  facet normal 0.608734 0 0.793374
    outer loop
      vertex 7.81 15.089 22.5874
      vertex 7.58218 13.5046 22.7622
      vertex 7.81 13.3681 22.5874
    endloop
  endfacet
  facet normal 0.382698 2.52602e-06 0.923874
    outer loop
      vertex 7.81 13.3681 22.5874
      vertex 8.0753 14.9558 22.4775
      vertex 8.01374 14.9927 22.503
    endloop
  endfacet
  facet normal 0.382715 -0 0.923866
    outer loop
      vertex 7.81 13.3681 22.5874
      vertex 8.01374 14.9927 22.503
      vertex 7.81 15.089 22.5874
    endloop
  endfacet
  facet normal 0.382711 0 0.923868
    outer loop
      vertex 8.0753 14.9558 22.4775
      vertex 7.81 13.3681 22.5874
      vertex 8.0753 13.2091 22.4775
    endloop
  endfacet
  facet normal 0.793332 0 -0.60879
    outer loop
      vertex 7.58218 15.1968 24.3178
      vertex 7.40737 13.6094 24.09
      vertex 7.40737 15.2795 24.09
    endloop
  endfacet
  facet normal 0.793332 0 -0.60879
    outer loop
      vertex 7.40737 13.6094 24.09
      vertex 7.58218 15.1968 24.3178
      vertex 7.58218 13.5046 24.3178
    endloop
  endfacet
  facet normal -0.923881 0 -0.382681
    outer loop
      vertex 9.42252 14.1483 23.8247
      vertex 9.31263 12.3677 24.09
      vertex 9.31263 14.2141 24.09
    endloop
  endfacet
  facet normal -0.923881 0 -0.382681
    outer loop
      vertex 9.31263 12.3677 24.09
      vertex 9.42252 14.1483 23.8247
      vertex 9.42252 12.2862 23.8247
    endloop
  endfacet
  facet normal -0.130762 0 -0.991414
    outer loop
      vertex 8.61134 12.8878 24.6069
      vertex 8.6447 14.6145 24.6025
      vertex 8.6447 12.863 24.6025
    endloop
  endfacet
  facet normal -0.130569 -3.79401e-06 -0.991439
    outer loop
      vertex 8.36 13.0384 24.64
      vertex 8.6447 14.6145 24.6025
      vertex 8.61134 12.8878 24.6069
    endloop
  endfacet
  facet normal -0.13059 0 -0.991437
    outer loop
      vertex 8.6447 14.6145 24.6025
      vertex 8.36 13.0384 24.64
      vertex 8.36 14.7851 24.64
    endloop
  endfacet
  facet normal -0.382711 0 -0.923868
    outer loop
      vertex 8.6447 12.863 24.6025
      vertex 8.91 14.4555 24.4926
      vertex 8.91 12.6663 24.4926
    endloop
  endfacet
  facet normal -0.382711 0 -0.923868
    outer loop
      vertex 8.91 14.4555 24.4926
      vertex 8.6447 12.863 24.6025
      vertex 8.6447 14.6145 24.6025
    endloop
  endfacet
  facet normal -0.130762 0 0.991414
    outer loop
      vertex 8.6447 14.6145 22.4775
      vertex 8.61134 12.8878 22.4731
      vertex 8.6447 12.863 22.4775
    endloop
  endfacet
  facet normal -0.13059 0 0.991437
    outer loop
      vertex 8.36 13.0384 22.44
      vertex 8.6447 14.6145 22.4775
      vertex 8.36 14.7851 22.44
    endloop
  endfacet
  facet normal -0.130569 -3.79401e-06 0.991439
    outer loop
      vertex 8.6447 14.6145 22.4775
      vertex 8.36 13.0384 22.44
      vertex 8.61134 12.8878 22.4731
    endloop
  endfacet
  facet normal 0.991446 -0 0.130521
    outer loop
      vertex 7.26 13.6918 23.54
      vertex 7.29748 15.3314 23.2553
      vertex 7.26 15.3492 23.54
    endloop
  endfacet
  facet normal 0.991446 0 0.130521
    outer loop
      vertex 7.29748 15.3314 23.2553
      vertex 7.26 13.6918 23.54
      vertex 7.29748 13.6741 23.2553
    endloop
  endfacet
  facet normal 0.382711 0 -0.923868
    outer loop
      vertex 7.81 13.3681 24.4926
      vertex 8.0753 14.9558 24.6025
      vertex 8.0753 13.2091 24.6025
    endloop
  endfacet
  facet normal 0.382698 2.52602e-06 -0.923874
    outer loop
      vertex 8.0753 14.9558 24.6025
      vertex 7.81 13.3681 24.4926
      vertex 8.01374 14.9927 24.577
    endloop
  endfacet
  facet normal 0.382715 0 -0.923866
    outer loop
      vertex 8.01374 14.9927 24.577
      vertex 7.81 13.3681 24.4926
      vertex 7.81 15.089 24.4926
    endloop
  endfacet
  facet normal 0.991447 0 -0.13051
    outer loop
      vertex 3.84407 16.25 8.48882
      vertex 3.81 15.0053 8.23
      vertex 3.81 16.25 8.23
    endloop
  endfacet
  facet normal 0.991447 0 -0.13051
    outer loop
      vertex 3.81 15.0053 8.23
      vertex 3.84407 16.25 8.48882
      vertex 3.84407 14.9967 8.48882
    endloop
  endfacet
  facet normal -0.382716 0 -0.923866
    outer loop
      vertex 5.06882 14.6288 9.19593
      vertex 5.31 16.1338 9.09602
      vertex 5.31 14.5425 9.09602
    endloop
  endfacet
  facet normal -0.382716 0 -0.923866
    outer loop
      vertex 5.31 16.1338 9.09602
      vertex 5.06882 14.6288 9.19593
      vertex 5.06882 16.22 9.19593
    endloop
  endfacet
  facet normal -0.13051 0 -0.991447
    outer loop
      vertex 4.81 14.7214 9.23
      vertex 5.06882 16.22 9.19593
      vertex 5.06882 14.6288 9.19593
    endloop
  endfacet
  facet normal -0.13051 -0 -0.991447
    outer loop
      vertex 4.81 16.25 9.23
      vertex 5.06882 16.22 9.19593
      vertex 4.81 14.7214 9.23
    endloop
  endfacet
  facet normal -0.130506 3.71229e-05 -0.991448
    outer loop
      vertex 5.06882 16.22 9.19593
      vertex 4.81 16.25 9.23
      vertex 4.98511 16.25 9.20695
    endloop
  endfacet
  facet normal -0.991447 0 -0.13051
    outer loop
      vertex 5.81 15.9548 8.23
      vertex 5.77593 14.3758 8.48882
      vertex 5.77593 15.967 8.48882
    endloop
  endfacet
  facet normal -0.991447 0 -0.13051
    outer loop
      vertex 5.77593 14.3758 8.48882
      vertex 5.81 15.9548 8.23
      vertex 5.81 14.3636 8.23
    endloop
  endfacet
  facet normal -0.991445 0 0.130526
    outer loop
      vertex 5.77972 14.3745 8
      vertex 5.81 15.9548 8.23
      vertex 5.77972 15.9657 8
    endloop
  endfacet
  facet normal -0.991445 0 0.130526
    outer loop
      vertex 5.81 15.9548 8.23
      vertex 5.77972 14.3745 8
      vertex 5.81 14.3636 8.23
    endloop
  endfacet
  facet normal -0.793355 0 -0.608759
    outer loop
      vertex 5.67603 16.0028 8.73
      vertex 5.51711 14.4684 8.93711
      vertex 5.51711 16.0596 8.93711
    endloop
  endfacet
  facet normal -0.793355 0 -0.608759
    outer loop
      vertex 5.51711 14.4684 8.93711
      vertex 5.67603 16.0028 8.73
      vertex 5.67603 14.4116 8.73
    endloop
  endfacet
  facet normal 0.991445 -0 0.130526
    outer loop
      vertex 3.81 15.0053 8.23
      vertex 3.84028 16.25 8
      vertex 3.81 16.25 8.23
    endloop
  endfacet
  facet normal 0.991445 0 0.130526
    outer loop
      vertex 3.84028 16.25 8
      vertex 3.81 15.0053 8.23
      vertex 3.84028 14.9977 8
    endloop
  endfacet
  facet normal 0.608735 0 -0.793374
    outer loop
      vertex 4.10289 14.9319 8.93711
      vertex 4.31 16.25 9.09602
      vertex 4.31 14.88 9.09602
    endloop
  endfacet
  facet normal 0.608735 0 -0.793374
    outer loop
      vertex 4.31 16.25 9.09602
      vertex 4.10289 14.9319 8.93711
      vertex 4.10289 16.25 8.93711
    endloop
  endfacet
  facet normal -0.92388 0 -0.382683
    outer loop
      vertex 5.77593 15.967 8.48882
      vertex 5.67603 14.4116 8.73
      vertex 5.67603 16.0028 8.73
    endloop
  endfacet
  facet normal -0.92388 0 -0.382683
    outer loop
      vertex 5.67603 14.4116 8.73
      vertex 5.77593 15.967 8.48882
      vertex 5.77593 14.3758 8.48882
    endloop
  endfacet
  facet normal 0.13051 0 -0.991447
    outer loop
      vertex 4.55118 14.8141 9.19593
      vertex 4.81 16.25 9.23
      vertex 4.81 14.7214 9.23
    endloop
  endfacet
  facet normal 0.13051 0 -0.991447
    outer loop
      vertex 4.81 16.25 9.23
      vertex 4.55118 14.8141 9.19593
      vertex 4.55118 16.25 9.19593
    endloop
  endfacet
  facet normal -0.608735 0 -0.793374
    outer loop
      vertex 5.31 14.5425 9.09602
      vertex 5.51711 16.0596 8.93711
      vertex 5.51711 14.4684 8.93711
    endloop
  endfacet
  facet normal -0.608735 0 -0.793374
    outer loop
      vertex 5.51711 16.0596 8.93711
      vertex 5.31 14.5425 9.09602
      vertex 5.31 16.1338 9.09602
    endloop
  endfacet
  facet normal 0.92388 0 -0.382683
    outer loop
      vertex 3.94397 16.25 8.73
      vertex 3.84407 14.9967 8.48882
      vertex 3.84407 16.25 8.48882
    endloop
  endfacet
  facet normal 0.92388 0 -0.382683
    outer loop
      vertex 3.84407 14.9967 8.48882
      vertex 3.94397 16.25 8.73
      vertex 3.94397 14.9717 8.73
    endloop
  endfacet
  facet normal 0.793355 0 -0.608759
    outer loop
      vertex 4.10289 16.25 8.93711
      vertex 3.94397 14.9717 8.73
      vertex 3.94397 16.25 8.73
    endloop
  endfacet
  facet normal 0.793355 0 -0.608759
    outer loop
      vertex 3.94397 14.9717 8.73
      vertex 4.10289 16.25 8.93711
      vertex 4.10289 14.9319 8.93711
    endloop
  endfacet
  facet normal 0.382777 0 -0.923841
    outer loop
      vertex 4.49941 14.8326 9.17448
      vertex 4.55118 16.25 9.19593
      vertex 4.55118 14.8141 9.19593
    endloop
  endfacet
  facet normal 0.3827 3.30881e-06 -0.923873
    outer loop
      vertex 4.31 14.88 9.09602
      vertex 4.55118 16.25 9.19593
      vertex 4.49941 14.8326 9.17448
    endloop
  endfacet
  facet normal 0.382716 0 -0.923866
    outer loop
      vertex 4.55118 16.25 9.19593
      vertex 4.31 14.88 9.09602
      vertex 4.31 16.25 9.09602
    endloop
  endfacet
  facet normal 0.989178 -0.146718 0
    outer loop
      vertex -15.3689 1.9 56.625
      vertex -15.2022 3.0239 11.9842
      vertex -15.2022 3.0239 100
    endloop
  endfacet
  facet normal 0.989168 -0.14679 -1.85407e-06
    outer loop
      vertex -15.4254 1.51927 56.2443
      vertex -15.2022 3.0239 11.9842
      vertex -15.3689 1.9 56.625
    endloop
  endfacet
  facet normal 0.989178 -0.146718 0
    outer loop
      vertex -15.3689 1.9 56.625
      vertex -15.2022 3.0239 100
      vertex -15.3689 1.9 56.635
    endloop
  endfacet
  facet normal 0.989176 -0.146736 4.95116e-07
    outer loop
      vertex -15.4254 1.51927 100
      vertex -15.3689 1.9 56.635
      vertex -15.2022 3.0239 100
    endloop
  endfacet
  facet normal 0.989167 -0.146792 0
    outer loop
      vertex -15.3689 1.9 56.635
      vertex -15.4254 1.51927 100
      vertex -15.4254 1.51927 56.635
    endloop
  endfacet
  facet normal 0.989176 -0.146736 0
    outer loop
      vertex -15.4254 1.51927 11.995
      vertex -15.2022 3.0239 11.9842
      vertex -15.4254 1.51927 56.2443
    endloop
  endfacet
  facet normal 0.989175 -0.146719 0.00244613
    outer loop
      vertex -15.2022 3.0239 11.9842
      vertex -15.4254 1.51927 11.995
      vertex -15.3346 2.13094 11.9649
    endloop
  endfacet
  facet normal 0.989177 -0.146704 0.00274112
    outer loop
      vertex -15.3346 2.13094 11.9649
      vertex -15.4254 1.51927 11.995
      vertex -15.3509 2.02099 11.9625
    endloop
  endfacet
  facet normal -0.998797 -0.0490434 0
    outer loop
      vertex 15.5 0 56.635
      vertex 15.4254 1.51927 100
      vertex 15.4254 1.51927 56.635
    endloop
  endfacet
  facet normal -0.998797 -0.0490434 0
    outer loop
      vertex 15.4254 1.51927 100
      vertex 15.5 0 56.635
      vertex 15.5 0 100
    endloop
  endfacet
  facet normal -0.998817 -0.0486358 0
    outer loop
      vertex 15.4254 1.51927 11.995
      vertex 15.4344 1.33444 56.0594
      vertex 15.4254 1.51927 56.2443
    endloop
  endfacet
  facet normal -0.998795 -0.0487088 -0.00595841
    outer loop
      vertex 15.4557 0.901637 11.9649
      vertex 15.4254 1.51927 11.995
      vertex 15.4503 1.01266 11.9625
    endloop
  endfacet
  facet normal -0.998796 -0.0490509 0.00106224
    outer loop
      vertex 15.5 0 11.9842
      vertex 15.4254 1.51927 11.995
      vertex 15.4557 0.901637 11.9649
    endloop
  endfacet
  facet normal -0.998797 -0.0490434 -1.71402e-06
    outer loop
      vertex 15.4254 1.51927 11.995
      vertex 15.5 0 11.9842
      vertex 15.4344 1.33444 56.0594
    endloop
  endfacet
  facet normal -0.998794 -0.0490999 0
    outer loop
      vertex 15.4344 1.33444 56.0594
      vertex 15.5 0 11.9842
      vertex 15.5 0 56.125
    endloop
  endfacet
  facet normal 0.904003 0.427526 0
    outer loop
      vertex -13.6698 -7.30665 11.995
      vertex -14.3201 -5.93159 11.9842
      vertex -14.3201 -5.93159 100
    endloop
  endfacet
  facet normal 0.904006 0.427517 -0.00123163
    outer loop
      vertex -14.3201 -5.93159 11.9842
      vertex -13.6698 -7.30665 11.995
      vertex -13.9342 -6.74765 11.9649
    endloop
  endfacet
  facet normal 0.904003 0.427526 -0
    outer loop
      vertex -13.6698 -7.30665 11.995
      vertex -14.3201 -5.93159 100
      vertex -13.6698 -7.30665 100
    endloop
  endfacet
  facet normal 0.903769 0.427934 0.00858799
    outer loop
      vertex -13.9342 -6.74765 11.9649
      vertex -13.6698 -7.30665 11.995
      vertex -13.8866 -6.84813 11.9625
    endloop
  endfacet
  facet normal -0.989173 -0.146753 -0
    outer loop
      vertex 15.4254 1.51927 56.2443
      vertex 15.2205 2.90038 11.9815
      vertex 15.4254 1.51927 11.995
    endloop
  endfacet
  facet normal -0.989168 -0.14679 -1.20319e-06
    outer loop
      vertex 15.2205 2.90038 11.9815
      vertex 15.4254 1.51927 56.2443
      vertex 15.3689 1.9 56.625
    endloop
  endfacet
  facet normal -0.989203 -0.146555 4.1981e-06
    outer loop
      vertex 15.3689 1.9 56.625
      vertex 15.2022 3.0239 11.9842
      vertex 15.2205 2.90038 11.9815
    endloop
  endfacet
  facet normal -0.989185 -0.146671 -0.00044581
    outer loop
      vertex 15.3678 1.90699 11.9699
      vertex 15.2205 2.90038 11.9815
      vertex 15.3509 2.02099 11.9625
    endloop
  endfacet
  facet normal -0.989172 -0.146717 0.00363342
    outer loop
      vertex 15.4254 1.51927 11.995
      vertex 15.2205 2.90038 11.9815
      vertex 15.3678 1.90699 11.9699
    endloop
  endfacet
  facet normal -0.989178 -0.146718 0
    outer loop
      vertex 15.2022 3.0239 11.9842
      vertex 15.3689 1.9 56.625
      vertex 15.2022 3.0239 100
    endloop
  endfacet
  facet normal -0.989178 -0.146718 -0
    outer loop
      vertex 15.3689 1.9 56.635
      vertex 15.2022 3.0239 100
      vertex 15.3689 1.9 56.625
    endloop
  endfacet
  facet normal -0.989167 -0.146792 -0
    outer loop
      vertex 15.4254 1.51927 100
      vertex 15.3689 1.9 56.635
      vertex 15.4254 1.51927 56.635
    endloop
  endfacet
  facet normal -0.989176 -0.146736 4.95116e-07
    outer loop
      vertex 15.3689 1.9 56.635
      vertex 15.4254 1.51927 100
      vertex 15.2022 3.0239 100
    endloop
  endfacet
  facet normal 0.514102 0.857729 -0
    outer loop
      vertex -7.30665 -13.6698 11.995
      vertex -8.61134 -12.8878 100
      vertex -7.30665 -13.6698 100
    endloop
  endfacet
  facet normal 0.514102 0.857729 0
    outer loop
      vertex -7.30665 -13.6698 11.995
      vertex -8.61134 -12.8878 11.9842
      vertex -8.61134 -12.8878 100
    endloop
  endfacet
  facet normal 0.514103 0.857729 -0.000103026
    outer loop
      vertex -7.30665 -13.6698 11.995
      vertex -7.83704 -13.3519 11.9649
      vertex -8.61134 -12.8878 11.9842
    endloop
  endfacet
  facet normal 0.513891 0.857842 0.00482836
    outer loop
      vertex -7.83704 -13.3519 11.9649
      vertex -7.30665 -13.6698 11.995
      vertex -7.7417 -13.409 11.9625
    endloop
  endfacet
  facet normal 0.803213 -0.595691 0
    outer loop
      vertex -12.8878 8.61134 11.9842
      vertex -11.9817 9.8331 11.995
      vertex -11.9817 9.8331 100
    endloop
  endfacet
  facet normal 0.803224 -0.595676 -0.000643085
    outer loop
      vertex -11.9817 9.8331 11.995
      vertex -12.8134 8.71163 11.9815
      vertex -12.2152 9.51827 11.9699
    endloop
  endfacet
  facet normal 0.803252 -0.595622 0.00454719
    outer loop
      vertex -12.2152 9.51827 11.9699
      vertex -12.8134 8.71163 11.9815
      vertex -12.2838 9.4257 11.9625
    endloop
  endfacet
  facet normal 0.803213 -0.595691 0
    outer loop
      vertex -12.8878 8.61134 11.9842
      vertex -11.9817 9.8331 100
      vertex -12.8878 8.61134 100
    endloop
  endfacet
  facet normal 0.803184 -0.595712 0.00479779
    outer loop
      vertex -11.9817 9.8331 11.995
      vertex -12.8878 8.61134 11.9842
      vertex -12.8134 8.71163 11.9815
    endloop
  endfacet
  facet normal 0.0490434 0.998797 0
    outer loop
      vertex 0 -15.5 100
      vertex -1.51927 -15.4254 11.995
      vertex -1.51927 -15.4254 100
    endloop
  endfacet
  facet normal 0.0490434 0.998797 -0
    outer loop
      vertex 0 -15.5 11.9842
      vertex -1.51927 -15.4254 11.995
      vertex 0 -15.5 100
    endloop
  endfacet
  facet normal 0.0489949 0.998777 -0.00668853
    outer loop
      vertex -0.124719 -15.4939 11.9815
      vertex -1.51927 -15.4254 11.995
      vertex 0 -15.5 11.9842
    endloop
  endfacet
  facet normal 0.0490743 0.998794 0.00142404
    outer loop
      vertex -0.124719 -15.4939 11.9815
      vertex -1.12777 -15.4446 11.9699
      vertex -1.51927 -15.4254 11.995
    endloop
  endfacet
  facet normal 0.0491461 0.99878 -0.00484318
    outer loop
      vertex -1.12777 -15.4446 11.9699
      vertex -0.124719 -15.4939 11.9815
      vertex -1.01266 -15.4503 11.9625
    endloop
  endfacet
  facet normal -0.514102 -0.857729 5.37085e-07
    outer loop
      vertex 7.30665 13.6698 100
      vertex 8.36 13.0384 24.64
      vertex 8.61134 12.8878 100
    endloop
  endfacet
  facet normal -0.51423 -0.857652 -1.88592e-06
    outer loop
      vertex 7.30665 13.6698 100
      vertex 8.0753 13.2091 24.6025
      vertex 8.36 13.0384 24.64
    endloop
  endfacet
  facet normal -0.514068 -0.85775 3.56979e-07
    outer loop
      vertex 7.30665 13.6698 100
      vertex 7.81 13.3681 24.4926
      vertex 8.0753 13.2091 24.6025
    endloop
  endfacet
  facet normal -0.513965 -0.857811 1.29088e-06
    outer loop
      vertex 7.30665 13.6698 100
      vertex 7.58218 13.5046 24.3178
      vertex 7.81 13.3681 24.4926
    endloop
  endfacet
  facet normal -0.514186 -0.857679 1.97954e-07
    outer loop
      vertex 7.30665 13.6698 100
      vertex 7.40737 13.6094 24.09
      vertex 7.58218 13.5046 24.3178
    endloop
  endfacet
  facet normal -0.514295 -0.857613 0
    outer loop
      vertex 7.40737 13.6094 24.09
      vertex 7.30665 13.6698 100
      vertex 7.30665 13.6698 23.8468
    endloop
  endfacet
  facet normal -0.513984 -0.8578 -0
    outer loop
      vertex 8.61134 12.8878 100
      vertex 8.36 13.0384 24.64
      vertex 8.61134 12.8878 24.6069
    endloop
  endfacet
  facet normal -0.514229 -0.857653 1.34532e-05
    outer loop
      vertex 8.0753 13.2091 22.4775
      vertex 7.30665 13.6698 11.995
      vertex 8.36 13.0384 22.44
    endloop
  endfacet
  facet normal -0.514069 -0.857749 -2.50247e-06
    outer loop
      vertex 7.81 13.3681 22.5874
      vertex 7.30665 13.6698 11.995
      vertex 8.0753 13.2091 22.4775
    endloop
  endfacet
  facet normal -0.513969 -0.857809 -8.92364e-06
    outer loop
      vertex 7.58218 13.5046 22.7622
      vertex 7.30665 13.6698 11.995
      vertex 7.81 13.3681 22.5874
    endloop
  endfacet
  facet normal -0.514187 -0.857678 -1.3529e-06
    outer loop
      vertex 7.40737 13.6094 22.99
      vertex 7.30665 13.6698 11.995
      vertex 7.58218 13.5046 22.7622
    endloop
  endfacet
  facet normal -0.514295 -0.857613 0
    outer loop
      vertex 7.30665 13.6698 11.995
      vertex 7.40737 13.6094 22.99
      vertex 7.30665 13.6698 23.2332
    endloop
  endfacet
  facet normal -0.514099 -0.857731 -4.35375e-06
    outer loop
      vertex 7.83704 13.3519 11.9649
      vertex 8.36 13.0384 22.44
      vertex 7.30665 13.6698 11.995
    endloop
  endfacet
  facet normal -0.514105 -0.857727 -3.95089e-06
    outer loop
      vertex 8.61134 12.8878 11.9842
      vertex 8.36 13.0384 22.44
      vertex 7.83704 13.3519 11.9649
    endloop
  endfacet
  facet normal -0.513984 -0.8578 0
    outer loop
      vertex 8.36 13.0384 22.44
      vertex 8.61134 12.8878 11.9842
      vertex 8.61134 12.8878 22.4731
    endloop
  endfacet
  facet normal -0.513891 -0.857842 0.00482836
    outer loop
      vertex 7.83704 13.3519 11.9649
      vertex 7.30665 13.6698 11.995
      vertex 7.7417 13.409 11.9625
    endloop
  endfacet
  facet normal -0.67159 -0.740923 -1.43336e-05
    outer loop
      vertex 9.8331 11.9817 54.9
      vertex 10.9602 10.9602 48.1653
      vertex 10.75 11.1506 54.9
    endloop
  endfacet
  facet normal -0.671444 -0.741055 3.00657e-05
    outer loop
      vertex 9.8331 11.9817 54.9
      vertex 10.6111 11.2765 47.9787
      vertex 10.9602 10.9602 48.1653
    endloop
  endfacet
  facet normal -0.671547 -0.740962 9.07461e-06
    outer loop
      vertex 9.8331 11.9817 54.9
      vertex 10.2322 11.6199 47.6678
      vertex 10.6111 11.2765 47.9787
    endloop
  endfacet
  facet normal -0.671618 -0.740898 1.97182e-06
    outer loop
      vertex 9.8331 11.9817 54.9
      vertex 9.92133 11.9017 47.2889
      vertex 10.2322 11.6199 47.6678
    endloop
  endfacet
  facet normal -0.671711 -0.740813 0
    outer loop
      vertex 9.92133 11.9017 47.2889
      vertex 9.8331 11.9817 54.9
      vertex 9.8331 11.9817 47.1239
    endloop
  endfacet
  facet normal -0.67159 -0.740923 0
    outer loop
      vertex 10.75 11.1506 94.9
      vertex 9.8331 11.9817 100
      vertex 9.8331 11.9817 94.9
    endloop
  endfacet
  facet normal -0.671543 -0.740965 1.53988e-05
    outer loop
      vertex 9.8331 11.9817 100
      vertex 10.75 11.1506 94.9
      vertex 10.9602 10.9602 100
    endloop
  endfacet
  facet normal -0.671338 -0.741151 0
    outer loop
      vertex 10.75 11.1506 54.9
      vertex 10.9602 10.9602 100
      vertex 10.75 11.1506 94.9
    endloop
  endfacet
  facet normal -0.671338 -0.741151 -0
    outer loop
      vertex 10.9602 10.9602 100
      vertex 10.75 11.1506 54.9
      vertex 10.9602 10.9602 48.1653
    endloop
  endfacet
  facet normal -0.671711 -0.740813 0
    outer loop
      vertex 9.8331 11.9817 11.995
      vertex 9.92133 11.9017 44.5111
      vertex 9.8331 11.9817 44.6761
    endloop
  endfacet
  facet normal -0.671617 -0.740899 -4.66527e-07
    outer loop
      vertex 9.8331 11.9817 11.995
      vertex 10.2322 11.6199 44.1322
      vertex 9.92133 11.9017 44.5111
    endloop
  endfacet
  facet normal -0.671544 -0.740965 -2.11311e-06
    outer loop
      vertex 9.8331 11.9817 11.995
      vertex 10.6111 11.2765 43.8213
      vertex 10.2322 11.6199 44.1322
    endloop
  endfacet
  facet normal -0.671438 -0.741061 -6.84194e-06
    outer loop
      vertex 9.8331 11.9817 11.995
      vertex 10.9602 10.9602 43.6347
      vertex 10.6111 11.2765 43.8213
    endloop
  endfacet
  facet normal -0.671543 -0.740965 0
    outer loop
      vertex 9.8331 11.9817 11.995
      vertex 10.9602 10.9602 11.9842
      vertex 10.9602 10.9602 43.6347
    endloop
  endfacet
  facet normal -0.671538 -0.740969 0.000852275
    outer loop
      vertex 9.8331 11.9817 11.995
      vertex 10.2913 11.5664 11.9649
      vertex 10.9602 10.9602 11.9842
    endloop
  endfacet
  facet normal -0.671256 -0.741181 0.0080745
    outer loop
      vertex 10.2913 11.5664 11.9649
      vertex 9.8331 11.9817 11.995
      vertex 10.2089 11.641 11.9625
    endloop
  endfacet
  facet normal 0.336924 -0.941532 0
    outer loop
      vertex -5.93159 14.3201 8
      vertex -4.49941 14.8326 100
      vertex -5.93159 14.3201 100
    endloop
  endfacet
  facet normal 0.336924 -0.941532 0
    outer loop
      vertex -4.49941 14.8326 100
      vertex -5.93159 14.3201 8
      vertex -4.49941 14.8326 8
    endloop
  endfacet
  facet normal -0.146736 -0.989176 0
    outer loop
      vertex 1.51927 15.4254 8
      vertex 3.0239 15.2022 100
      vertex 1.51927 15.4254 100
    endloop
  endfacet
  facet normal -0.146736 -0.989176 -0
    outer loop
      vertex 3.0239 15.2022 100
      vertex 1.51927 15.4254 8
      vertex 3.0239 15.2022 8
    endloop
  endfacet
  facet normal -0.857842 0.513891 0.00482836
    outer loop
      vertex 13.3519 -7.83704 11.9649
      vertex 13.6698 -7.30665 11.995
      vertex 13.409 -7.7417 11.9625
    endloop
  endfacet
  facet normal -0.857729 0.514103 -0.000103026
    outer loop
      vertex 12.8878 -8.61134 11.9842
      vertex 13.6698 -7.30665 11.995
      vertex 13.3519 -7.83704 11.9649
    endloop
  endfacet
  facet normal -0.857729 0.514102 0
    outer loop
      vertex 13.6698 -7.30665 11.995
      vertex 12.8878 -8.61134 11.9842
      vertex 13.6698 -7.30665 100
    endloop
  endfacet
  facet normal -0.857729 0.514102 0
    outer loop
      vertex 13.6698 -7.30665 100
      vertex 12.8878 -8.61134 11.9842
      vertex 12.8878 -8.61134 100
    endloop
  endfacet
  facet normal -0.903971 -0.427594 -2.20916e-06
    outer loop
      vertex 14.3201 5.93159 100
      vertex 13.6698 7.30665 47.7482
      vertex 13.7678 7.09947 47.6678
    endloop
  endfacet
  facet normal -0.903994 -0.427546 -8.81173e-07
    outer loop
      vertex 14.3201 5.93159 100
      vertex 13.7678 7.09947 47.6678
      vertex 14.0787 6.44211 47.2889
    endloop
  endfacet
  facet normal -0.904007 -0.427518 -5.52683e-07
    outer loop
      vertex 14.3201 5.93159 100
      vertex 14.0787 6.44211 47.2889
      vertex 14.3097 5.95365 46.8567
    endloop
  endfacet
  facet normal -0.904521 -0.426429 -0
    outer loop
      vertex 14.3201 5.93159 100
      vertex 14.3097 5.95365 46.8567
      vertex 14.3201 5.93159 46.8223
    endloop
  endfacet
  facet normal -0.904003 -0.427526 0
    outer loop
      vertex 13.6698 7.30665 47.7482
      vertex 14.3201 5.93159 100
      vertex 13.6698 7.30665 100
    endloop
  endfacet
  facet normal -0.904003 -0.427526 0
    outer loop
      vertex 14.3201 5.93159 11.9842
      vertex 13.6698 7.30665 44.0518
      vertex 13.6698 7.30665 11.995
    endloop
  endfacet
  facet normal -0.903769 -0.427934 0.00858799
    outer loop
      vertex 13.9342 6.74765 11.9649
      vertex 13.6698 7.30665 11.995
      vertex 13.8866 6.84813 11.9625
    endloop
  endfacet
  facet normal -0.904006 -0.427517 -0.00123163
    outer loop
      vertex 14.3201 5.93159 11.9842
      vertex 13.6698 7.30665 11.995
      vertex 13.9342 6.74765 11.9649
    endloop
  endfacet
  facet normal -0.903971 -0.427594 3.5769e-06
    outer loop
      vertex 13.6698 7.30665 44.0518
      vertex 14.3201 5.93159 11.9842
      vertex 13.7678 7.09947 44.1322
    endloop
  endfacet
  facet normal -0.903994 -0.427545 1.42307e-06
    outer loop
      vertex 13.7678 7.09947 44.1322
      vertex 14.3201 5.93159 11.9842
      vertex 14.0787 6.44211 44.5111
    endloop
  endfacet
  facet normal -0.904007 -0.427518 8.90946e-07
    outer loop
      vertex 14.0787 6.44211 44.5111
      vertex 14.3201 5.93159 11.9842
      vertex 14.3097 5.95365 44.9433
    endloop
  endfacet
  facet normal -0.904521 -0.426429 0
    outer loop
      vertex 14.3097 5.95365 44.9433
      vertex 14.3201 5.93159 11.9842
      vertex 14.3201 5.93159 44.9777
    endloop
  endfacet
  facet normal -0.970052 -0.242897 -7.99181e-05
    outer loop
      vertex 14.9828 3.89957 11.9649
      vertex 14.8326 4.49941 11.995
      vertex 14.9558 4.0074 11.9625
    endloop
  endfacet
  facet normal -0.970025 -0.242996 0.00202681
    outer loop
      vertex 15.2022 3.0239 11.9842
      vertex 14.8326 4.49941 11.995
      vertex 14.9828 3.89957 11.9649
    endloop
  endfacet
  facet normal -0.970031 -0.242983 0
    outer loop
      vertex 14.8326 4.49941 11.995
      vertex 15.2022 3.0239 11.9842
      vertex 14.8326 4.49941 100
    endloop
  endfacet
  facet normal -0.970031 -0.242983 0
    outer loop
      vertex 15.2022 3.0239 11.9842
      vertex 15.2022 3.0239 100
      vertex 14.8326 4.49941 100
    endloop
  endfacet
  facet normal 0.857729 0.514102 0
    outer loop
      vertex -12.8878 -8.61134 11.9842
      vertex -13.6698 -7.30665 11.995
      vertex -13.6698 -7.30665 100
    endloop
  endfacet
  facet normal 0.857727 0.514105 -0.000402975
    outer loop
      vertex -13.6698 -7.30665 11.995
      vertex -12.952 -8.50423 11.9815
      vertex -13.4683 -7.64285 11.9699
    endloop
  endfacet
  facet normal 0.857685 0.514152 0.00496977
    outer loop
      vertex -13.4683 -7.64285 11.9699
      vertex -12.952 -8.50423 11.9815
      vertex -13.409 -7.7417 11.9625
    endloop
  endfacet
  facet normal 0.857729 0.514102 -0
    outer loop
      vertex -12.8878 -8.61134 11.9842
      vertex -13.6698 -7.30665 100
      vertex -12.8878 -8.61134 100
    endloop
  endfacet
  facet normal 0.857728 0.514103 -0.000197594
    outer loop
      vertex -13.6698 -7.30665 11.995
      vertex -12.8878 -8.61134 11.9842
      vertex -12.952 -8.50423 11.9815
    endloop
  endfacet
  facet normal 0.671543 -0.740965 1.53988e-05
    outer loop
      vertex -10.9602 10.9602 100
      vertex -10.75 11.1506 94.9
      vertex -9.8331 11.9817 100
    endloop
  endfacet
  facet normal 0.671338 -0.741151 0
    outer loop
      vertex -10.9602 10.9602 100
      vertex -10.75 11.1506 54.9
      vertex -10.75 11.1506 94.9
    endloop
  endfacet
  facet normal 0.671338 -0.741151 0
    outer loop
      vertex -10.9602 10.9602 22.9
      vertex -10.75 11.1506 54.9
      vertex -10.9602 10.9602 100
    endloop
  endfacet
  facet normal 0.67159 -0.740923 -3.01664e-06
    outer loop
      vertex -10.9602 10.9602 22.9
      vertex -9.8331 11.9817 54.9
      vertex -10.75 11.1506 54.9
    endloop
  endfacet
  facet normal 0.671543 -0.740965 0
    outer loop
      vertex -9.8331 11.9817 54.9
      vertex -10.9602 10.9602 22.9
      vertex -9.8331 11.9817 22.9
    endloop
  endfacet
  facet normal 0.67159 -0.740923 0
    outer loop
      vertex -9.8331 11.9817 100
      vertex -10.75 11.1506 94.9
      vertex -9.8331 11.9817 94.9
    endloop
  endfacet
  facet normal 0.671543 -0.740965 8.64414e-05
    outer loop
      vertex -10.2089 11.641 11.9625
      vertex -9.8331 11.9817 12.9
      vertex -10.9602 10.9602 12.9
    endloop
  endfacet
  facet normal 0.670997 -0.74146 0
    outer loop
      vertex -10.8676 11.044 11.9815
      vertex -10.9602 10.9602 12.9
      vertex -10.9602 10.9602 11.9842
    endloop
  endfacet
  facet normal 0.671554 -0.740956 0.000102118
    outer loop
      vertex -10.2089 11.641 11.9625
      vertex -10.9602 10.9602 12.9
      vertex -10.8676 11.044 11.9815
    endloop
  endfacet
  facet normal 0.671694 -0.740828 0
    outer loop
      vertex -9.8331 11.9817 12.9
      vertex -10.1235 11.7184 11.9699
      vertex -9.8331 11.9817 11.995
    endloop
  endfacet
  facet normal 0.671545 -0.740964 8.49483e-05
    outer loop
      vertex -9.8331 11.9817 12.9
      vertex -10.2089 11.641 11.9625
      vertex -10.1235 11.7184 11.9699
    endloop
  endfacet
  facet normal 0.741616 -0.670825 0
    outer loop
      vertex -10.9602 10.9602 100
      vertex -11 10.9162 22.9
      vertex -10.9602 10.9602 22.9
    endloop
  endfacet
  facet normal 0.740939 -0.671572 0
    outer loop
      vertex -11.9817 9.8331 11.995
      vertex -11 10.9162 12.9
      vertex -11 10.9162 22.9
    endloop
  endfacet
  facet normal 0.740965 -0.671543 7.45404e-07
    outer loop
      vertex -11.9817 9.8331 100
      vertex -11 10.9162 22.9
      vertex -10.9602 10.9602 100
    endloop
  endfacet
  facet normal 0.740866 -0.671653 0.000176304
    outer loop
      vertex -11.641 10.2089 11.9625
      vertex -11 10.9162 12.9
      vertex -11.9817 9.8331 11.995
    endloop
  endfacet
  facet normal 0.740939 -0.671572 0
    outer loop
      vertex -11 10.9162 22.9
      vertex -11.9817 9.8331 100
      vertex -11.9817 9.8331 11.995
    endloop
  endfacet
  facet normal 0.74133 -0.67114 -0.000528088
    outer loop
      vertex -11 10.9162 12.9
      vertex -11.641 10.2089 11.9625
      vertex -11.5664 10.2913 11.9649
    endloop
  endfacet
  facet normal 0.741616 -0.670825 0
    outer loop
      vertex -11 10.9162 12.9
      vertex -10.9602 10.9602 11.9842
      vertex -10.9602 10.9602 12.9
    endloop
  endfacet
  facet normal 0.740983 -0.671524 -6.10975e-05
    outer loop
      vertex -10.9602 10.9602 11.9842
      vertex -11 10.9162 12.9
      vertex -11.5664 10.2913 11.9649
    endloop
  endfacet
  facet normal -0.427526 -0.904003 0
    outer loop
      vertex 5.93159 14.3201 100
      vertex 7.30665 13.6698 23.8468
      vertex 7.30665 13.6698 100
    endloop
  endfacet
  facet normal -0.424684 -0.905342 6.27316e-05
    outer loop
      vertex 5.93159 14.3201 100
      vertex 7.29748 13.6741 23.8247
      vertex 7.30665 13.6698 23.8468
    endloop
  endfacet
  facet normal -0.42709 -0.904209 9.98641e-06
    outer loop
      vertex 5.93159 14.3201 100
      vertex 7.26 13.6918 23.54
      vertex 7.29748 13.6741 23.8247
    endloop
  endfacet
  facet normal -0.424948 -0.905218 -0.000196071
    outer loop
      vertex 6.60846 14 11.9682
      vertex 7.30665 13.6698 23.2332
      vertex 7.29748 13.6741 23.2553
    endloop
  endfacet
  facet normal -0.427201 -0.904157 -2.78575e-05
    outer loop
      vertex 6.60846 14 11.9682
      vertex 7.29748 13.6741 23.2553
      vertex 7.26 13.6918 23.54
    endloop
  endfacet
  facet normal -0.42756 -0.903987 0
    outer loop
      vertex 5.93159 14.3201 8
      vertex 7.26 13.6918 23.54
      vertex 5.93159 14.3201 100
    endloop
  endfacet
  facet normal -0.427535 -0.903999 -0
    outer loop
      vertex 7.30665 13.6698 23.2332
      vertex 6.60846 14 11.9682
      vertex 7.30665 13.6698 11.995
    endloop
  endfacet
  facet normal -0.427474 -0.904025 -0.00190049
    outer loop
      vertex 7.30665 13.6698 11.995
      vertex 6.60846 14 11.9682
      vertex 6.95232 13.8374 11.9699
    endloop
  endfacet
  facet normal -0.427472 -0.904029 -9.19679e-06
    outer loop
      vertex 7.26 13.6918 23.54
      vertex 5.93159 14.3201 8
      vertex 6.60846 14 11.9682
    endloop
  endfacet
  facet normal -0.427516 -0.904008 -0
    outer loop
      vertex 6.60846 14 11.9682
      vertex 5.93159 14.3201 8
      vertex 6.60846 14 8
    endloop
  endfacet
  facet normal -0.427502 -0.90397 0.00892805
    outer loop
      vertex 6.95232 13.8374 11.9699
      vertex 6.60846 14 11.9682
      vertex 6.84813 13.8866 11.9625
    endloop
  endfacet
  facet normal -0.998797 0.0490434 0
    outer loop
      vertex 15.4254 -1.51927 56.635
      vertex 15.5 0 100
      vertex 15.5 0 56.635
    endloop
  endfacet
  facet normal -0.998797 0.0490434 0
    outer loop
      vertex 15.5 0 100
      vertex 15.4254 -1.51927 56.635
      vertex 15.4254 -1.51927 100
    endloop
  endfacet
  facet normal -0.998806 0.0488517 -7.5324e-06
    outer loop
      vertex 15.4344 -1.33444 56.0594
      vertex 15.5 0 11.9842
      vertex 15.4939 -0.124719 11.9815
    endloop
  endfacet
  facet normal -0.99878 0.0491461 -0.00484318
    outer loop
      vertex 15.4446 -1.12777 11.9699
      vertex 15.4939 -0.124719 11.9815
      vertex 15.4503 -1.01266 11.9625
    endloop
  endfacet
  facet normal -0.998794 0.0490743 0.00142404
    outer loop
      vertex 15.4254 -1.51927 11.995
      vertex 15.4939 -0.124719 11.9815
      vertex 15.4446 -1.12777 11.9699
    endloop
  endfacet
  facet normal -0.998794 0.0490999 0
    outer loop
      vertex 15.5 0 11.9842
      vertex 15.4344 -1.33444 56.0594
      vertex 15.5 0 56.125
    endloop
  endfacet
  facet normal -0.998796 0.0490606 -1.78615e-06
    outer loop
      vertex 15.4939 -0.124719 11.9815
      vertex 15.4254 -1.51927 11.995
      vertex 15.4344 -1.33444 56.0594
    endloop
  endfacet
  facet normal -0.998817 0.0486358 0
    outer loop
      vertex 15.4344 -1.33444 56.0594
      vertex 15.4254 -1.51927 11.995
      vertex 15.4254 -1.51927 56.2443
    endloop
  endfacet
  facet normal -0.969883 0.243061 0.0157349
    outer loop
      vertex 14.8326 -4.49941 11.995
      vertex 15.2022 -3.0239 11.9842
      vertex 15.1718 -3.14503 11.9815
    endloop
  endfacet
  facet normal -0.970036 0.242961 0.00027827
    outer loop
      vertex 14.9278 -4.1192 11.9699
      vertex 15.1718 -3.14503 11.9815
      vertex 14.9558 -4.0074 11.9625
    endloop
  endfacet
  facet normal -0.970038 0.242953 0.00101689
    outer loop
      vertex 14.8326 -4.49941 11.995
      vertex 15.1718 -3.14503 11.9815
      vertex 14.9278 -4.1192 11.9699
    endloop
  endfacet
  facet normal -0.970031 0.242983 0
    outer loop
      vertex 15.2022 -3.0239 11.9842
      vertex 14.8326 -4.49941 11.995
      vertex 15.2022 -3.0239 100
    endloop
  endfacet
  facet normal -0.970031 0.242983 0
    outer loop
      vertex 15.2022 -3.0239 100
      vertex 14.8326 -4.49941 11.995
      vertex 14.8326 -4.49941 100
    endloop
  endfacet
  facet normal 0.67159 0.740923 0
    outer loop
      vertex -9.8331 -11.9817 54.9
      vertex -9.8331 -11.9817 11.995
      vertex -10.75 -11.1506 54.9
    endloop
  endfacet
  facet normal 0.67159 0.740923 0
    outer loop
      vertex -10.75 -11.1506 94.9
      vertex -9.8331 -11.9817 100
      vertex -9.8331 -11.9817 94.9
    endloop
  endfacet
  facet normal 0.671543 0.740965 1.53988e-05
    outer loop
      vertex -9.8331 -11.9817 100
      vertex -10.75 -11.1506 94.9
      vertex -10.9602 -10.9602 100
    endloop
  endfacet
  facet normal 0.671338 0.741151 -0
    outer loop
      vertex -10.75 -11.1506 54.9
      vertex -10.9602 -10.9602 100
      vertex -10.75 -11.1506 94.9
    endloop
  endfacet
  facet normal 0.671338 0.741151 0
    outer loop
      vertex -10.75 -11.1506 54.9
      vertex -10.9602 -10.9602 11.9842
      vertex -10.9602 -10.9602 100
    endloop
  endfacet
  facet normal 0.671543 0.740965 -1.83004e-06
    outer loop
      vertex -9.8331 -11.9817 11.995
      vertex -10.9602 -10.9602 11.9842
      vertex -10.75 -11.1506 54.9
    endloop
  endfacet
  facet normal 0.671538 0.740969 0.000852275
    outer loop
      vertex -9.8331 -11.9817 11.995
      vertex -10.2913 -11.5664 11.9649
      vertex -10.9602 -10.9602 11.9842
    endloop
  endfacet
  facet normal 0.671256 0.741181 0.0080745
    outer loop
      vertex -10.2913 -11.5664 11.9649
      vertex -9.8331 -11.9817 11.995
      vertex -10.2089 -11.641 11.9625
    endloop
  endfacet
  facet normal 0.336924 0.941532 -0
    outer loop
      vertex -4.49941 -14.8326 11.995
      vertex -5.93159 -14.3201 100
      vertex -4.49941 -14.8326 100
    endloop
  endfacet
  facet normal 0.336924 0.941532 0
    outer loop
      vertex -4.49941 -14.8326 11.995
      vertex -5.93159 -14.3201 11.9842
      vertex -5.93159 -14.3201 100
    endloop
  endfacet
  facet normal 0.336935 0.941526 -0.00178435
    outer loop
      vertex -4.49941 -14.8326 11.995
      vertex -5.08164 -14.6243 11.9649
      vertex -5.93159 -14.3201 11.9842
    endloop
  endfacet
  facet normal 0.336609 0.94163 0.00523365
    outer loop
      vertex -5.08164 -14.6243 11.9649
      vertex -4.49941 -14.8326 11.995
      vertex -4.97698 -14.6617 11.9625
    endloop
  endfacet
  facet normal -0.427526 0.904003 0
    outer loop
      vertex 7.30665 -13.6698 11.995
      vertex 5.93159 -14.3201 100
      vertex 7.30665 -13.6698 100
    endloop
  endfacet
  facet normal -0.427526 0.904003 0
    outer loop
      vertex 7.30665 -13.6698 11.995
      vertex 5.93159 -14.3201 11.9842
      vertex 5.93159 -14.3201 100
    endloop
  endfacet
  facet normal -0.427517 0.904006 -0.00123163
    outer loop
      vertex 7.30665 -13.6698 11.995
      vertex 6.74765 -13.9342 11.9649
      vertex 5.93159 -14.3201 11.9842
    endloop
  endfacet
  facet normal -0.427934 0.903769 0.00858799
    outer loop
      vertex 6.74765 -13.9342 11.9649
      vertex 7.30665 -13.6698 11.995
      vertex 6.84813 -13.8866 11.9625
    endloop
  endfacet
  facet normal -0.595649 0.803245 0
    outer loop
      vertex 9.8331 -11.9817 54.9
      vertex 9.8331 -11.9817 11.995
      vertex 9.25 -12.4141 54.9
    endloop
  endfacet
  facet normal -0.595649 0.803245 0
    outer loop
      vertex 9.25 -12.4141 94.9
      vertex 9.8331 -11.9817 100
      vertex 9.8331 -11.9817 94.9
    endloop
  endfacet
  facet normal -0.595691 0.803213 7.46188e-06
    outer loop
      vertex 9.8331 -11.9817 100
      vertex 9.25 -12.4141 94.9
      vertex 8.61134 -12.8878 100
    endloop
  endfacet
  facet normal -0.59573 0.803185 0
    outer loop
      vertex 9.25 -12.4141 54.9
      vertex 8.61134 -12.8878 100
      vertex 9.25 -12.4141 94.9
    endloop
  endfacet
  facet normal -0.595691 0.803214 -8.86867e-07
    outer loop
      vertex 8.61134 -12.8878 11.9842
      vertex 9.25 -12.4141 54.9
      vertex 9.8331 -11.9817 11.995
    endloop
  endfacet
  facet normal -0.59573 0.803185 0
    outer loop
      vertex 9.25 -12.4141 54.9
      vertex 8.61134 -12.8878 11.9842
      vertex 8.61134 -12.8878 100
    endloop
  endfacet
  facet normal -0.595701 0.803204 0.00195876
    outer loop
      vertex 9.8331 -11.9817 11.995
      vertex 9.33641 -12.35 11.9649
      vertex 8.61134 -12.8878 11.9842
    endloop
  endfacet
  facet normal -0.595588 0.803289 -0.000958435
    outer loop
      vertex 9.33641 -12.35 11.9649
      vertex 9.8331 -11.9817 11.995
      vertex 9.4257 -12.2838 11.9625
    endloop
  endfacet
  facet normal -0.514102 0.857729 0
    outer loop
      vertex 8.61134 -12.8878 100
      vertex 7.30665 -13.6698 11.995
      vertex 7.30665 -13.6698 100
    endloop
  endfacet
  facet normal -0.514102 0.857729 0
    outer loop
      vertex 8.61134 -12.8878 11.9842
      vertex 7.30665 -13.6698 11.995
      vertex 8.61134 -12.8878 100
    endloop
  endfacet
  facet normal -0.514103 0.857728 -0.000197594
    outer loop
      vertex 8.50423 -12.952 11.9815
      vertex 7.30665 -13.6698 11.995
      vertex 8.61134 -12.8878 11.9842
    endloop
  endfacet
  facet normal -0.514105 0.857727 -0.000402975
    outer loop
      vertex 8.50423 -12.952 11.9815
      vertex 7.64285 -13.4683 11.9699
      vertex 7.30665 -13.6698 11.995
    endloop
  endfacet
  facet normal -0.514152 0.857685 0.00496977
    outer loop
      vertex 7.64285 -13.4683 11.9699
      vertex 8.50423 -12.952 11.9815
      vertex 7.7417 -13.409 11.9625
    endloop
  endfacet
  facet normal -0.146736 0.989176 0
    outer loop
      vertex 3.0239 -15.2022 100
      vertex 1.51927 -15.4254 11.995
      vertex 1.51927 -15.4254 100
    endloop
  endfacet
  facet normal -0.146736 0.989176 0
    outer loop
      vertex 3.0239 -15.2022 11.9842
      vertex 1.51927 -15.4254 11.995
      vertex 3.0239 -15.2022 100
    endloop
  endfacet
  facet normal -0.146688 0.989162 0.00640346
    outer loop
      vertex 2.90038 -15.2205 11.9815
      vertex 1.51927 -15.4254 11.995
      vertex 3.0239 -15.2022 11.9842
    endloop
  endfacet
  facet normal -0.146717 0.989172 0.00363342
    outer loop
      vertex 2.90038 -15.2205 11.9815
      vertex 1.90699 -15.3678 11.9699
      vertex 1.51927 -15.4254 11.995
    endloop
  endfacet
  facet normal -0.146671 0.989185 -0.00044581
    outer loop
      vertex 1.90699 -15.3678 11.9699
      vertex 2.90038 -15.2205 11.9815
      vertex 2.02099 -15.3509 11.9625
    endloop
  endfacet
  facet normal -0.941461 -0.337123 0
    outer loop
      vertex 14.3622 5.81402 11.9815
      vertex 14.3201 5.93159 44.9777
      vertex 14.3201 5.93159 11.9842
    endloop
  endfacet
  facet normal -0.941538 -0.336906 -8.71524e-07
    outer loop
      vertex 14.8326 4.49941 11.995
      vertex 14.3201 5.93159 44.9777
      vertex 14.3622 5.81402 11.9815
    endloop
  endfacet
  facet normal -0.941489 -0.337042 5.82542e-06
    outer loop
      vertex 14.3201 5.93159 44.9777
      vertex 14.8326 4.49941 11.995
      vertex 14.452 5.56315 45.4123
    endloop
  endfacet
  facet normal -0.94156 -0.336834 -0.00280416
    outer loop
      vertex 14.7005 4.86846 11.9699
      vertex 14.3622 5.81402 11.9815
      vertex 14.6617 4.97698 11.9625
    endloop
  endfacet
  facet normal -0.941489 -0.337045 -3.68124e-06
    outer loop
      vertex 14.8326 4.49941 100
      vertex 14.3201 5.93159 46.8223
      vertex 14.452 5.56315 46.3877
    endloop
  endfacet
  facet normal -0.941618 -0.336684 4.39677e-06
    outer loop
      vertex 14.8326 4.49941 100
      vertex 14.452 5.56315 46.3877
      vertex 14.5 5.4289 45.9
    endloop
  endfacet
  facet normal -0.941543 -0.336887 0.00197826
    outer loop
      vertex 14.8326 4.49941 11.995
      vertex 14.3622 5.81402 11.9815
      vertex 14.7005 4.86846 11.9699
    endloop
  endfacet
  facet normal -0.941615 -0.336691 -6.77842e-06
    outer loop
      vertex 14.452 5.56315 45.4123
      vertex 14.8326 4.49941 11.995
      vertex 14.5 5.4289 45.9
    endloop
  endfacet
  facet normal -0.941537 -0.336911 -0
    outer loop
      vertex 14.8326 4.49941 100
      vertex 14.5 5.4289 45.9
      vertex 14.8326 4.49941 11.995
    endloop
  endfacet
  facet normal -0.941532 -0.336924 0
    outer loop
      vertex 14.3201 5.93159 46.8223
      vertex 14.8326 4.49941 100
      vertex 14.3201 5.93159 100
    endloop
  endfacet
  facet normal 0.941532 -0.336924 0
    outer loop
      vertex -14.8326 4.49941 11.995
      vertex -14.3201 5.93159 11.9842
      vertex -14.3201 5.93159 100
    endloop
  endfacet
  facet normal 0.941526 -0.336935 -0.00178435
    outer loop
      vertex -14.3201 5.93159 11.9842
      vertex -14.8326 4.49941 11.995
      vertex -14.6243 5.08164 11.9649
    endloop
  endfacet
  facet normal 0.941532 -0.336924 0
    outer loop
      vertex -14.8326 4.49941 11.995
      vertex -14.3201 5.93159 100
      vertex -14.8326 4.49941 100
    endloop
  endfacet
  facet normal 0.94163 -0.336609 0.00523365
    outer loop
      vertex -14.6243 5.08164 11.9649
      vertex -14.8326 4.49941 11.995
      vertex -14.6617 4.97698 11.9625
    endloop
  endfacet
  facet normal 0.857729 -0.514102 0
    outer loop
      vertex -13.6698 7.30665 11.995
      vertex -12.8878 8.61134 11.9842
      vertex -12.8878 8.61134 100
    endloop
  endfacet
  facet normal 0.857729 -0.514103 -0.000103026
    outer loop
      vertex -12.8878 8.61134 11.9842
      vertex -13.6698 7.30665 11.995
      vertex -13.3519 7.83704 11.9649
    endloop
  endfacet
  facet normal 0.857729 -0.514102 0
    outer loop
      vertex -13.6698 7.30665 11.995
      vertex -12.8878 8.61134 100
      vertex -13.6698 7.30665 100
    endloop
  endfacet
  facet normal 0.857842 -0.513891 0.00482836
    outer loop
      vertex -13.3519 7.83704 11.9649
      vertex -13.6698 7.30665 11.995
      vertex -13.409 7.7417 11.9625
    endloop
  endfacet
  facet normal -0.242983 -0.970031 0
    outer loop
      vertex 3.0239 15.2022 100
      vertex 4.49941 14.8326 9.17448
      vertex 4.49941 14.8326 100
    endloop
  endfacet
  facet normal -0.242766 -0.970085 3.73952e-06
    outer loop
      vertex 3.0239 15.2022 100
      vertex 4.31 14.88 9.09602
      vertex 4.49941 14.8326 9.17448
    endloop
  endfacet
  facet normal -0.243075 -0.970008 -9.0459e-07
    outer loop
      vertex 3.0239 15.2022 100
      vertex 4.10289 14.9319 8.93711
      vertex 4.31 14.88 9.09602
    endloop
  endfacet
  facet normal -0.243003 -0.970026 0
    outer loop
      vertex 3.0239 15.2022 8
      vertex 4.10289 14.9319 8.93711
      vertex 3.0239 15.2022 100
    endloop
  endfacet
  facet normal -0.243134 -0.969993 0.000159713
    outer loop
      vertex 4.10289 14.9319 8.93711
      vertex 3.0239 15.2022 8
      vertex 3.94397 14.9717 8.73
    endloop
  endfacet
  facet normal -0.243137 -0.969992 0.000164079
    outer loop
      vertex 3.94397 14.9717 8.73
      vertex 3.0239 15.2022 8
      vertex 3.84407 14.9967 8.48882
    endloop
  endfacet
  facet normal -0.2429 -0.970051 -0.000258239
    outer loop
      vertex 3.84407 14.9967 8.48882
      vertex 3.0239 15.2022 8
      vertex 3.81 15.0053 8.23
    endloop
  endfacet
  facet normal -0.242989 -0.970029 6.31713e-05
    outer loop
      vertex 3.81 15.0053 8.23
      vertex 3.0239 15.2022 8
      vertex 3.84028 14.9977 8
    endloop
  endfacet
  facet normal -0.989176 0.146736 0
    outer loop
      vertex 15.2022 -3.0239 11.9842
      vertex 15.4254 -1.51927 56.2443
      vertex 15.4254 -1.51927 11.995
    endloop
  endfacet
  facet normal -0.989175 0.146719 0.00244613
    outer loop
      vertex 15.2022 -3.0239 11.9842
      vertex 15.4254 -1.51927 11.995
      vertex 15.3346 -2.13094 11.9649
    endloop
  endfacet
  facet normal -0.989177 0.146704 0.00274112
    outer loop
      vertex 15.3346 -2.13094 11.9649
      vertex 15.4254 -1.51927 11.995
      vertex 15.3509 -2.02099 11.9625
    endloop
  endfacet
  facet normal -0.989167 0.146792 0
    outer loop
      vertex 15.3689 -1.9 56.635
      vertex 15.4254 -1.51927 100
      vertex 15.4254 -1.51927 56.635
    endloop
  endfacet
  facet normal -0.989168 0.14679 -1.85407e-06
    outer loop
      vertex 15.4254 -1.51927 56.2443
      vertex 15.2022 -3.0239 11.9842
      vertex 15.3689 -1.9 56.625
    endloop
  endfacet
  facet normal -0.989178 0.146718 0
    outer loop
      vertex 15.3689 -1.9 56.625
      vertex 15.2022 -3.0239 11.9842
      vertex 15.3689 -1.9 56.635
    endloop
  endfacet
  facet normal -0.989178 0.146718 0
    outer loop
      vertex 15.2022 -3.0239 100
      vertex 15.3689 -1.9 56.635
      vertex 15.2022 -3.0239 11.9842
    endloop
  endfacet
  facet normal -0.989176 0.146736 4.95116e-07
    outer loop
      vertex 15.3689 -1.9 56.635
      vertex 15.2022 -3.0239 100
      vertex 15.4254 -1.51927 100
    endloop
  endfacet
  facet normal 0.427526 0.904003 0
    outer loop
      vertex -5.93159 -14.3201 100
      vertex -7.30665 -13.6698 11.995
      vertex -7.30665 -13.6698 100
    endloop
  endfacet
  facet normal 0.427526 0.904003 -0
    outer loop
      vertex -5.93159 -14.3201 11.9842
      vertex -7.30665 -13.6698 11.995
      vertex -5.93159 -14.3201 100
    endloop
  endfacet
  facet normal 0.427548 0.903983 0.00409488
    outer loop
      vertex -6.04447 -14.2667 11.9815
      vertex -7.30665 -13.6698 11.995
      vertex -5.93159 -14.3201 11.9842
    endloop
  endfacet
  facet normal 0.427503 0.904013 -0.00140459
    outer loop
      vertex -6.04447 -14.2667 11.9815
      vertex -6.95232 -13.8374 11.9699
      vertex -7.30665 -13.6698 11.995
    endloop
  endfacet
  facet normal 0.427404 0.904033 0.00713343
    outer loop
      vertex -6.95232 -13.8374 11.9699
      vertex -6.04447 -14.2667 11.9815
      vertex -6.84813 -13.8866 11.9625
    endloop
  endfacet
  facet normal -0.671543 0.740965 1.53988e-05
    outer loop
      vertex 10.9602 -10.9602 100
      vertex 10.75 -11.1506 94.9
      vertex 9.8331 -11.9817 100
    endloop
  endfacet
  facet normal -0.671338 0.741151 0
    outer loop
      vertex 10.9602 -10.9602 100
      vertex 10.75 -11.1506 54.9
      vertex 10.75 -11.1506 94.9
    endloop
  endfacet
  facet normal -0.67159 0.740923 0
    outer loop
      vertex 10.75 -11.1506 54.9
      vertex 9.8331 -11.9817 11.995
      vertex 9.8331 -11.9817 54.9
    endloop
  endfacet
  facet normal -0.671338 0.741151 0
    outer loop
      vertex 10.9602 -10.9602 11.9842
      vertex 10.75 -11.1506 54.9
      vertex 10.9602 -10.9602 100
    endloop
  endfacet
  facet normal -0.671543 0.740965 -1.83004e-06
    outer loop
      vertex 10.9602 -10.9602 11.9842
      vertex 9.8331 -11.9817 11.995
      vertex 10.75 -11.1506 54.9
    endloop
  endfacet
  facet normal -0.671187 0.740844 0.0256375
    outer loop
      vertex 10.8676 -11.044 11.9815
      vertex 9.8331 -11.9817 11.995
      vertex 10.9602 -10.9602 11.9842
    endloop
  endfacet
  facet normal -0.671572 0.740935 0.00254658
    outer loop
      vertex 10.8676 -11.044 11.9815
      vertex 10.1235 -11.7184 11.9699
      vertex 9.8331 -11.9817 11.995
    endloop
  endfacet
  facet normal -0.671551 0.740958 -4.78995e-05
    outer loop
      vertex 10.1235 -11.7184 11.9699
      vertex 10.8676 -11.044 11.9815
      vertex 10.2089 -11.641 11.9625
    endloop
  endfacet
  facet normal -0.67159 0.740923 0
    outer loop
      vertex 9.8331 -11.9817 100
      vertex 10.75 -11.1506 94.9
      vertex 9.8331 -11.9817 94.9
    endloop
  endfacet
  facet normal -0.803184 0.595712 0.00479779
    outer loop
      vertex 11.9817 -9.8331 11.995
      vertex 12.8878 -8.61134 11.9842
      vertex 12.8134 -8.71163 11.9815
    endloop
  endfacet
  facet normal -0.803252 0.595622 0.00454719
    outer loop
      vertex 12.2152 -9.51827 11.9699
      vertex 12.8134 -8.71163 11.9815
      vertex 12.2838 -9.4257 11.9625
    endloop
  endfacet
  facet normal -0.803224 0.595676 -0.000643085
    outer loop
      vertex 11.9817 -9.8331 11.995
      vertex 12.8134 -8.71163 11.9815
      vertex 12.2152 -9.51827 11.9699
    endloop
  endfacet
  facet normal -0.803213 0.595691 0
    outer loop
      vertex 12.8878 -8.61134 11.9842
      vertex 11.9817 -9.8331 11.995
      vertex 12.8878 -8.61134 100
    endloop
  endfacet
  facet normal -0.803213 0.595691 0
    outer loop
      vertex 12.8878 -8.61134 100
      vertex 11.9817 -9.8331 11.995
      vertex 11.9817 -9.8331 100
    endloop
  endfacet
  facet normal 0.941538 0.336906 0
    outer loop
      vertex -14.3622 -5.81402 11.9815
      vertex -14.8326 -4.49941 11.995
      vertex -14.8326 -4.49941 100
    endloop
  endfacet
  facet normal 0.941543 0.336887 0.00197826
    outer loop
      vertex -14.8326 -4.49941 11.995
      vertex -14.3622 -5.81402 11.9815
      vertex -14.7005 -4.86846 11.9699
    endloop
  endfacet
  facet normal 0.94156 0.336834 -0.00280416
    outer loop
      vertex -14.7005 -4.86846 11.9699
      vertex -14.3622 -5.81402 11.9815
      vertex -14.6617 -4.97698 11.9625
    endloop
  endfacet
  facet normal 0.941532 0.336924 -2.99903e-07
    outer loop
      vertex -14.3201 -5.93159 100
      vertex -14.3622 -5.81402 11.9815
      vertex -14.8326 -4.49941 100
    endloop
  endfacet
  facet normal 0.941461 0.337123 0
    outer loop
      vertex -14.3622 -5.81402 11.9815
      vertex -14.3201 -5.93159 100
      vertex -14.3201 -5.93159 11.9842
    endloop
  endfacet
  facet normal -0.803845 -0.594839 0
    outer loop
      vertex 12 9.80837 48.4
      vertex 11.9817 9.8331 100
      vertex 11.9817 9.8331 48.3982
    endloop
  endfacet
  facet normal -0.803222 -0.59568 1.02805e-06
    outer loop
      vertex 12.8878 8.61134 100
      vertex 12 9.80837 48.4
      vertex 12.4877 9.15075 48.352
    endloop
  endfacet
  facet normal -0.803175 -0.595744 -0
    outer loop
      vertex 12.8878 8.61134 100
      vertex 12.4877 9.15075 48.352
      vertex 12.8878 8.61134 48.2306
    endloop
  endfacet
  facet normal -0.803213 -0.595691 6.32515e-07
    outer loop
      vertex 12 9.80837 48.4
      vertex 12.8878 8.61134 100
      vertex 11.9817 9.8331 100
    endloop
  endfacet
  facet normal -0.803845 -0.594839 0
    outer loop
      vertex 11.9817 9.8331 11.995
      vertex 12 9.80837 43.4
      vertex 11.9817 9.8331 43.4018
    endloop
  endfacet
  facet normal -0.803289 -0.595588 -0.000958435
    outer loop
      vertex 12.35 9.33641 11.9649
      vertex 11.9817 9.8331 11.995
      vertex 12.2838 9.4257 11.9625
    endloop
  endfacet
  facet normal -0.803204 -0.595701 0.00195876
    outer loop
      vertex 12.8878 8.61134 11.9842
      vertex 11.9817 9.8331 11.995
      vertex 12.35 9.33641 11.9649
    endloop
  endfacet
  facet normal -0.803214 -0.595691 -1.03925e-06
    outer loop
      vertex 11.9817 9.8331 11.995
      vertex 12.8878 8.61134 11.9842
      vertex 12 9.80837 43.4
    endloop
  endfacet
  facet normal -0.803222 -0.59568 -1.68673e-06
    outer loop
      vertex 12 9.80837 43.4
      vertex 12.8878 8.61134 11.9842
      vertex 12.4877 9.15075 43.448
    endloop
  endfacet
  facet normal -0.803175 -0.595744 0
    outer loop
      vertex 12.4877 9.15075 43.448
      vertex 12.8878 8.61134 11.9842
      vertex 12.8878 8.61134 43.5694
    endloop
  endfacet
  facet normal 0.595691 0.803213 7.46188e-06
    outer loop
      vertex -8.61134 -12.8878 100
      vertex -9.25 -12.4141 94.9
      vertex -9.8331 -11.9817 100
    endloop
  endfacet
  facet normal 0.59573 0.803185 0
    outer loop
      vertex -8.61134 -12.8878 100
      vertex -9.25 -12.4141 54.9
      vertex -9.25 -12.4141 94.9
    endloop
  endfacet
  facet normal 0.595649 0.803245 0
    outer loop
      vertex -9.25 -12.4141 54.9
      vertex -9.8331 -11.9817 11.995
      vertex -9.8331 -11.9817 54.9
    endloop
  endfacet
  facet normal 0.59573 0.803185 -0
    outer loop
      vertex -8.61134 -12.8878 11.9842
      vertex -9.25 -12.4141 54.9
      vertex -8.61134 -12.8878 100
    endloop
  endfacet
  facet normal 0.595691 0.803214 -8.86867e-07
    outer loop
      vertex -9.25 -12.4141 54.9
      vertex -8.61134 -12.8878 11.9842
      vertex -9.8331 -11.9817 11.995
    endloop
  endfacet
  facet normal 0.595712 0.803184 0.00479779
    outer loop
      vertex -8.71163 -12.8134 11.9815
      vertex -9.8331 -11.9817 11.995
      vertex -8.61134 -12.8878 11.9842
    endloop
  endfacet
  facet normal 0.595676 0.803224 -0.000643085
    outer loop
      vertex -8.71163 -12.8134 11.9815
      vertex -9.51827 -12.2152 11.9699
      vertex -9.8331 -11.9817 11.995
    endloop
  endfacet
  facet normal 0.595622 0.803252 0.00454719
    outer loop
      vertex -9.51827 -12.2152 11.9699
      vertex -8.71163 -12.8134 11.9815
      vertex -9.4257 -12.2838 11.9625
    endloop
  endfacet
  facet normal 0.595649 0.803245 0
    outer loop
      vertex -9.8331 -11.9817 100
      vertex -9.25 -12.4141 94.9
      vertex -9.8331 -11.9817 94.9
    endloop
  endfacet
  facet normal 0.740965 0.671543 0
    outer loop
      vertex -10.9602 -10.9602 11.9842
      vertex -11.9817 -9.8331 11.995
      vertex -11.9817 -9.8331 100
    endloop
  endfacet
  facet normal 0.740935 0.671572 0.00254658
    outer loop
      vertex -11.9817 -9.8331 11.995
      vertex -11.044 -10.8676 11.9815
      vertex -11.7184 -10.1235 11.9699
    endloop
  endfacet
  facet normal 0.740958 0.671551 -4.78995e-05
    outer loop
      vertex -11.7184 -10.1235 11.9699
      vertex -11.044 -10.8676 11.9815
      vertex -11.641 -10.2089 11.9625
    endloop
  endfacet
  facet normal 0.740965 0.671543 -0
    outer loop
      vertex -10.9602 -10.9602 11.9842
      vertex -11.9817 -9.8331 100
      vertex -10.9602 -10.9602 100
    endloop
  endfacet
  facet normal 0.740844 0.671187 0.0256375
    outer loop
      vertex -11.9817 -9.8331 11.995
      vertex -10.9602 -10.9602 11.9842
      vertex -11.044 -10.8676 11.9815
    endloop
  endfacet
  facet normal 0.970031 0.242983 0
    outer loop
      vertex -14.8326 -4.49941 11.995
      vertex -15.2022 -3.0239 11.9842
      vertex -15.2022 -3.0239 100
    endloop
  endfacet
  facet normal 0.970025 0.242996 0.00202681
    outer loop
      vertex -15.2022 -3.0239 11.9842
      vertex -14.8326 -4.49941 11.995
      vertex -14.9828 -3.89957 11.9649
    endloop
  endfacet
  facet normal 0.970031 0.242983 -0
    outer loop
      vertex -14.8326 -4.49941 11.995
      vertex -15.2022 -3.0239 100
      vertex -14.8326 -4.49941 100
    endloop
  endfacet
  facet normal 0.970052 0.242897 -7.99181e-05
    outer loop
      vertex -14.9828 -3.89957 11.9649
      vertex -14.8326 -4.49941 11.995
      vertex -14.9558 -4.0074 11.9625
    endloop
  endfacet
  facet normal -0.857821 -0.513948 5.2867e-06
    outer loop
      vertex 13.6698 7.30665 100
      vertex 12.8878 8.61134 48.2306
      vertex 12.9567 8.49634 48.2097
    endloop
  endfacet
  facet normal -0.85774 -0.514083 1.06366e-06
    outer loop
      vertex 13.6698 7.30665 100
      vertex 12.9567 8.49634 48.2097
      vertex 13.3889 7.77522 47.9787
    endloop
  endfacet
  facet normal -0.857688 -0.51417 -0
    outer loop
      vertex 13.6698 7.30665 100
      vertex 13.3889 7.77522 47.9787
      vertex 13.6698 7.30665 47.7482
    endloop
  endfacet
  facet normal -0.857729 -0.514102 0
    outer loop
      vertex 12.8878 8.61134 48.2306
      vertex 13.6698 7.30665 100
      vertex 12.8878 8.61134 100
    endloop
  endfacet
  facet normal -0.857726 -0.514107 0
    outer loop
      vertex 12.952 8.50423 11.9815
      vertex 12.8878 8.61134 43.5694
      vertex 12.8878 8.61134 11.9842
    endloop
  endfacet
  facet normal -0.857729 -0.514102 -2.44415e-08
    outer loop
      vertex 13.6698 7.30665 11.995
      vertex 12.8878 8.61134 43.5694
      vertex 12.952 8.50423 11.9815
    endloop
  endfacet
  facet normal -0.857821 -0.513948 -8.64287e-06
    outer loop
      vertex 12.8878 8.61134 43.5694
      vertex 13.6698 7.30665 11.995
      vertex 12.9567 8.49634 43.5903
    endloop
  endfacet
  facet normal -0.857685 -0.514152 0.00496977
    outer loop
      vertex 13.4683 7.64285 11.9699
      vertex 12.952 8.50423 11.9815
      vertex 13.409 7.7417 11.9625
    endloop
  endfacet
  facet normal -0.857727 -0.514105 -0.000402975
    outer loop
      vertex 13.6698 7.30665 11.995
      vertex 12.952 8.50423 11.9815
      vertex 13.4683 7.64285 11.9699
    endloop
  endfacet
  facet normal -0.85774 -0.514083 -1.73543e-06
    outer loop
      vertex 12.9567 8.49634 43.5903
      vertex 13.6698 7.30665 11.995
      vertex 13.3889 7.77522 43.8213
    endloop
  endfacet
  facet normal -0.857688 -0.51417 0
    outer loop
      vertex 13.3889 7.77522 43.8213
      vertex 13.6698 7.30665 11.995
      vertex 13.6698 7.30665 44.0518
    endloop
  endfacet
  facet normal 0.595649 -0.803245 0
    outer loop
      vertex -9.8331 11.9817 54.9
      vertex -9.8331 11.9817 22.9
      vertex -9.25 12.4141 54.9
    endloop
  endfacet
  facet normal 0.595649 -0.803245 0
    outer loop
      vertex -9.25 12.4141 94.9
      vertex -9.8331 11.9817 100
      vertex -9.8331 11.9817 94.9
    endloop
  endfacet
  facet normal 0.595691 -0.803213 7.46188e-06
    outer loop
      vertex -9.8331 11.9817 100
      vertex -9.25 12.4141 94.9
      vertex -8.61134 12.8878 100
    endloop
  endfacet
  facet normal 0.59573 -0.803185 0
    outer loop
      vertex -9.25 12.4141 54.9
      vertex -8.61134 12.8878 100
      vertex -9.25 12.4141 94.9
    endloop
  endfacet
  facet normal 0.59573 -0.803185 0
    outer loop
      vertex -9.25 12.4141 54.9
      vertex -8.61134 12.8878 22.9
      vertex -8.61134 12.8878 100
    endloop
  endfacet
  facet normal 0.595691 -0.803213 -1.18924e-06
    outer loop
      vertex -8.61134 12.8878 22.9
      vertex -9.25 12.4141 54.9
      vertex -9.8331 11.9817 22.9
    endloop
  endfacet
  facet normal 0.595638 -0.803253 0
    outer loop
      vertex -9.4257 12.2838 11.9625
      vertex -9.8331 11.9817 12.9
      vertex -9.8331 11.9817 11.995
    endloop
  endfacet
  facet normal 0.595573 -0.803302 -4.39085e-05
    outer loop
      vertex -9.33641 12.35 11.9649
      vertex -9.8331 11.9817 12.9
      vertex -9.4257 12.2838 11.9625
    endloop
  endfacet
  facet normal 0.595736 -0.80318 0
    outer loop
      vertex -8.61134 12.8878 12.9
      vertex -9.33641 12.35 11.9649
      vertex -8.61134 12.8878 11.9842
    endloop
  endfacet
  facet normal 0.595691 -0.803213 5.38544e-05
    outer loop
      vertex -9.8331 11.9817 12.9
      vertex -9.33641 12.35 11.9649
      vertex -8.61134 12.8878 12.9
    endloop
  endfacet
  facet normal -0.741181 0.671256 0.0080745
    outer loop
      vertex 11.5664 -10.2913 11.9649
      vertex 11.9817 -9.8331 11.995
      vertex 11.641 -10.2089 11.9625
    endloop
  endfacet
  facet normal -0.740969 0.671538 0.000852275
    outer loop
      vertex 10.9602 -10.9602 11.9842
      vertex 11.9817 -9.8331 11.995
      vertex 11.5664 -10.2913 11.9649
    endloop
  endfacet
  facet normal -0.740965 0.671543 0
    outer loop
      vertex 11.9817 -9.8331 11.995
      vertex 10.9602 -10.9602 11.9842
      vertex 11.9817 -9.8331 100
    endloop
  endfacet
  facet normal -0.740965 0.671543 0
    outer loop
      vertex 11.9817 -9.8331 100
      vertex 10.9602 -10.9602 11.9842
      vertex 10.9602 -10.9602 100
    endloop
  endfacet
  facet normal -0.595691 -0.803213 7.46188e-06
    outer loop
      vertex 8.61134 12.8878 100
      vertex 9.25 12.4141 94.9
      vertex 9.8331 11.9817 100
    endloop
  endfacet
  facet normal -0.59573 -0.803185 0
    outer loop
      vertex 8.61134 12.8878 100
      vertex 9.25 12.4141 54.9
      vertex 9.25 12.4141 94.9
    endloop
  endfacet
  facet normal -0.595649 -0.803245 0
    outer loop
      vertex 9.25 12.4141 54.9
      vertex 9.8331 11.9817 47.1239
      vertex 9.8331 11.9817 54.9
    endloop
  endfacet
  facet normal -0.595669 -0.80323 -2.26462e-06
    outer loop
      vertex 9.25 12.4141 54.9
      vertex 9.6903 12.0876 46.8567
      vertex 9.8331 11.9817 47.1239
    endloop
  endfacet
  facet normal -0.595668 -0.803231 -2.23592e-06
    outer loop
      vertex 9.25 12.4141 54.9
      vertex 9.54804 12.1931 46.3877
      vertex 9.6903 12.0876 46.8567
    endloop
  endfacet
  facet normal -0.59545 -0.803392 9.58937e-06
    outer loop
      vertex 9.25 12.4141 54.9
      vertex 9.5 12.2287 45.9
      vertex 9.54804 12.1931 46.3877
    endloop
  endfacet
  facet normal -0.59573 -0.803185 0
    outer loop
      vertex 8.61134 12.8878 24.6069
      vertex 9.25 12.4141 54.9
      vertex 8.61134 12.8878 100
    endloop
  endfacet
  facet normal -0.595698 -0.803209 -1.05131e-06
    outer loop
      vertex 8.61134 12.8878 24.6069
      vertex 9.5 12.2287 45.9
      vertex 9.25 12.4141 54.9
    endloop
  endfacet
  facet normal -0.595485 -0.803367 -1.48215e-05
    outer loop
      vertex 8.61134 12.8878 24.6069
      vertex 9.54804 12.1931 45.4123
      vertex 9.5 12.2287 45.9
    endloop
  endfacet
  facet normal -0.595676 -0.803225 -1.45848e-06
    outer loop
      vertex 8.61134 12.8878 24.6069
      vertex 9.6903 12.0876 44.9433
      vertex 9.54804 12.1931 45.4123
    endloop
  endfacet
  facet normal -0.595673 -0.803227 -1.68479e-06
    outer loop
      vertex 8.61134 12.8878 24.6069
      vertex 9.8331 11.9817 44.6761
      vertex 9.6903 12.0876 44.9433
    endloop
  endfacet
  facet normal -0.5966 -0.802539 8.57996e-05
    outer loop
      vertex 8.6447 12.863 24.6025
      vertex 9.8331 11.9817 44.6761
      vertex 8.61134 12.8878 24.6069
    endloop
  endfacet
  facet normal -0.595584 -0.803293 -7.45119e-06
    outer loop
      vertex 8.91 12.6663 24.4926
      vertex 9.8331 11.9817 44.6761
      vertex 8.6447 12.863 24.6025
    endloop
  endfacet
  facet normal -0.595781 -0.803147 6.46762e-06
    outer loop
      vertex 9.13782 12.4973 24.3178
      vertex 9.8331 11.9817 44.6761
      vertex 8.91 12.6663 24.4926
    endloop
  endfacet
  facet normal -0.595562 -0.80331 -5.13206e-06
    outer loop
      vertex 9.31263 12.3677 24.09
      vertex 9.8331 11.9817 44.6761
      vertex 9.13782 12.4973 24.3178
    endloop
  endfacet
  facet normal -0.595699 -0.803208 2.55992e-07
    outer loop
      vertex 9.42252 12.2862 23.8247
      vertex 9.8331 11.9817 44.6761
      vertex 9.31263 12.3677 24.09
    endloop
  endfacet
  facet normal -0.595734 -0.803182 1.30883e-06
    outer loop
      vertex 9.46 12.2584 23.54
      vertex 9.8331 11.9817 44.6761
      vertex 9.42252 12.2862 23.8247
    endloop
  endfacet
  facet normal -0.595686 -0.803218 0
    outer loop
      vertex 9.46 12.2584 23.54
      vertex 9.8331 11.9817 11.995
      vertex 9.8331 11.9817 44.6761
    endloop
  endfacet
  facet normal -0.595729 -0.803185 -2.18186e-06
    outer loop
      vertex 9.42252 12.2862 23.2553
      vertex 9.8331 11.9817 11.995
      vertex 9.46 12.2584 23.54
    endloop
  endfacet
  facet normal -0.595699 -0.803208 -4.56395e-07
    outer loop
      vertex 9.31263 12.3677 22.99
      vertex 9.8331 11.9817 11.995
      vertex 9.42252 12.2862 23.2553
    endloop
  endfacet
  facet normal -0.595565 -0.803307 9.34869e-06
    outer loop
      vertex 9.13782 12.4973 22.7622
      vertex 9.8331 11.9817 11.995
      vertex 9.31263 12.3677 22.99
    endloop
  endfacet
  facet normal -0.595778 -0.803149 -1.19568e-05
    outer loop
      vertex 8.91 12.6663 22.5874
      vertex 9.8331 11.9817 11.995
      vertex 9.13782 12.4973 22.7622
    endloop
  endfacet
  facet normal -0.595586 -0.803292 1.39629e-05
    outer loop
      vertex 8.6447 12.863 22.4775
      vertex 9.8331 11.9817 11.995
      vertex 8.91 12.6663 22.5874
    endloop
  endfacet
  facet normal -0.596594 -0.802544 -0.000163147
    outer loop
      vertex 8.61134 12.8878 22.4731
      vertex 9.8331 11.9817 11.995
      vertex 8.6447 12.863 22.4775
    endloop
  endfacet
  facet normal -0.595802 -0.803131 0
    outer loop
      vertex 8.71163 12.8134 11.9815
      vertex 8.61134 12.8878 22.4731
      vertex 8.61134 12.8878 11.9842
    endloop
  endfacet
  facet normal -0.59567 -0.803229 1.94956e-06
    outer loop
      vertex 9.51827 12.2152 11.9699
      vertex 8.61134 12.8878 22.4731
      vertex 8.71163 12.8134 11.9815
    endloop
  endfacet
  facet normal -0.595709 -0.8032 -3.256e-06
    outer loop
      vertex 8.61134 12.8878 22.4731
      vertex 9.51827 12.2152 11.9699
      vertex 9.8331 11.9817 11.995
    endloop
  endfacet
  facet normal -0.595622 -0.803252 0.00454719
    outer loop
      vertex 9.51827 12.2152 11.9699
      vertex 8.71163 12.8134 11.9815
      vertex 9.4257 12.2838 11.9625
    endloop
  endfacet
  facet normal -0.595649 -0.803245 -0
    outer loop
      vertex 9.8331 11.9817 100
      vertex 9.25 12.4141 94.9
      vertex 9.8331 11.9817 94.9
    endloop
  endfacet
  facet normal -0.0490434 0.998797 0
    outer loop
      vertex 1.51927 -15.4254 11.995
      vertex 0 -15.5 100
      vertex 1.51927 -15.4254 100
    endloop
  endfacet
  facet normal -0.0490434 0.998797 0
    outer loop
      vertex 1.51927 -15.4254 11.995
      vertex 0 -15.5 11.9842
      vertex 0 -15.5 100
    endloop
  endfacet
  facet normal -0.0490509 0.998796 0.00106224
    outer loop
      vertex 1.51927 -15.4254 11.995
      vertex 0.901637 -15.4557 11.9649
      vertex 0 -15.5 11.9842
    endloop
  endfacet
  facet normal -0.0487088 0.998795 -0.00595841
    outer loop
      vertex 0.901637 -15.4557 11.9649
      vertex 1.51927 -15.4254 11.995
      vertex 1.01266 -15.4503 11.9625
    endloop
  endfacet
  facet normal 0.998797 -0.0490434 0
    outer loop
      vertex -15.5 0 100
      vertex -15.4254 1.51927 56.635
      vertex -15.4254 1.51927 100
    endloop
  endfacet
  facet normal 0.998797 -0.0490434 0
    outer loop
      vertex -15.4254 1.51927 56.635
      vertex -15.5 0 100
      vertex -15.5 0 56.635
    endloop
  endfacet
  facet normal 0.998817 -0.0486358 0
    outer loop
      vertex -15.4344 1.33444 56.0594
      vertex -15.4254 1.51927 11.995
      vertex -15.4254 1.51927 56.2443
    endloop
  endfacet
  facet normal 0.998796 -0.0490606 -1.78615e-06
    outer loop
      vertex -15.4939 0.124719 11.9815
      vertex -15.4254 1.51927 11.995
      vertex -15.4344 1.33444 56.0594
    endloop
  endfacet
  facet normal 0.998794 -0.0490743 0.00142404
    outer loop
      vertex -15.4254 1.51927 11.995
      vertex -15.4939 0.124719 11.9815
      vertex -15.4446 1.12777 11.9699
    endloop
  endfacet
  facet normal 0.99878 -0.0491461 -0.00484318
    outer loop
      vertex -15.4446 1.12777 11.9699
      vertex -15.4939 0.124719 11.9815
      vertex -15.4503 1.01266 11.9625
    endloop
  endfacet
  facet normal 0.998794 -0.0490999 0
    outer loop
      vertex -15.5 0 11.9842
      vertex -15.4344 1.33444 56.0594
      vertex -15.5 0 56.125
    endloop
  endfacet
  facet normal 0.998806 -0.0488517 -7.5324e-06
    outer loop
      vertex -15.4344 1.33444 56.0594
      vertex -15.5 0 11.9842
      vertex -15.4939 0.124719 11.9815
    endloop
  endfacet
  facet normal -0.0490434 -0.998797 0
    outer loop
      vertex 0 15.5 8
      vertex 1.51927 15.4254 100
      vertex 0 15.5 100
    endloop
  endfacet
  facet normal -0.0490434 -0.998797 -0
    outer loop
      vertex 1.51927 15.4254 100
      vertex 0 15.5 8
      vertex 1.51927 15.4254 8
    endloop
  endfacet
  facet normal 0.989167 0.146792 0
    outer loop
      vertex -15.4254 -1.51927 100
      vertex -15.3689 -1.9 56.635
      vertex -15.4254 -1.51927 56.635
    endloop
  endfacet
  facet normal 0.989178 0.146718 0
    outer loop
      vertex -15.2022 -3.0239 11.9842
      vertex -15.3689 -1.9 56.625
      vertex -15.3689 -1.9 56.635
    endloop
  endfacet
  facet normal 0.989185 0.146676 1.40711e-06
    outer loop
      vertex -15.3689 -1.9 56.625
      vertex -15.2205 -2.90038 11.9815
      vertex -15.3678 -1.90699 11.9699
    endloop
  endfacet
  facet normal 0.989185 0.146671 -0.00044581
    outer loop
      vertex -15.3678 -1.90699 11.9699
      vertex -15.2205 -2.90038 11.9815
      vertex -15.3509 -2.02099 11.9625
    endloop
  endfacet
  facet normal 0.989176 0.146736 4.95116e-07
    outer loop
      vertex -15.2022 -3.0239 100
      vertex -15.3689 -1.9 56.635
      vertex -15.4254 -1.51927 100
    endloop
  endfacet
  facet normal 0.989178 0.146718 -0
    outer loop
      vertex -15.2022 -3.0239 11.9842
      vertex -15.3689 -1.9 56.635
      vertex -15.2022 -3.0239 100
    endloop
  endfacet
  facet normal 0.989203 0.146555 4.1981e-06
    outer loop
      vertex -15.3689 -1.9 56.625
      vertex -15.2022 -3.0239 11.9842
      vertex -15.2205 -2.90038 11.9815
    endloop
  endfacet
  facet normal 0.989167 0.146793 1.38845e-06
    outer loop
      vertex -15.3678 -1.90699 11.9699
      vertex -15.4254 -1.51927 56.2443
      vertex -15.3689 -1.9 56.625
    endloop
  endfacet
  facet normal 0.989144 0.146948 0
    outer loop
      vertex -15.4254 -1.51927 56.2443
      vertex -15.3678 -1.90699 11.9699
      vertex -15.4254 -1.51927 11.995
    endloop
  endfacet
  facet normal 0.0490434 -0.998797 0
    outer loop
      vertex -1.51927 15.4254 8
      vertex 0 15.5 100
      vertex -1.51927 15.4254 100
    endloop
  endfacet
  facet normal 0.0490434 -0.998797 0
    outer loop
      vertex 0 15.5 100
      vertex -1.51927 15.4254 8
      vertex 0 15.5 8
    endloop
  endfacet
  facet normal 0.242983 0.970031 0
    outer loop
      vertex -3.0239 -15.2022 100
      vertex -4.49941 -14.8326 11.995
      vertex -4.49941 -14.8326 100
    endloop
  endfacet
  facet normal 0.242983 0.970031 -0
    outer loop
      vertex -3.0239 -15.2022 11.9842
      vertex -4.49941 -14.8326 11.995
      vertex -3.0239 -15.2022 100
    endloop
  endfacet
  facet normal 0.243061 0.969883 0.0157349
    outer loop
      vertex -3.14503 -15.1718 11.9815
      vertex -4.49941 -14.8326 11.995
      vertex -3.0239 -15.2022 11.9842
    endloop
  endfacet
  facet normal 0.242953 0.970038 0.00101689
    outer loop
      vertex -3.14503 -15.1718 11.9815
      vertex -4.1192 -14.9278 11.9699
      vertex -4.49941 -14.8326 11.995
    endloop
  endfacet
  facet normal 0.242961 0.970036 0.00027827
    outer loop
      vertex -4.1192 -14.9278 11.9699
      vertex -3.14503 -15.1718 11.9815
      vertex -4.0074 -14.9558 11.9625
    endloop
  endfacet
  facet normal 0.242983 -0.970031 0
    outer loop
      vertex -4.49941 14.8326 8
      vertex -3.0239 15.2022 100
      vertex -4.49941 14.8326 100
    endloop
  endfacet
  facet normal 0.242983 -0.970031 0
    outer loop
      vertex -3.0239 15.2022 100
      vertex -4.49941 14.8326 8
      vertex -3.0239 15.2022 8
    endloop
  endfacet
  facet normal 0.146736 -0.989176 0
    outer loop
      vertex -3.0239 15.2022 8
      vertex -1.51927 15.4254 100
      vertex -3.0239 15.2022 100
    endloop
  endfacet
  facet normal 0.146736 -0.989176 0
    outer loop
      vertex -1.51927 15.4254 100
      vertex -3.0239 15.2022 8
      vertex -1.51927 15.4254 8
    endloop
  endfacet
  facet normal 0.146736 0.989176 -0
    outer loop
      vertex -1.51927 -15.4254 11.995
      vertex -3.0239 -15.2022 100
      vertex -1.51927 -15.4254 100
    endloop
  endfacet
  facet normal 0.146736 0.989176 0
    outer loop
      vertex -1.51927 -15.4254 11.995
      vertex -3.0239 -15.2022 11.9842
      vertex -3.0239 -15.2022 100
    endloop
  endfacet
  facet normal 0.146719 0.989175 0.00244613
    outer loop
      vertex -1.51927 -15.4254 11.995
      vertex -2.13094 -15.3346 11.9649
      vertex -3.0239 -15.2022 11.9842
    endloop
  endfacet
  facet normal 0.146704 0.989177 0.00274112
    outer loop
      vertex -2.13094 -15.3346 11.9649
      vertex -1.51927 -15.4254 11.995
      vertex -2.02099 -15.3509 11.9625
    endloop
  endfacet
  facet normal 0.803213 0.595691 0
    outer loop
      vertex -11.9817 -9.8331 11.995
      vertex -12.8878 -8.61134 11.9842
      vertex -12.8878 -8.61134 100
    endloop
  endfacet
  facet normal 0.803204 0.595701 0.00195876
    outer loop
      vertex -12.8878 -8.61134 11.9842
      vertex -11.9817 -9.8331 11.995
      vertex -12.35 -9.33641 11.9649
    endloop
  endfacet
  facet normal 0.803213 0.595691 -0
    outer loop
      vertex -11.9817 -9.8331 11.995
      vertex -12.8878 -8.61134 100
      vertex -11.9817 -9.8331 100
    endloop
  endfacet
  facet normal 0.803289 0.595588 -0.000958435
    outer loop
      vertex -12.35 -9.33641 11.9649
      vertex -11.9817 -9.8331 11.995
      vertex -12.2838 -9.4257 11.9625
    endloop
  endfacet
  facet normal -0.336924 -0.941532 5.86948e-07
    outer loop
      vertex 4.49941 14.8326 100
      vertex 4.81 14.7214 9.23
      vertex 5.93159 14.3201 100
    endloop
  endfacet
  facet normal -0.337189 -0.941437 -4.36959e-07
    outer loop
      vertex 4.49941 14.8326 100
      vertex 4.55118 14.8141 9.19593
      vertex 4.81 14.7214 9.23
    endloop
  endfacet
  facet normal -0.336509 -0.94168 0
    outer loop
      vertex 4.55118 14.8141 9.19593
      vertex 4.49941 14.8326 100
      vertex 4.49941 14.8326 9.17448
    endloop
  endfacet
  facet normal -0.336866 -0.941552 -2.09347e-07
    outer loop
      vertex 5.06882 14.6288 9.19593
      vertex 5.93159 14.3201 100
      vertex 4.81 14.7214 9.23
    endloop
  endfacet
  facet normal -0.336905 -0.941539 2.04912e-07
    outer loop
      vertex 5.31 14.5425 9.09602
      vertex 5.93159 14.3201 100
      vertex 5.06882 14.6288 9.19593
    endloop
  endfacet
  facet normal -0.336869 -0.941551 -7.18878e-08
    outer loop
      vertex 5.51711 14.4684 8.93711
      vertex 5.93159 14.3201 100
      vertex 5.31 14.5425 9.09602
    endloop
  endfacet
  facet normal -0.336564 -0.941661 -1.6412e-06
    outer loop
      vertex 5.67603 14.4116 8.73
      vertex 5.93159 14.3201 100
      vertex 5.51711 14.4684 8.93711
    endloop
  endfacet
  facet normal -0.337349 -0.94138 8.40724e-07
    outer loop
      vertex 5.77593 14.3758 8.48882
      vertex 5.93159 14.3201 100
      vertex 5.67603 14.4116 8.73
    endloop
  endfacet
  facet normal -0.336761 -0.94159 5.39046e-05
    outer loop
      vertex 5.93159 14.3201 8
      vertex 5.77593 14.3758 8.48882
      vertex 5.81 14.3636 8.23
    endloop
  endfacet
  facet normal -0.336911 -0.941536 0
    outer loop
      vertex 5.77593 14.3758 8.48882
      vertex 5.93159 14.3201 8
      vertex 5.93159 14.3201 100
    endloop
  endfacet
  facet normal -0.33722 -0.941426 -0.000219683
    outer loop
      vertex 5.93159 14.3201 8
      vertex 5.81 14.3636 8.23
      vertex 5.77972 14.3745 8
    endloop
  endfacet
  facet normal 0.998797 0.0490434 0
    outer loop
      vertex -15.4254 -1.51927 100
      vertex -15.5 0 56.635
      vertex -15.5 0 100
    endloop
  endfacet
  facet normal 0.998797 0.0490434 0
    outer loop
      vertex -15.5 0 56.635
      vertex -15.4254 -1.51927 100
      vertex -15.4254 -1.51927 56.635
    endloop
  endfacet
  facet normal 0.998794 0.0490999 0
    outer loop
      vertex -15.4344 -1.33444 56.0594
      vertex -15.5 0 11.9842
      vertex -15.5 0 56.125
    endloop
  endfacet
  facet normal 0.998797 0.0490434 -1.71402e-06
    outer loop
      vertex -15.4254 -1.51927 11.995
      vertex -15.5 0 11.9842
      vertex -15.4344 -1.33444 56.0594
    endloop
  endfacet
  facet normal 0.998796 0.0490509 0.00106224
    outer loop
      vertex -15.5 0 11.9842
      vertex -15.4254 -1.51927 11.995
      vertex -15.4557 -0.901637 11.9649
    endloop
  endfacet
  facet normal 0.998817 0.0486358 -0
    outer loop
      vertex -15.4254 -1.51927 11.995
      vertex -15.4344 -1.33444 56.0594
      vertex -15.4254 -1.51927 56.2443
    endloop
  endfacet
  facet normal 0.998795 0.0487088 -0.00595841
    outer loop
      vertex -15.4557 -0.901637 11.9649
      vertex -15.4254 -1.51927 11.995
      vertex -15.4503 -1.01266 11.9625
    endloop
  endfacet
  facet normal -0.336924 0.941532 0
    outer loop
      vertex 5.93159 -14.3201 100
      vertex 4.49941 -14.8326 11.995
      vertex 4.49941 -14.8326 100
    endloop
  endfacet
  facet normal -0.336924 0.941532 0
    outer loop
      vertex 5.93159 -14.3201 11.9842
      vertex 4.49941 -14.8326 11.995
      vertex 5.93159 -14.3201 100
    endloop
  endfacet
  facet normal -0.336964 0.941489 -0.00735959
    outer loop
      vertex 5.81402 -14.3622 11.9815
      vertex 4.49941 -14.8326 11.995
      vertex 5.93159 -14.3201 11.9842
    endloop
  endfacet
  facet normal -0.336887 0.941543 0.00197826
    outer loop
      vertex 5.81402 -14.3622 11.9815
      vertex 4.86846 -14.7005 11.9699
      vertex 4.49941 -14.8326 11.995
    endloop
  endfacet
  facet normal -0.336834 0.94156 -0.00280416
    outer loop
      vertex 4.86846 -14.7005 11.9699
      vertex 5.81402 -14.3622 11.9815
      vertex 4.97698 -14.6617 11.9625
    endloop
  endfacet
  facet normal -0.741364 -0.671104 0
    outer loop
      vertex 11.0433 10.8684 48.2097
      vertex 10.9602 10.9602 100
      vertex 10.9602 10.9602 48.1653
    endloop
  endfacet
  facet normal -0.740911 -0.671603 1.61009e-06
    outer loop
      vertex 11.5123 10.351 48.352
      vertex 10.9602 10.9602 100
      vertex 11.0433 10.8684 48.2097
    endloop
  endfacet
  facet normal -0.740949 -0.671561 7.16414e-07
    outer loop
      vertex 11.9817 9.8331 48.3982
      vertex 10.9602 10.9602 100
      vertex 11.5123 10.351 48.352
    endloop
  endfacet
  facet normal -0.740965 -0.671543 0
    outer loop
      vertex 10.9602 10.9602 100
      vertex 11.9817 9.8331 48.3982
      vertex 11.9817 9.8331 100
    endloop
  endfacet
  facet normal -0.741364 -0.671104 0
    outer loop
      vertex 10.9602 10.9602 11.9842
      vertex 11.0433 10.8684 43.5903
      vertex 10.9602 10.9602 43.6347
    endloop
  endfacet
  facet normal -0.741459 -0.670998 3.56229e-05
    outer loop
      vertex 11.9817 9.8331 43.4018
      vertex 10.9602 10.9602 11.9842
      vertex 11.044 10.8676 11.9815
    endloop
  endfacet
  facet normal -0.740912 -0.671603 -2.6375e-06
    outer loop
      vertex 10.9602 10.9602 11.9842
      vertex 11.5123 10.351 43.448
      vertex 11.0433 10.8684 43.5903
    endloop
  endfacet
  facet normal -0.740958 -0.671551 -4.78995e-05
    outer loop
      vertex 11.7184 10.1235 11.9699
      vertex 11.044 10.8676 11.9815
      vertex 11.641 10.2089 11.9625
    endloop
  endfacet
  facet normal -0.740935 -0.671572 0.00254658
    outer loop
      vertex 11.9817 9.8331 11.995
      vertex 11.044 10.8676 11.9815
      vertex 11.7184 10.1235 11.9699
    endloop
  endfacet
  facet normal -0.740921 -0.671592 -0
    outer loop
      vertex 11.9817 9.8331 43.4018
      vertex 11.044 10.8676 11.9815
      vertex 11.9817 9.8331 11.995
    endloop
  endfacet
  facet normal -0.740949 -0.671561 -1.17521e-06
    outer loop
      vertex 10.9602 10.9602 11.9842
      vertex 11.9817 9.8331 43.4018
      vertex 11.5123 10.351 43.448
    endloop
  endfacet
  facet normal -0.242996 0.970025 0.00202681
    outer loop
      vertex 4.49941 -14.8326 11.995
      vertex 3.89957 -14.9828 11.9649
      vertex 3.0239 -15.2022 11.9842
    endloop
  endfacet
  facet normal -0.242897 0.970052 -7.99181e-05
    outer loop
      vertex 3.89957 -14.9828 11.9649
      vertex 4.49941 -14.8326 11.995
      vertex 4.0074 -14.9558 11.9625
    endloop
  endfacet
  facet normal -0.242983 0.970031 0
    outer loop
      vertex 4.49941 -14.8326 11.995
      vertex 3.0239 -15.2022 100
      vertex 4.49941 -14.8326 100
    endloop
  endfacet
  facet normal -0.242983 0.970031 0
    outer loop
      vertex 3.0239 -15.2022 11.9842
      vertex 3.0239 -15.2022 100
      vertex 4.49941 -14.8326 11.995
    endloop
  endfacet
  facet normal -0.903983 0.427548 0.00409488
    outer loop
      vertex 13.6698 -7.30665 11.995
      vertex 14.3201 -5.93159 11.9842
      vertex 14.2667 -6.04447 11.9815
    endloop
  endfacet
  facet normal -0.904033 0.427404 0.00713343
    outer loop
      vertex 13.8374 -6.95232 11.9699
      vertex 14.2667 -6.04447 11.9815
      vertex 13.8866 -6.84813 11.9625
    endloop
  endfacet
  facet normal -0.904013 0.427503 -0.00140459
    outer loop
      vertex 13.6698 -7.30665 11.995
      vertex 14.2667 -6.04447 11.9815
      vertex 13.8374 -6.95232 11.9699
    endloop
  endfacet
  facet normal -0.904003 0.427526 0
    outer loop
      vertex 14.3201 -5.93159 11.9842
      vertex 13.6698 -7.30665 11.995
      vertex 14.3201 -5.93159 100
    endloop
  endfacet
  facet normal -0.904003 0.427526 0
    outer loop
      vertex 14.3201 -5.93159 100
      vertex 13.6698 -7.30665 11.995
      vertex 13.6698 -7.30665 100
    endloop
  endfacet
  facet normal -0.94163 0.336609 0.00523365
    outer loop
      vertex 14.6243 -5.08164 11.9649
      vertex 14.8326 -4.49941 11.995
      vertex 14.6617 -4.97698 11.9625
    endloop
  endfacet
  facet normal -0.941526 0.336935 -0.00178435
    outer loop
      vertex 14.3201 -5.93159 11.9842
      vertex 14.8326 -4.49941 11.995
      vertex 14.6243 -5.08164 11.9649
    endloop
  endfacet
  facet normal -0.941532 0.336924 0
    outer loop
      vertex 14.8326 -4.49941 11.995
      vertex 14.3201 -5.93159 11.9842
      vertex 14.8326 -4.49941 100
    endloop
  endfacet
  facet normal -0.941532 0.336924 0
    outer loop
      vertex 14.8326 -4.49941 100
      vertex 14.3201 -5.93159 11.9842
      vertex 14.3201 -5.93159 100
    endloop
  endfacet
  facet normal 0.514102 -0.857729 0
    outer loop
      vertex -8.61134 12.8878 22.9
      vertex -7.30665 13.6698 100
      vertex -8.61134 12.8878 100
    endloop
  endfacet
  facet normal 0.514102 -0.857729 0
    outer loop
      vertex -7.30665 13.6698 100
      vertex -8.61134 12.8878 22.9
      vertex -7.30665 13.6698 22.9
    endloop
  endfacet
  facet normal 0.514102 -0.857729 3.79038e-05
    outer loop
      vertex -7.7417 13.409 11.9625
      vertex -7.30665 13.6698 12.9
      vertex -8.61134 12.8878 12.9
    endloop
  endfacet
  facet normal 0.514107 -0.857726 0
    outer loop
      vertex -8.50423 12.952 11.9815
      vertex -8.61134 12.8878 12.9
      vertex -8.61134 12.8878 11.9842
    endloop
  endfacet
  facet normal 0.514067 -0.85775 -6.33288e-06
    outer loop
      vertex -7.7417 13.409 11.9625
      vertex -8.61134 12.8878 12.9
      vertex -8.50423 12.952 11.9815
    endloop
  endfacet
  facet normal 0.514083 -0.85774 0
    outer loop
      vertex -7.30665 13.6698 12.9
      vertex -7.64285 13.4683 11.9699
      vertex -7.30665 13.6698 11.995
    endloop
  endfacet
  facet normal 0.514442 -0.857525 -0.000176246
    outer loop
      vertex -7.30665 13.6698 12.9
      vertex -7.7417 13.409 11.9625
      vertex -7.64285 13.4683 11.9699
    endloop
  endfacet
  facet normal 0.427472 -0.904029 0
    outer loop
      vertex -7.30665 13.6698 12.9
      vertex -7.30665 13.6698 11.995
      vertex -7 13.8148 12.9
    endloop
  endfacet
  facet normal 0.427472 -0.904029 0
    outer loop
      vertex -7 13.8148 22.9
      vertex -7.30665 13.6698 100
      vertex -7.30665 13.6698 22.9
    endloop
  endfacet
  facet normal 0.427526 -0.904003 2.62588e-07
    outer loop
      vertex -7.30665 13.6698 100
      vertex -7 13.8148 22.9
      vertex -5.93159 14.3201 100
    endloop
  endfacet
  facet normal 0.427584 -0.903976 0
    outer loop
      vertex -6.60846 14 11.9682
      vertex -7 13.8148 22.9
      vertex -7 13.8148 12.9
    endloop
  endfacet
  facet normal 0.427453 -0.904038 7.82925e-06
    outer loop
      vertex -6.84813 13.8866 11.9625
      vertex -7 13.8148 12.9
      vertex -7.30665 13.6698 11.995
    endloop
  endfacet
  facet normal 0.427498 -0.904016 -3.76873e-06
    outer loop
      vertex -5.93159 14.3201 8
      vertex -7 13.8148 22.9
      vertex -6.60846 14 11.9682
    endloop
  endfacet
  facet normal 0.427516 -0.904008 0
    outer loop
      vertex -5.93159 14.3201 8
      vertex -6.60846 14 11.9682
      vertex -6.60846 14 8
    endloop
  endfacet
  facet normal 0.427541 -0.903996 0
    outer loop
      vertex -7 13.8148 22.9
      vertex -5.93159 14.3201 8
      vertex -5.93159 14.3201 100
    endloop
  endfacet
  facet normal 0.427387 -0.904069 -0.000101154
    outer loop
      vertex -7 13.8148 12.9
      vertex -6.74765 13.9342 11.9649
      vertex -6.60846 14 11.9682
    endloop
  endfacet
  facet normal 0.428115 -0.903724 0.000139031
    outer loop
      vertex -7 13.8148 12.9
      vertex -6.84813 13.8866 11.9625
      vertex -6.74765 13.9342 11.9649
    endloop
  endfacet
  facet normal 0.970031 -0.242983 0
    outer loop
      vertex -15.2022 3.0239 11.9842
      vertex -14.8326 4.49941 11.995
      vertex -14.8326 4.49941 100
    endloop
  endfacet
  facet normal 0.970038 -0.242953 0.00101689
    outer loop
      vertex -14.8326 4.49941 11.995
      vertex -15.1718 3.14503 11.9815
      vertex -14.9278 4.1192 11.9699
    endloop
  endfacet
  facet normal 0.970036 -0.242961 0.00027827
    outer loop
      vertex -14.9278 4.1192 11.9699
      vertex -15.1718 3.14503 11.9815
      vertex -14.9558 4.0074 11.9625
    endloop
  endfacet
  facet normal 0.969883 -0.243061 0.0157349
    outer loop
      vertex -14.8326 4.49941 11.995
      vertex -15.2022 3.0239 11.9842
      vertex -15.1718 3.14503 11.9815
    endloop
  endfacet
  facet normal 0.970031 -0.242983 0
    outer loop
      vertex -15.2022 3.0239 100
      vertex -15.2022 3.0239 11.9842
      vertex -14.8326 4.49941 100
    endloop
  endfacet
  facet normal 0 0 -1
    outer loop
      vertex 15.4254 -1.51927 100
      vertex 15.4254 1.51927 100
      vertex 15.5 0 100
    endloop
  endfacet
  facet normal 0 0 -1
    outer loop
      vertex 15.2022 -3.0239 100
      vertex 15.4254 1.51927 100
      vertex 15.4254 -1.51927 100
    endloop
  endfacet
  facet normal 0 0 -1
    outer loop
      vertex 15.2022 -3.0239 100
      vertex 15.2022 3.0239 100
      vertex 15.4254 1.51927 100
    endloop
  endfacet
  facet normal 0 0 -1
    outer loop
      vertex 14.8326 -4.49941 100
      vertex 15.2022 3.0239 100
      vertex 15.2022 -3.0239 100
    endloop
  endfacet
  facet normal 0 0 -1
    outer loop
      vertex 14.8326 -4.49941 100
      vertex 14.8326 4.49941 100
      vertex 15.2022 3.0239 100
    endloop
  endfacet
  facet normal 0 0 -1
    outer loop
      vertex 14.3201 -5.93159 100
      vertex 14.8326 4.49941 100
      vertex 14.8326 -4.49941 100
    endloop
  endfacet
  facet normal 0 0 -1
    outer loop
      vertex 14.3201 -5.93159 100
      vertex 14.3201 5.93159 100
      vertex 14.8326 4.49941 100
    endloop
  endfacet
  facet normal 0 0 -1
    outer loop
      vertex 13.6698 -7.30665 100
      vertex 14.3201 5.93159 100
      vertex 14.3201 -5.93159 100
    endloop
  endfacet
  facet normal 0 0 -1
    outer loop
      vertex 13.6698 -7.30665 100
      vertex 13.6698 7.30665 100
      vertex 14.3201 5.93159 100
    endloop
  endfacet
  facet normal 0 0 -1
    outer loop
      vertex 12.8878 -8.61134 100
      vertex 13.6698 7.30665 100
      vertex 13.6698 -7.30665 100
    endloop
  endfacet
  facet normal 0 0 -1
    outer loop
      vertex 12.8878 -8.61134 100
      vertex 12.8878 8.61134 100
      vertex 13.6698 7.30665 100
    endloop
  endfacet
  facet normal 0 0 -1
    outer loop
      vertex 11.9817 -9.8331 100
      vertex 12.8878 8.61134 100
      vertex 12.8878 -8.61134 100
    endloop
  endfacet
  facet normal 0 0 -1
    outer loop
      vertex 11.9817 -9.8331 100
      vertex 11.9817 9.8331 100
      vertex 12.8878 8.61134 100
    endloop
  endfacet
  facet normal 0 0 -1
    outer loop
      vertex 10.9602 -10.9602 100
      vertex 11.9817 9.8331 100
      vertex 11.9817 -9.8331 100
    endloop
  endfacet
  facet normal 0 0 -1
    outer loop
      vertex 10.9602 -10.9602 100
      vertex 10.9602 10.9602 100
      vertex 11.9817 9.8331 100
    endloop
  endfacet
  facet normal 0 0 -1
    outer loop
      vertex 9.8331 -11.9817 100
      vertex 10.9602 10.9602 100
      vertex 10.9602 -10.9602 100
    endloop
  endfacet
  facet normal 0 0 -1
    outer loop
      vertex 9.8331 -11.9817 100
      vertex 9.8331 11.9817 100
      vertex 10.9602 10.9602 100
    endloop
  endfacet
  facet normal 0 0 -1
    outer loop
      vertex 8.61134 -12.8878 100
      vertex 9.8331 11.9817 100
      vertex 9.8331 -11.9817 100
    endloop
  endfacet
  facet normal 0 0 -1
    outer loop
      vertex 8.61134 -12.8878 100
      vertex 8.61134 12.8878 100
      vertex 9.8331 11.9817 100
    endloop
  endfacet
  facet normal 0 0 -1
    outer loop
      vertex 7.30665 -13.6698 100
      vertex 8.61134 12.8878 100
      vertex 8.61134 -12.8878 100
    endloop
  endfacet
  facet normal 0 0 -1
    outer loop
      vertex 7.30665 -13.6698 100
      vertex 7.30665 13.6698 100
      vertex 8.61134 12.8878 100
    endloop
  endfacet
  facet normal 0 0 -1
    outer loop
      vertex 5.93159 -14.3201 100
      vertex 7.30665 13.6698 100
      vertex 7.30665 -13.6698 100
    endloop
  endfacet
  facet normal 0 0 -1
    outer loop
      vertex 5.93159 -14.3201 100
      vertex 5.93159 14.3201 100
      vertex 7.30665 13.6698 100
    endloop
  endfacet
  facet normal 0 0 -1
    outer loop
      vertex 4.49941 -14.8326 100
      vertex 5.93159 14.3201 100
      vertex 5.93159 -14.3201 100
    endloop
  endfacet
  facet normal 0 0 -1
    outer loop
      vertex 4.49941 -14.8326 100
      vertex 4.49941 14.8326 100
      vertex 5.93159 14.3201 100
    endloop
  endfacet
  facet normal 0 0 -1
    outer loop
      vertex 3.0239 -15.2022 100
      vertex 4.49941 14.8326 100
      vertex 4.49941 -14.8326 100
    endloop
  endfacet
  facet normal 0 0 -1
    outer loop
      vertex 3.0239 -15.2022 100
      vertex 3.0239 15.2022 100
      vertex 4.49941 14.8326 100
    endloop
  endfacet
  facet normal 0 0 -1
    outer loop
      vertex 1.51927 -15.4254 100
      vertex 3.0239 15.2022 100
      vertex 3.0239 -15.2022 100
    endloop
  endfacet
  facet normal 0 0 -1
    outer loop
      vertex 1.51927 -15.4254 100
      vertex 1.51927 15.4254 100
      vertex 3.0239 15.2022 100
    endloop
  endfacet
  facet normal 0 0 -1
    outer loop
      vertex 0 -15.5 100
      vertex 1.51927 15.4254 100
      vertex 1.51927 -15.4254 100
    endloop
  endfacet
  facet normal 0 0 -1
    outer loop
      vertex 0 -15.5 100
      vertex 0 15.5 100
      vertex 1.51927 15.4254 100
    endloop
  endfacet
  facet normal 0 0 -1
    outer loop
      vertex -1.51927 -15.4254 100
      vertex 0 15.5 100
      vertex 0 -15.5 100
    endloop
  endfacet
  facet normal 0 0 -1
    outer loop
      vertex -1.51927 -15.4254 100
      vertex -1.51927 15.4254 100
      vertex 0 15.5 100
    endloop
  endfacet
  facet normal 0 0 -1
    outer loop
      vertex -3.0239 -15.2022 100
      vertex -1.51927 15.4254 100
      vertex -1.51927 -15.4254 100
    endloop
  endfacet
  facet normal 0 0 -1
    outer loop
      vertex -3.0239 -15.2022 100
      vertex -3.0239 15.2022 100
      vertex -1.51927 15.4254 100
    endloop
  endfacet
  facet normal 0 0 -1
    outer loop
      vertex -4.49941 -14.8326 100
      vertex -3.0239 15.2022 100
      vertex -3.0239 -15.2022 100
    endloop
  endfacet
  facet normal 0 0 -1
    outer loop
      vertex -4.49941 -14.8326 100
      vertex -4.49941 14.8326 100
      vertex -3.0239 15.2022 100
    endloop
  endfacet
  facet normal 0 0 -1
    outer loop
      vertex -5.93159 -14.3201 100
      vertex -4.49941 14.8326 100
      vertex -4.49941 -14.8326 100
    endloop
  endfacet
  facet normal 0 0 -1
    outer loop
      vertex -5.93159 -14.3201 100
      vertex -5.93159 14.3201 100
      vertex -4.49941 14.8326 100
    endloop
  endfacet
  facet normal 0 0 -1
    outer loop
      vertex -7.30665 -13.6698 100
      vertex -5.93159 14.3201 100
      vertex -5.93159 -14.3201 100
    endloop
  endfacet
  facet normal 0 0 -1
    outer loop
      vertex -7.30665 -13.6698 100
      vertex -7.30665 13.6698 100
      vertex -5.93159 14.3201 100
    endloop
  endfacet
  facet normal 0 0 -1
    outer loop
      vertex -8.61134 -12.8878 100
      vertex -7.30665 13.6698 100
      vertex -7.30665 -13.6698 100
    endloop
  endfacet
  facet normal 0 0 -1
    outer loop
      vertex -8.61134 -12.8878 100
      vertex -8.61134 12.8878 100
      vertex -7.30665 13.6698 100
    endloop
  endfacet
  facet normal 0 0 -1
    outer loop
      vertex -9.8331 -11.9817 100
      vertex -8.61134 12.8878 100
      vertex -8.61134 -12.8878 100
    endloop
  endfacet
  facet normal 0 0 -1
    outer loop
      vertex -9.8331 -11.9817 100
      vertex -9.8331 11.9817 100
      vertex -8.61134 12.8878 100
    endloop
  endfacet
  facet normal 0 0 -1
    outer loop
      vertex -10.9602 -10.9602 100
      vertex -9.8331 11.9817 100
      vertex -9.8331 -11.9817 100
    endloop
  endfacet
  facet normal 0 0 -1
    outer loop
      vertex -10.9602 -10.9602 100
      vertex -10.9602 10.9602 100
      vertex -9.8331 11.9817 100
    endloop
  endfacet
  facet normal 0 0 -1
    outer loop
      vertex -11.9817 -9.8331 100
      vertex -10.9602 10.9602 100
      vertex -10.9602 -10.9602 100
    endloop
  endfacet
  facet normal 0 0 -1
    outer loop
      vertex -11.9817 -9.8331 100
      vertex -11.9817 9.8331 100
      vertex -10.9602 10.9602 100
    endloop
  endfacet
  facet normal 0 0 -1
    outer loop
      vertex -12.8878 -8.61134 100
      vertex -11.9817 9.8331 100
      vertex -11.9817 -9.8331 100
    endloop
  endfacet
  facet normal 0 0 -1
    outer loop
      vertex -12.8878 -8.61134 100
      vertex -12.8878 8.61134 100
      vertex -11.9817 9.8331 100
    endloop
  endfacet
  facet normal 0 0 -1
    outer loop
      vertex -13.6698 -7.30665 100
      vertex -12.8878 8.61134 100
      vertex -12.8878 -8.61134 100
    endloop
  endfacet
  facet normal 0 0 -1
    outer loop
      vertex -13.6698 -7.30665 100
      vertex -13.6698 7.30665 100
      vertex -12.8878 8.61134 100
    endloop
  endfacet
  facet normal 0 0 -1
    outer loop
      vertex -14.3201 -5.93159 100
      vertex -13.6698 7.30665 100
      vertex -13.6698 -7.30665 100
    endloop
  endfacet
  facet normal 0 0 -1
    outer loop
      vertex -14.3201 -5.93159 100
      vertex -14.3201 5.93159 100
      vertex -13.6698 7.30665 100
    endloop
  endfacet
  facet normal 0 0 -1
    outer loop
      vertex -14.8326 -4.49941 100
      vertex -14.3201 5.93159 100
      vertex -14.3201 -5.93159 100
    endloop
  endfacet
  facet normal 0 0 -1
    outer loop
      vertex -14.8326 -4.49941 100
      vertex -14.8326 4.49941 100
      vertex -14.3201 5.93159 100
    endloop
  endfacet
  facet normal 0 0 -1
    outer loop
      vertex -15.2022 -3.0239 100
      vertex -14.8326 4.49941 100
      vertex -14.8326 -4.49941 100
    endloop
  endfacet
  facet normal 0 0 -1
    outer loop
      vertex -15.2022 -3.0239 100
      vertex -15.2022 3.0239 100
      vertex -14.8326 4.49941 100
    endloop
  endfacet
  facet normal 0 0 -1
    outer loop
      vertex -15.4254 -1.51927 100
      vertex -15.2022 3.0239 100
      vertex -15.2022 -3.0239 100
    endloop
  endfacet
  facet normal 0 0 -1
    outer loop
      vertex -15.4254 -1.51927 100
      vertex -15.4254 1.51927 100
      vertex -15.2022 3.0239 100
    endloop
  endfacet
  facet normal 0 -0 -1
    outer loop
      vertex -15.4254 1.51927 100
      vertex -15.4254 -1.51927 100
      vertex -15.5 0 100
    endloop
  endfacet
  facet normal 0.904008 -0.427516 0
    outer loop
      vertex -14.2667 6.04447 11.9815
      vertex -13.6698 7.30665 11.995
      vertex -13.6698 7.30665 100
    endloop
  endfacet
  facet normal 0.904013 -0.427503 -0.00140459
    outer loop
      vertex -13.6698 7.30665 11.995
      vertex -14.2667 6.04447 11.9815
      vertex -13.8374 6.95232 11.9699
    endloop
  endfacet
  facet normal 0.904033 -0.427404 0.00713343
    outer loop
      vertex -13.8374 6.95232 11.9699
      vertex -14.2667 6.04447 11.9815
      vertex -13.8866 6.84813 11.9625
    endloop
  endfacet
  facet normal 0.904003 -0.427526 1.66862e-07
    outer loop
      vertex -14.3201 5.93159 100
      vertex -14.2667 6.04447 11.9815
      vertex -13.6698 7.30665 100
    endloop
  endfacet
  facet normal 0.903953 -0.427632 0
    outer loop
      vertex -14.2667 6.04447 11.9815
      vertex -14.3201 5.93159 100
      vertex -14.3201 5.93159 11.9842
    endloop
  endfacet
  facet normal -0.290277 0 -0.956943
    outer loop
      vertex 12.8878 8.61134 48.2306
      vertex 12.9567 10.4451 48.2097
      vertex 12.9567 8.49634 48.2097
    endloop
  endfacet
  facet normal -0.290349 2.94207e-06 -0.956921
    outer loop
      vertex 12.4877 9.15075 48.352
      vertex 12.9567 10.4451 48.2097
      vertex 12.8878 8.61134 48.2306
    endloop
  endfacet
  facet normal -0.290261 -3.19894e-05 -0.956948
    outer loop
      vertex 12.9567 10.4451 48.2097
      vertex 12.4877 9.15075 48.352
      vertex 12.7493 10.6968 48.2726
    endloop
  endfacet
  facet normal -0.290232 -3.72206e-05 -0.956956
    outer loop
      vertex 12.7493 10.6968 48.2726
      vertex 12.4877 9.15075 48.352
      vertex 12.5178 10.9778 48.3428
    endloop
  endfacet
  facet normal -0.292299 0 -0.956327
    outer loop
      vertex 12.5178 10.9778 48.3428
      vertex 12.4877 9.15075 48.352
      vertex 12.4877 11.0098 48.352
    endloop
  endfacet
  facet normal -0.956972 0 0.29018
    outer loop
      vertex 14.3097 5.95365 44.9433
      vertex 14.445 8.33985 45.3895
      vertex 14.3097 8.56611 44.9433
    endloop
  endfacet
  facet normal -0.956061 -0.000610291 0.293167
    outer loop
      vertex 14.445 8.33985 45.3895
      vertex 14.3097 5.95365 44.9433
      vertex 14.452 8.3264 45.4123
    endloop
  endfacet
  facet normal -0.957179 0.000182342 0.289497
    outer loop
      vertex 14.3201 5.93159 44.9777
      vertex 14.452 8.3264 45.4123
      vertex 14.3097 5.95365 44.9433
    endloop
  endfacet
  facet normal -0.9569 0 0.290417
    outer loop
      vertex 14.452 8.3264 45.4123
      vertex 14.3201 5.93159 44.9777
      vertex 14.452 5.56315 45.4123
    endloop
  endfacet
  facet normal -0.995192 0 0.0979479
    outer loop
      vertex 14.452 5.56315 45.4123
      vertex 14.5 8.22598 45.9
      vertex 14.452 8.3264 45.4123
    endloop
  endfacet
  facet normal -0.995192 0 0.0979479
    outer loop
      vertex 14.5 8.22598 45.9
      vertex 14.452 5.56315 45.4123
      vertex 14.5 5.4289 45.9
    endloop
  endfacet
  facet normal -0.881935 0 0.471372
    outer loop
      vertex 14.0787 6.44211 44.5111
      vertex 14.3097 8.56611 44.9433
      vertex 14.0787 8.94598 44.5111
    endloop
  endfacet
  facet normal -0.881935 0 0.471372
    outer loop
      vertex 14.3097 8.56611 44.9433
      vertex 14.0787 6.44211 44.5111
      vertex 14.3097 5.95365 44.9433
    endloop
  endfacet
  facet normal 0.29031 1.32758e-05 0.956933
    outer loop
      vertex 11.0433 10.8684 43.5903
      vertex 11.5123 12.0856 43.448
      vertex 11.2387 12.3407 43.531
    endloop
  endfacet
  facet normal 0.290402 -0 0.956905
    outer loop
      vertex 11.0433 10.8684 43.5903
      vertex 11.2387 12.3407 43.531
      vertex 11.0433 12.5229 43.5903
    endloop
  endfacet
  facet normal 0.290341 0 0.956923
    outer loop
      vertex 11.5123 12.0856 43.448
      vertex 11.0433 10.8684 43.5903
      vertex 11.5123 10.351 43.448
    endloop
  endfacet
  facet normal 0.881909 -0 0.471419
    outer loop
      vertex 9.6903 12.0876 44.9433
      vertex 9.92133 13.4106 44.5111
      vertex 9.6903 13.5707 44.9433
    endloop
  endfacet
  facet normal 0.881946 -2.88389e-05 0.471351
    outer loop
      vertex 9.8331 11.9817 44.6761
      vertex 9.92133 13.4106 44.5111
      vertex 9.6903 12.0876 44.9433
    endloop
  endfacet
  facet normal 0.881842 0 0.471545
    outer loop
      vertex 9.92133 13.4106 44.5111
      vertex 9.8331 11.9817 44.6761
      vertex 9.92133 11.9017 44.5111
    endloop
  endfacet
  facet normal 0.995185 0 -0.0980107
    outer loop
      vertex 9.5403 13.6611 46.3092
      vertex 9.5 12.2287 45.9
      vertex 9.5 13.6951 45.9
    endloop
  endfacet
  facet normal 0.995174 0 -0.0981229
    outer loop
      vertex 9.54804 12.1931 46.3877
      vertex 9.5403 13.6611 46.3092
      vertex 9.54804 13.6546 46.3877
    endloop
  endfacet
  facet normal 0.995184 5.10466e-06 -0.0980284
    outer loop
      vertex 9.5403 13.6611 46.3092
      vertex 9.54804 12.1931 46.3877
      vertex 9.5 12.2287 45.9
    endloop
  endfacet
  facet normal 0.995184 0 -0.0980287
    outer loop
      vertex 9.5 14 45.9
      vertex 9.54804 14.0583 46.3877
      vertex 9.54804 14 46.3877
    endloop
  endfacet
  facet normal 0.995184 0 -0.0980287
    outer loop
      vertex 9.54804 14.0583 46.3877
      vertex 9.5 14 45.9
      vertex 9.5 14.094 45.9
    endloop
  endfacet
  facet normal 0.0978883 0 -0.995197
    outer loop
      vertex 11.9817 9.8331 48.3982
      vertex 12 11.5298 48.4
      vertex 12 9.80837 48.4
    endloop
  endfacet
  facet normal 0.0979495 -6.66829e-07 -0.995191
    outer loop
      vertex 11.5123 10.351 48.352
      vertex 12 11.5298 48.4
      vertex 11.9817 9.8331 48.3982
    endloop
  endfacet
  facet normal 0.0980643 -4.8634e-05 -0.99518
    outer loop
      vertex 12 11.5298 48.4
      vertex 11.5123 10.351 48.352
      vertex 11.7728 11.7728 48.3776
    endloop
  endfacet
  facet normal 0.0978014 0 -0.995206
    outer loop
      vertex 11.7728 11.7728 48.3776
      vertex 11.5123 10.351 48.352
      vertex 11.5123 12.0171 48.352
    endloop
  endfacet
  facet normal 0.634326 0 -0.773066
    outer loop
      vertex 10.2322 11.6199 47.6678
      vertex 10.6111 12.8236 47.9787
      vertex 10.6111 11.2765 47.9787
    endloop
  endfacet
  facet normal 0.634372 -2.40404e-05 -0.773028
    outer loop
      vertex 10.6111 12.8236 47.9787
      vertex 10.2322 11.6199 47.6678
      vertex 10.4165 12.9853 47.819
    endloop
  endfacet
  facet normal 0.634265 0 -0.773116
    outer loop
      vertex 10.4165 12.9853 47.819
      vertex 10.2322 11.6199 47.6678
      vertex 10.2322 13.1386 47.6678
    endloop
  endfacet
  facet normal 0.881909 0 -0.471419
    outer loop
      vertex 9.92133 13.3758 47.2889
      vertex 9.6903 12.0876 46.8567
      vertex 9.6903 13.5467 46.8567
    endloop
  endfacet
  facet normal 0.881946 -2.95266e-05 -0.471351
    outer loop
      vertex 9.92133 13.3758 47.2889
      vertex 9.8331 11.9817 47.1239
      vertex 9.6903 12.0876 46.8567
    endloop
  endfacet
  facet normal 0.881842 0 -0.471545
    outer loop
      vertex 9.8331 11.9817 47.1239
      vertex 9.92133 13.3758 47.2889
      vertex 9.92133 11.9017 47.2889
    endloop
  endfacet
  facet normal -0.772931 -3.55799e-05 -0.63449
    outer loop
      vertex 13.7678 7.09947 47.6678
      vertex 13.8502 9.2544 47.5673
      vertex 14.0391 8.95506 47.3372
    endloop
  endfacet
  facet normal -0.773261 8.42881e-05 -0.634088
    outer loop
      vertex 13.7678 7.09947 47.6678
      vertex 14.0391 8.95506 47.3372
      vertex 14.0787 8.89233 47.2889
    endloop
  endfacet
  facet normal -0.773306 0 -0.634034
    outer loop
      vertex 13.8502 9.2544 47.5673
      vertex 13.7678 7.09947 47.6678
      vertex 13.7678 9.36765 47.6678
    endloop
  endfacet
  facet normal -0.773066 0 -0.634326
    outer loop
      vertex 13.7678 7.09947 47.6678
      vertex 14.0787 8.89233 47.2889
      vertex 14.0787 6.44211 47.2889
    endloop
  endfacet
  facet normal -0.471372 0 -0.881935
    outer loop
      vertex 12.9567 8.49634 48.2097
      vertex 13.3889 9.89088 47.9787
      vertex 13.3889 7.77522 47.9787
    endloop
  endfacet
  facet normal -0.471436 2.56372e-05 -0.8819
    outer loop
      vertex 13.3889 9.89088 47.9787
      vertex 12.9567 8.49634 48.2097
      vertex 13.2112 10.1373 48.0737
    endloop
  endfacet
  facet normal -0.471308 0 -0.881969
    outer loop
      vertex 13.2112 10.1373 48.0737
      vertex 12.9567 8.49634 48.2097
      vertex 12.9567 10.4451 48.2097
    endloop
  endfacet
  facet normal -0.773189 0 0.634176
    outer loop
      vertex 13.7678 7.09947 44.1322
      vertex 13.8782 9.27311 44.2668
      vertex 13.7678 9.42955 44.1322
    endloop
  endfacet
  facet normal -0.773017 -2.17336e-05 0.634386
    outer loop
      vertex 13.8782 9.27311 44.2668
      vertex 13.7678 7.09947 44.1322
      vertex 14.0471 8.99749 44.4726
    endloop
  endfacet
  facet normal -0.772992 -3.0627e-05 0.634415
    outer loop
      vertex 14.0471 8.99749 44.4726
      vertex 13.7678 7.09947 44.1322
      vertex 14.0787 8.94598 44.5111
    endloop
  endfacet
  facet normal -0.773066 0 0.634326
    outer loop
      vertex 14.0787 8.94598 44.5111
      vertex 13.7678 7.09947 44.1322
      vertex 14.0787 6.44211 44.5111
    endloop
  endfacet
  facet normal 0.471249 0 -0.882
    outer loop
      vertex 10.9602 10.9602 48.1653
      vertex 11.0433 12.4583 48.2097
      vertex 11.0433 10.8684 48.2097
    endloop
  endfacet
  facet normal 0.471394 -1.03081e-05 -0.881923
    outer loop
      vertex 10.6111 11.2765 47.9787
      vertex 11.0433 12.4583 48.2097
      vertex 10.9602 10.9602 48.1653
    endloop
  endfacet
  facet normal 0.471212 7.512e-05 -0.88202
    outer loop
      vertex 11.0433 12.4583 48.2097
      vertex 10.6111 11.2765 47.9787
      vertex 10.9789 12.5191 48.1753
    endloop
  endfacet
  facet normal 0.471409 0 -0.881914
    outer loop
      vertex 10.9789 12.5191 48.1753
      vertex 10.6111 11.2765 47.9787
      vertex 10.6111 12.8236 47.9787
    endloop
  endfacet
  facet normal -0.995192 0 -0.0979479
    outer loop
      vertex 14.5 8.22598 45.9
      vertex 14.452 5.56315 46.3877
      vertex 14.452 8.3053 46.3877
    endloop
  endfacet
  facet normal -0.995192 0 -0.0979479
    outer loop
      vertex 14.452 5.56315 46.3877
      vertex 14.5 8.22598 45.9
      vertex 14.5 5.4289 45.9
    endloop
  endfacet
  facet normal -0.95662 -0.000217042 -0.291338
    outer loop
      vertex 14.3097 5.95365 46.8567
      vertex 14.4357 8.33448 46.4412
      vertex 14.452 8.3053 46.3877
    endloop
  endfacet
  facet normal -0.956966 0 -0.290199
    outer loop
      vertex 14.4357 8.33448 46.4412
      vertex 14.3097 5.95365 46.8567
      vertex 14.3097 8.52916 46.8567
    endloop
  endfacet
  facet normal -0.957179 0.000183793 -0.289497
    outer loop
      vertex 14.452 8.3053 46.3877
      vertex 14.3201 5.93159 46.8223
      vertex 14.3097 5.95365 46.8567
    endloop
  endfacet
  facet normal -0.9569 0 -0.290417
    outer loop
      vertex 14.3201 5.93159 46.8223
      vertex 14.452 8.3053 46.3877
      vertex 14.452 5.56315 46.3877
    endloop
  endfacet
  facet normal -0.881935 0 -0.471372
    outer loop
      vertex 14.3097 8.52916 46.8567
      vertex 14.0787 6.44211 47.2889
      vertex 14.0787 8.89233 47.2889
    endloop
  endfacet
  facet normal -0.881935 0 -0.471372
    outer loop
      vertex 14.0787 6.44211 47.2889
      vertex 14.3097 8.52916 46.8567
      vertex 14.3097 5.95365 46.8567
    endloop
  endfacet
  facet normal 0.634436 -5.53989e-05 0.772975
    outer loop
      vertex 10.2322 11.6199 44.1322
      vertex 10.6111 12.8784 43.8213
      vertex 10.4085 13.0425 43.9876
    endloop
  endfacet
  facet normal 0.634169 -0 0.773195
    outer loop
      vertex 10.2322 11.6199 44.1322
      vertex 10.4085 13.0425 43.9876
      vertex 10.2322 13.1852 44.1322
    endloop
  endfacet
  facet normal 0.634326 0 0.773066
    outer loop
      vertex 10.6111 12.8784 43.8213
      vertex 10.2322 11.6199 44.1322
      vertex 10.6111 11.2765 43.8213
    endloop
  endfacet
  facet normal 0.995185 -0 0.0980169
    outer loop
      vertex 9.5 12.2287 45.9
      vertex 9.53786 13.6728 45.5156
      vertex 9.5 13.6951 45.9
    endloop
  endfacet
  facet normal 0.995184 3.12428e-06 0.0980285
    outer loop
      vertex 9.54804 12.1931 45.4123
      vertex 9.53786 13.6728 45.5156
      vertex 9.5 12.2287 45.9
    endloop
  endfacet
  facet normal 0.995179 0 0.0980728
    outer loop
      vertex 9.53786 13.6728 45.5156
      vertex 9.54804 12.1931 45.4123
      vertex 9.54804 13.6668 45.4123
    endloop
  endfacet
  facet normal 0.995184 -0 0.0980287
    outer loop
      vertex 9.5 14 45.9
      vertex 9.54804 14.0583 45.4123
      vertex 9.5 14.094 45.9
    endloop
  endfacet
  facet normal 0.995184 0 0.0980287
    outer loop
      vertex 9.54804 14.0583 45.4123
      vertex 9.5 14 45.9
      vertex 9.54804 14 45.4123
    endloop
  endfacet
  facet normal 0.956946 0 -0.290267
    outer loop
      vertex 9.6903 13.5467 46.8567
      vertex 9.54804 12.1931 46.3877
      vertex 9.54804 13.6546 46.3877
    endloop
  endfacet
  facet normal 0.956946 0 -0.290267
    outer loop
      vertex 9.54804 12.1931 46.3877
      vertex 9.6903 13.5467 46.8567
      vertex 9.6903 12.0876 46.8567
    endloop
  endfacet
  facet normal 0.956938 0 -0.290292
    outer loop
      vertex 9.54804 14.0583 46.3877
      vertex 9.6267 14 46.647
      vertex 9.54804 14 46.3877
    endloop
  endfacet
  facet normal -0.0979479 0 -0.995192
    outer loop
      vertex 12 9.80837 48.4
      vertex 12.4877 11.0098 48.352
      vertex 12.4877 9.15075 48.352
    endloop
  endfacet
  facet normal -0.0979548 2.808e-06 -0.995191
    outer loop
      vertex 12.4877 11.0098 48.352
      vertex 12 9.80837 48.4
      vertex 12.0224 11.5059 48.3978
    endloop
  endfacet
  facet normal -0.097744 0 -0.995212
    outer loop
      vertex 12.0224 11.5059 48.3978
      vertex 12 9.80837 48.4
      vertex 12 11.5298 48.4
    endloop
  endfacet
  facet normal -0.290277 0 0.956943
    outer loop
      vertex 12.9567 10.5194 43.5903
      vertex 12.8878 8.61134 43.5694
      vertex 12.9567 8.49634 43.5903
    endloop
  endfacet
  facet normal -0.290299 -1.57927e-05 0.956936
    outer loop
      vertex 12.4877 9.15075 43.448
      vertex 12.9567 10.5194 43.5903
      vertex 12.7533 10.7682 43.5286
    endloop
  endfacet
  facet normal -0.290328 -1.06934e-05 0.956927
    outer loop
      vertex 12.4877 9.15075 43.448
      vertex 12.7533 10.7682 43.5286
      vertex 12.5552 11.0106 43.4685
    endloop
  endfacet
  facet normal -0.290597 0 0.956845
    outer loop
      vertex 12.4877 9.15075 43.448
      vertex 12.5552 11.0106 43.4685
      vertex 12.4877 11.083 43.448
    endloop
  endfacet
  facet normal -0.290349 2.83282e-06 0.956921
    outer loop
      vertex 12.9567 10.5194 43.5903
      vertex 12.4877 9.15075 43.448
      vertex 12.8878 8.61134 43.5694
    endloop
  endfacet
  facet normal -0.0980016 2.07254e-05 0.995186
    outer loop
      vertex 12 9.80837 43.4
      vertex 12.4877 11.083 43.448
      vertex 12.0217 11.5812 43.4021
    endloop
  endfacet
  facet normal -0.0963242 0 0.99535
    outer loop
      vertex 12 9.80837 43.4
      vertex 12.0217 11.5812 43.4021
      vertex 12 11.6044 43.4
    endloop
  endfacet
  facet normal -0.0979479 0 0.995192
    outer loop
      vertex 12.4877 11.083 43.448
      vertex 12 9.80837 43.4
      vertex 12.4877 9.15075 43.448
    endloop
  endfacet
  facet normal 0.290341 0 -0.956923
    outer loop
      vertex 11.0433 10.8684 48.2097
      vertex 11.5123 12.0171 48.352
      vertex 11.5123 10.351 48.352
    endloop
  endfacet
  facet normal 0.290329 5.58581e-06 -0.956927
    outer loop
      vertex 11.5123 12.0171 48.352
      vertex 11.0433 10.8684 48.2097
      vertex 11.244 12.2695 48.2706
    endloop
  endfacet
  facet normal 0.290365 0 -0.956916
    outer loop
      vertex 11.244 12.2695 48.2706
      vertex 11.0433 10.8684 48.2097
      vertex 11.0433 12.4583 48.2097
    endloop
  endfacet
  facet normal -0.634268 0 0.773113
    outer loop
      vertex 13.7678 9.42955 44.1322
      vertex 13.6698 7.30665 44.0518
      vertex 13.7678 7.09947 44.1322
    endloop
  endfacet
  facet normal -0.634303 -8.80775e-06 0.773085
    outer loop
      vertex 13.3889 7.77522 43.8213
      vertex 13.7678 9.42955 44.1322
      vertex 13.4297 9.90619 43.8548
    endloop
  endfacet
  facet normal -0.634578 0 0.772859
    outer loop
      vertex 13.3889 7.77522 43.8213
      vertex 13.4297 9.90619 43.8548
      vertex 13.3889 9.96367 43.8213
    endloop
  endfacet
  facet normal -0.634341 5.58507e-06 0.773054
    outer loop
      vertex 13.7678 9.42955 44.1322
      vertex 13.3889 7.77522 43.8213
      vertex 13.6698 7.30665 44.0518
    endloop
  endfacet
  facet normal 0.773029 -0 0.634371
    outer loop
      vertex 9.92133 11.9017 44.5111
      vertex 10.1612 13.2424 44.2188
      vertex 9.92133 13.4106 44.5111
    endloop
  endfacet
  facet normal 0.773284 -0.000113189 0.63406
    outer loop
      vertex 10.1612 13.2424 44.2188
      vertex 9.92133 11.9017 44.5111
      vertex 10.2322 13.1852 44.1322
    endloop
  endfacet
  facet normal 0.773096 0 0.634289
    outer loop
      vertex 10.2322 13.1852 44.1322
      vertex 9.92133 11.9017 44.5111
      vertex 10.2322 11.6199 44.1322
    endloop
  endfacet
  facet normal -0.471475 3.92003e-05 0.881879
    outer loop
      vertex 12.9567 8.49634 43.5903
      vertex 13.3889 9.96367 43.8213
      vertex 13.2462 10.1642 43.745
    endloop
  endfacet
  facet normal -0.4713 0 0.881973
    outer loop
      vertex 12.9567 8.49634 43.5903
      vertex 13.2462 10.1642 43.745
      vertex 12.9567 10.5194 43.5903
    endloop
  endfacet
  facet normal -0.471372 0 0.881935
    outer loop
      vertex 13.3889 9.96367 43.8213
      vertex 12.9567 8.49634 43.5903
      vertex 13.3889 7.77522 43.8213
    endloop
  endfacet
  facet normal 0.472015 -0.000286625 0.881591
    outer loop
      vertex 10.6111 11.2765 43.8213
      vertex 11.0433 12.5229 43.5903
      vertex 11.0097 12.5541 43.6083
    endloop
  endfacet
  facet normal 0.471249 0 0.882
    outer loop
      vertex 11.0433 12.5229 43.5903
      vertex 10.9602 10.9602 43.6347
      vertex 11.0433 10.8684 43.5903
    endloop
  endfacet
  facet normal 0.4713 -0 0.881973
    outer loop
      vertex 10.6111 11.2765 43.8213
      vertex 11.0097 12.5541 43.6083
      vertex 10.6111 12.8784 43.8213
    endloop
  endfacet
  facet normal 0.471394 -9.90157e-06 0.881923
    outer loop
      vertex 11.0433 12.5229 43.5903
      vertex 10.6111 11.2765 43.8213
      vertex 10.9602 10.9602 43.6347
    endloop
  endfacet
  facet normal 0.0978883 0 0.995197
    outer loop
      vertex 12 11.6044 43.4
      vertex 11.9817 9.8331 43.4018
      vertex 12 9.80837 43.4
    endloop
  endfacet
  facet normal 0.0981384 -7.48213e-05 0.995173
    outer loop
      vertex 11.5123 10.351 43.448
      vertex 12 11.6044 43.4
      vertex 11.8085 11.8085 43.4189
    endloop
  endfacet
  facet normal 0.0977737 -0 0.995209
    outer loop
      vertex 11.5123 10.351 43.448
      vertex 11.8085 11.8085 43.4189
      vertex 11.5123 12.0856 43.448
    endloop
  endfacet
  facet normal 0.0979495 -6.39062e-07 0.995191
    outer loop
      vertex 12 11.6044 43.4
      vertex 11.5123 10.351 43.448
      vertex 11.9817 9.8331 43.4018
    endloop
  endfacet
  facet normal -0.634268 0 -0.773113
    outer loop
      vertex 13.6698 7.30665 47.7482
      vertex 13.7678 9.36765 47.6678
      vertex 13.7678 7.09947 47.6678
    endloop
  endfacet
  facet normal -0.63434 5.74049e-06 -0.773054
    outer loop
      vertex 13.3889 7.77522 47.9787
      vertex 13.7678 9.36765 47.6678
      vertex 13.6698 7.30665 47.7482
    endloop
  endfacet
  facet normal -0.63435 9.51545e-06 -0.773046
    outer loop
      vertex 13.7678 9.36765 47.6678
      vertex 13.3889 7.77522 47.9787
      vertex 13.4222 9.84489 47.9514
    endloop
  endfacet
  facet normal -0.633996 0 -0.773336
    outer loop
      vertex 13.4222 9.84489 47.9514
      vertex 13.3889 7.77522 47.9787
      vertex 13.3889 9.89088 47.9787
    endloop
  endfacet
  facet normal 0.773171 -4.68194e-05 -0.634198
    outer loop
      vertex 9.92133 11.9017 47.2889
      vertex 10.1405 13.2154 47.556
      vertex 10.2322 13.1386 47.6678
    endloop
  endfacet
  facet normal 0.773058 0 -0.634336
    outer loop
      vertex 10.1405 13.2154 47.556
      vertex 9.92133 11.9017 47.2889
      vertex 9.92133 13.3758 47.2889
    endloop
  endfacet
  facet normal 0.773096 0 -0.634289
    outer loop
      vertex 9.92133 11.9017 47.2889
      vertex 10.2322 13.1386 47.6678
      vertex 10.2322 11.6199 47.6678
    endloop
  endfacet
  facet normal 0.956946 -0 0.290267
    outer loop
      vertex 9.54804 12.1931 45.4123
      vertex 9.6903 13.5707 44.9433
      vertex 9.54804 13.6668 45.4123
    endloop
  endfacet
  facet normal 0.956946 0 0.290267
    outer loop
      vertex 9.6903 13.5707 44.9433
      vertex 9.54804 12.1931 45.4123
      vertex 9.6903 12.0876 44.9433
    endloop
  endfacet
  facet normal 0.956938 0 0.290292
    outer loop
      vertex 9.6267 14 45.153
      vertex 9.54804 14.0583 45.4123
      vertex 9.54804 14 45.4123
    endloop
  endfacet
  facet normal -1 0 0
    outer loop
      vertex -7 13.8148 12.9
      vertex -7 15.4721 14.4479
      vertex -7 15.4721 12.9
    endloop
  endfacet
  facet normal -1 -0 0
    outer loop
      vertex -7 15.4721 14.4479
      vertex -7 13.8148 12.9
      vertex -7 15.4721 14.8769
    endloop
  endfacet
  facet normal -1 0 0
    outer loop
      vertex -7 13.8148 22.9
      vertex -7 15.4721 14.8769
      vertex -7 13.8148 12.9
    endloop
  endfacet
  facet normal -1 0 0
    outer loop
      vertex -7 15.4721 14.8769
      vertex -7 13.8148 22.9
      vertex -7 15.4721 22.9
    endloop
  endfacet
  facet normal -1 -0 0
    outer loop
      vertex -7 15.4768 14.4571
      vertex -7 15.4721 14.4479
      vertex -7 15.4721 14.8769
    endloop
  endfacet
  facet normal 0 0 -1
    outer loop
      vertex -8.01374 14.9927 22.9
      vertex -7 13.8148 22.9
      vertex -7.30665 13.6698 22.9
    endloop
  endfacet
  facet normal 0 0 -1
    outer loop
      vertex -7 13.8148 22.9
      vertex -8.01374 14.9927 22.9
      vertex -7 15.4721 22.9
    endloop
  endfacet
  facet normal 0 0 -1
    outer loop
      vertex -8.61134 12.8878 22.9
      vertex -8.01374 14.9927 22.9
      vertex -7.30665 13.6698 22.9
    endloop
  endfacet
  facet normal 0 0 -1
    outer loop
      vertex -8.61134 12.8878 22.9
      vertex -9.44469 14.135 22.9
      vertex -8.01374 14.9927 22.9
    endloop
  endfacet
  facet normal 0 0 -1
    outer loop
      vertex -8.61134 12.8878 22.9
      vertex -9.47722 14 22.9
      vertex -9.44469 14.135 22.9
    endloop
  endfacet
  facet normal 0 0 -1
    outer loop
      vertex -10.2198 13.4679 22.9
      vertex -8.61134 12.8878 22.9
      vertex -9.8331 11.9817 22.9
    endloop
  endfacet
  facet normal 0 0 -1
    outer loop
      vertex -8.61134 12.8878 22.9
      vertex -10.2198 13.4679 22.9
      vertex -9.47722 14 22.9
    endloop
  endfacet
  facet normal 0 0 -1
    outer loop
      vertex -9.8331 11.9817 22.9
      vertex -10.2937 13.415 22.9
      vertex -10.2198 13.4679 22.9
    endloop
  endfacet
  facet normal 0 0 -1
    outer loop
      vertex -11 12.8353 22.9
      vertex -9.8331 11.9817 22.9
      vertex -10.9602 10.9602 22.9
    endloop
  endfacet
  facet normal 0 0 -1
    outer loop
      vertex -11 12.8353 22.9
      vertex -10.9602 10.9602 22.9
      vertex -11 10.9162 22.9
    endloop
  endfacet
  facet normal 0 0 -1
    outer loop
      vertex -9.8331 11.9817 22.9
      vertex -11 12.8353 22.9
      vertex -10.2937 13.415 22.9
    endloop
  endfacet
  facet normal 0 0 -1
    outer loop
      vertex -9.44469 14.135 22.9
      vertex -9.47722 14 22.9
      vertex -9.6267 14 22.9
    endloop
  endfacet
  facet normal -0 0 1
    outer loop
      vertex -9.44469 14.135 12.9
      vertex -8.14857 14 12.9
      vertex -8.01374 14.9927 12.9
    endloop
  endfacet
  facet normal 0 0 1
    outer loop
      vertex -8.14857 14 12.9
      vertex -9.44469 14.135 12.9
      vertex -9.6267 14 12.9
    endloop
  endfacet
  facet normal -0 0 1
    outer loop
      vertex -8.01374 14.9927 12.9
      vertex -7 13.8148 12.9
      vertex -7 15.4721 12.9
    endloop
  endfacet
  facet normal 0 0 1
    outer loop
      vertex -7 13.8148 12.9
      vertex -8.01374 14.9927 12.9
      vertex -7.30665 13.6698 12.9
    endloop
  endfacet
  facet normal -0 0 1
    outer loop
      vertex -8.14857 14 12.9
      vertex -7.30665 13.6698 12.9
      vertex -8.01374 14.9927 12.9
    endloop
  endfacet
  facet normal -0 0 1
    outer loop
      vertex -8.25819 13.9318 12.9
      vertex -7.30665 13.6698 12.9
      vertex -8.14857 14 12.9
    endloop
  endfacet
  facet normal 0 0 1
    outer loop
      vertex -8.25819 13.9318 12.9
      vertex -8.61134 12.8878 12.9
      vertex -7.30665 13.6698 12.9
    endloop
  endfacet
  facet normal -0 0 1
    outer loop
      vertex -9.00052 13.4702 12.9
      vertex -8.61134 12.8878 12.9
      vertex -8.25819 13.9318 12.9
    endloop
  endfacet
  facet normal -0 0 1
    outer loop
      vertex -9.15169 13.3619 12.9
      vertex -8.61134 12.8878 12.9
      vertex -9.00052 13.4702 12.9
    endloop
  endfacet
  facet normal 0 0 1
    outer loop
      vertex -9.86224 12.8527 12.9
      vertex -8.61134 12.8878 12.9
      vertex -9.15169 13.3619 12.9
    endloop
  endfacet
  facet normal 0 0 1
    outer loop
      vertex -8.61134 12.8878 12.9
      vertex -9.86224 12.8527 12.9
      vertex -9.8331 11.9817 12.9
    endloop
  endfacet
  facet normal -0 0 1
    outer loop
      vertex -10.006 12.7347 12.9
      vertex -9.8331 11.9817 12.9
      vertex -9.86224 12.8527 12.9
    endloop
  endfacet
  facet normal -0 0 1
    outer loop
      vertex -10.6817 12.1802 12.9
      vertex -9.8331 11.9817 12.9
      vertex -10.006 12.7347 12.9
    endloop
  endfacet
  facet normal -0 0 1
    outer loop
      vertex -10.8175 12.053 12.9
      vertex -9.8331 11.9817 12.9
      vertex -10.6817 12.1802 12.9
    endloop
  endfacet
  facet normal 0 0 1
    outer loop
      vertex -10.8175 12.053 12.9
      vertex -10.9602 10.9602 12.9
      vertex -9.8331 11.9817 12.9
    endloop
  endfacet
  facet normal -0 0 1
    outer loop
      vertex -11 11.8821 12.9
      vertex -10.9602 10.9602 12.9
      vertex -10.8175 12.053 12.9
    endloop
  endfacet
  facet normal 0 0 1
    outer loop
      vertex -10.9602 10.9602 12.9
      vertex -11 11.8821 12.9
      vertex -11 10.9162 12.9
    endloop
  endfacet
  facet normal 1 -0 0
    outer loop
      vertex -11 10.9162 22.9
      vertex -11 12.9467 14.4571
      vertex -11 12.8353 22.9
    endloop
  endfacet
  facet normal 1 0 0
    outer loop
      vertex -11 10.9162 12.9
      vertex -11 12.9467 14.4571
      vertex -11 10.9162 22.9
    endloop
  endfacet
  facet normal 1 0 0
    outer loop
      vertex -11 12.9467 14.4571
      vertex -11 10.9162 12.9
      vertex -11 12.5431 13.7836
    endloop
  endfacet
  facet normal 1 0 0
    outer loop
      vertex -11 12.5431 13.7836
      vertex -11 10.9162 12.9
      vertex -11 12.1365 13.1429
    endloop
  endfacet
  facet normal 1 0 0
    outer loop
      vertex -11 12.1365 13.1429
      vertex -11 10.9162 12.9
      vertex -11 11.8821 12.9
    endloop
  endfacet
  facet normal -0.0977533 -0.00208547 -0.995208
    outer loop
      vertex 4.81 16.25 10.23
      vertex 4.93484 16.268 10.2177
      vertex 4.98511 16.25 10.2128
    endloop
  endfacet
  facet normal -0.0980514 0 -0.995181
    outer loop
      vertex 4.93484 16.268 10.2177
      vertex 4.81 16.25 10.23
      vertex 4.81 16.2993 10.23
    endloop
  endfacet
  facet normal 0.995186 -0 0.0980042
    outer loop
      vertex 2.81 16.25 8.23
      vertex 2.83265 16.7451 8
      vertex 2.81 16.7485 8.23
    endloop
  endfacet
  facet normal 0.995186 0 0.0980042
    outer loop
      vertex 2.83265 16.7451 8
      vertex 2.81 16.25 8.23
      vertex 2.83265 16.25 8
    endloop
  endfacet
  facet normal 0.956942 0 -0.290279
    outer loop
      vertex 2.84843 16.25 8.62018
      vertex 2.96224 16.7259 8.99537
      vertex 2.96224 16.25 8.99537
    endloop
  endfacet
  facet normal 0.956942 0 -0.290279
    outer loop
      vertex 2.96224 16.7259 8.99537
      vertex 2.84843 16.25 8.62018
      vertex 2.84843 16.7428 8.62018
    endloop
  endfacet
  facet normal 0.995185 0 -0.0980187
    outer loop
      vertex 2.81 16.25 8.23
      vertex 2.84843 16.7428 8.62018
      vertex 2.84843 16.25 8.62018
    endloop
  endfacet
  facet normal 0.995185 0 -0.0980187
    outer loop
      vertex 2.84843 16.7428 8.62018
      vertex 2.81 16.25 8.23
      vertex 2.81 16.7485 8.23
    endloop
  endfacet
  facet normal 0.634404 0 -0.773002
    outer loop
      vertex 3.39579 16.25 9.64421
      vertex 3.69886 16.5776 9.89294
      vertex 3.69886 16.25 9.89294
    endloop
  endfacet
  facet normal 0.634404 0 -0.773002
    outer loop
      vertex 3.69886 16.5776 9.89294
      vertex 3.39579 16.25 9.64421
      vertex 3.39579 16.6535 9.64421
    endloop
  endfacet
  facet normal 0.772983 0 -0.634427
    outer loop
      vertex 3.39579 16.25 9.64421
      vertex 3.31653 16.6733 9.54764
      vertex 3.39579 16.6535 9.64421
    endloop
  endfacet
  facet normal 0.773002 8.87006e-06 -0.634404
    outer loop
      vertex 3.31653 16.6733 9.54764
      vertex 3.39579 16.25 9.64421
      vertex 3.14706 16.25 9.34114
    endloop
  endfacet
  facet normal 0.773011 0 -0.634393
    outer loop
      vertex 3.31653 16.6733 9.54764
      vertex 3.14706 16.25 9.34114
      vertex 3.14706 16.6985 9.34114
    endloop
  endfacet
  facet normal 0.290255 0 -0.956949
    outer loop
      vertex 4.04463 16.25 10.0778
      vertex 4.41982 16.397 10.1916
      vertex 4.41982 16.25 10.1916
    endloop
  endfacet
  facet normal 0.290255 0 -0.956949
    outer loop
      vertex 4.41982 16.397 10.1916
      vertex 4.04463 16.25 10.0778
      vertex 4.04463 16.491 10.0778
    endloop
  endfacet
  facet normal 0.881919 0 -0.471401
    outer loop
      vertex 2.96224 16.25 8.99537
      vertex 3.14706 16.6985 9.34114
      vertex 3.14706 16.25 9.34114
    endloop
  endfacet
  facet normal 0.881919 0 -0.471401
    outer loop
      vertex 3.14706 16.6985 9.34114
      vertex 2.96224 16.25 8.99537
      vertex 2.96224 16.7259 8.99537
    endloop
  endfacet
  facet normal 0.0979429 0 -0.995192
    outer loop
      vertex 4.41982 16.25 10.1916
      vertex 4.81 16.2993 10.23
      vertex 4.81 16.25 10.23
    endloop
  endfacet
  facet normal 0.0979429 0 -0.995192
    outer loop
      vertex 4.81 16.2993 10.23
      vertex 4.41982 16.25 10.1916
      vertex 4.41982 16.397 10.1916
    endloop
  endfacet
  facet normal 0.47148 0 -0.881877
    outer loop
      vertex 3.69886 16.25 9.89294
      vertex 4.04463 16.491 10.0778
      vertex 4.04463 16.25 10.0778
    endloop
  endfacet
  facet normal 0.47148 0 -0.881877
    outer loop
      vertex 4.04463 16.491 10.0778
      vertex 3.69886 16.25 9.89294
      vertex 3.69886 16.5776 9.89294
    endloop
  endfacet
  facet normal 0 1 0
    outer loop
      vertex 4.81 16.25 9.23
      vertex 4.81 16.25 10.23
      vertex 4.98511 16.25 10.2128
    endloop
  endfacet
  facet normal 0 1 0
    outer loop
      vertex 4.81 16.25 10.23
      vertex 4.81 16.25 9.23
      vertex 4.41982 16.25 10.1916
    endloop
  endfacet
  facet normal 0 1 0
    outer loop
      vertex 4.41982 16.25 10.1916
      vertex 4.55118 16.25 9.19593
      vertex 4.04463 16.25 10.0778
    endloop
  endfacet
  facet normal 0 1 -0
    outer loop
      vertex 4.31 16.25 9.09602
      vertex 4.04463 16.25 10.0778
      vertex 4.55118 16.25 9.19593
    endloop
  endfacet
  facet normal 0 1 0
    outer loop
      vertex 4.04463 16.25 10.0778
      vertex 4.31 16.25 9.09602
      vertex 3.69886 16.25 9.89294
    endloop
  endfacet
  facet normal 0 1 0
    outer loop
      vertex 4.41982 16.25 10.1916
      vertex 4.81 16.25 9.23
      vertex 4.55118 16.25 9.19593
    endloop
  endfacet
  facet normal -0 1 0
    outer loop
      vertex 4.81 16.25 9.23
      vertex 4.98511 16.25 10.2128
      vertex 4.98511 16.25 9.20695
    endloop
  endfacet
  facet normal 0 1 -0
    outer loop
      vertex 4.10289 16.25 8.93711
      vertex 3.69886 16.25 9.89294
      vertex 4.31 16.25 9.09602
    endloop
  endfacet
  facet normal 0 1 0
    outer loop
      vertex 3.69886 16.25 9.89294
      vertex 4.10289 16.25 8.93711
      vertex 3.39579 16.25 9.64421
    endloop
  endfacet
  facet normal 0 1 0
    outer loop
      vertex 3.39579 16.25 9.64421
      vertex 4.10289 16.25 8.93711
      vertex 3.14706 16.25 9.34114
    endloop
  endfacet
  facet normal 0 1 -0
    outer loop
      vertex 3.94397 16.25 8.73
      vertex 3.14706 16.25 9.34114
      vertex 4.10289 16.25 8.93711
    endloop
  endfacet
  facet normal 0 1 0
    outer loop
      vertex 3.14706 16.25 9.34114
      vertex 3.94397 16.25 8.73
      vertex 2.96224 16.25 8.99537
    endloop
  endfacet
  facet normal 0 1 -0
    outer loop
      vertex 3.84407 16.25 8.48882
      vertex 2.96224 16.25 8.99537
      vertex 3.94397 16.25 8.73
    endloop
  endfacet
  facet normal 0 1 0
    outer loop
      vertex 2.96224 16.25 8.99537
      vertex 3.84407 16.25 8.48882
      vertex 2.84843 16.25 8.62018
    endloop
  endfacet
  facet normal 0 1 -0
    outer loop
      vertex 3.81 16.25 8.23
      vertex 2.84843 16.25 8.62018
      vertex 3.84407 16.25 8.48882
    endloop
  endfacet
  facet normal 0 1 0
    outer loop
      vertex 3.81 16.25 8.23
      vertex 2.81 16.25 8.23
      vertex 2.84843 16.25 8.62018
    endloop
  endfacet
  facet normal 0 1 0
    outer loop
      vertex 2.83265 16.25 8
      vertex 3.81 16.25 8.23
      vertex 3.84028 16.25 8
    endloop
  endfacet
  facet normal 0 1 0
    outer loop
      vertex 3.81 16.25 8.23
      vertex 2.83265 16.25 8
      vertex 2.81 16.25 8.23
    endloop
  endfacet
  facet normal 1 -0 0
    outer loop
      vertex -9.25 -12.4141 94.9
      vertex -9.25 -3.5 54.9
      vertex -9.25 -3.5 94.9
    endloop
  endfacet
  facet normal 1 0 0
    outer loop
      vertex -9.25 -3.5 54.9
      vertex -9.25 -12.4141 94.9
      vertex -9.25 -12.4141 54.9
    endloop
  endfacet
  facet normal 0 0 1
    outer loop
      vertex -9.25 -3.5 94.9
      vertex -9.8331 -11.9817 94.9
      vertex -9.25 -12.4141 94.9
    endloop
  endfacet
  facet normal 0 0 1
    outer loop
      vertex -10.75 -11.1506 94.9
      vertex -9.25 -3.5 94.9
      vertex -10.75 -3.5 94.9
    endloop
  endfacet
  facet normal 0 0 1
    outer loop
      vertex -9.25 -3.5 94.9
      vertex -10.75 -11.1506 94.9
      vertex -9.8331 -11.9817 94.9
    endloop
  endfacet
  facet normal 0 0 -1
    outer loop
      vertex -9.8331 -11.9817 54.9
      vertex -9.25 -3.5 54.9
      vertex -9.25 -12.4141 54.9
    endloop
  endfacet
  facet normal 0 0 -1
    outer loop
      vertex -10.75 -11.1506 54.9
      vertex -9.25 -3.5 54.9
      vertex -9.8331 -11.9817 54.9
    endloop
  endfacet
  facet normal -0 0 -1
    outer loop
      vertex -9.25 -3.5 54.9
      vertex -10.75 -11.1506 54.9
      vertex -10.75 -3.5 54.9
    endloop
  endfacet
  facet normal -1 0 0
    outer loop
      vertex -10.75 -11.1506 54.9
      vertex -10.75 -3.5 94.9
      vertex -10.75 -3.5 54.9
    endloop
  endfacet
  facet normal -1 -0 0
    outer loop
      vertex -10.75 -3.5 94.9
      vertex -10.75 -11.1506 54.9
      vertex -10.75 -11.1506 94.9
    endloop
  endfacet
  facet normal 0 1 -0
    outer loop
      vertex -9.25 -3.5 54.9
      vertex -10.75 -3.5 94.9
      vertex -9.25 -3.5 94.9
    endloop
  endfacet
  facet normal 0 1 0
    outer loop
      vertex -10.75 -3.5 94.9
      vertex -9.25 -3.5 54.9
      vertex -10.75 -3.5 54.9
    endloop
  endfacet
  facet normal 1 -0 0
    outer loop
      vertex 10.75 -11.1506 94.9
      vertex 10.75 -3.5 54.9
      vertex 10.75 -3.5 94.9
    endloop
  endfacet
  facet normal 1 0 0
    outer loop
      vertex 10.75 -3.5 54.9
      vertex 10.75 -11.1506 94.9
      vertex 10.75 -11.1506 54.9
    endloop
  endfacet
  facet normal -0 0 1
    outer loop
      vertex 9.25 -3.5 94.9
      vertex 10.75 -11.1506 94.9
      vertex 10.75 -3.5 94.9
    endloop
  endfacet
  facet normal 0 0 1
    outer loop
      vertex 10.75 -11.1506 94.9
      vertex 9.25 -3.5 94.9
      vertex 9.8331 -11.9817 94.9
    endloop
  endfacet
  facet normal 0 0 1
    outer loop
      vertex 9.8331 -11.9817 94.9
      vertex 9.25 -3.5 94.9
      vertex 9.25 -12.4141 94.9
    endloop
  endfacet
  facet normal 0 0 -1
    outer loop
      vertex 9.25 -3.5 54.9
      vertex 10.75 -11.1506 54.9
      vertex 9.8331 -11.9817 54.9
    endloop
  endfacet
  facet normal 0 0 -1
    outer loop
      vertex 9.25 -3.5 54.9
      vertex 9.8331 -11.9817 54.9
      vertex 9.25 -12.4141 54.9
    endloop
  endfacet
  facet normal 0 0 -1
    outer loop
      vertex 10.75 -11.1506 54.9
      vertex 9.25 -3.5 54.9
      vertex 10.75 -3.5 54.9
    endloop
  endfacet
  facet normal -1 0 0
    outer loop
      vertex 9.25 -12.4141 54.9
      vertex 9.25 -3.5 94.9
      vertex 9.25 -3.5 54.9
    endloop
  endfacet
  facet normal -1 -0 0
    outer loop
      vertex 9.25 -3.5 94.9
      vertex 9.25 -12.4141 54.9
      vertex 9.25 -12.4141 94.9
    endloop
  endfacet
  facet normal 0 1 -0
    outer loop
      vertex 10.75 -3.5 54.9
      vertex 9.25 -3.5 94.9
      vertex 10.75 -3.5 94.9
    endloop
  endfacet
  facet normal 0 1 0
    outer loop
      vertex 9.25 -3.5 94.9
      vertex 10.75 -3.5 54.9
      vertex 9.25 -3.5 54.9
    endloop
  endfacet
  facet normal 1 -0 0
    outer loop
      vertex -9.25 3.5 94.9
      vertex -9.25 12.4141 54.9
      vertex -9.25 12.4141 94.9
    endloop
  endfacet
  facet normal 1 0 0
    outer loop
      vertex -9.25 12.4141 54.9
      vertex -9.25 3.5 94.9
      vertex -9.25 3.5 54.9
    endloop
  endfacet
  facet normal -0 0 1
    outer loop
      vertex -9.8331 11.9817 94.9
      vertex -9.25 3.5 94.9
      vertex -9.25 12.4141 94.9
    endloop
  endfacet
  facet normal -0 0 1
    outer loop
      vertex -10.75 11.1506 94.9
      vertex -9.25 3.5 94.9
      vertex -9.8331 11.9817 94.9
    endloop
  endfacet
  facet normal 0 0 1
    outer loop
      vertex -9.25 3.5 94.9
      vertex -10.75 11.1506 94.9
      vertex -10.75 3.5 94.9
    endloop
  endfacet
  facet normal 0 0 -1
    outer loop
      vertex -9.25 3.5 54.9
      vertex -9.8331 11.9817 54.9
      vertex -9.25 12.4141 54.9
    endloop
  endfacet
  facet normal 0 0 -1
    outer loop
      vertex -10.75 11.1506 54.9
      vertex -9.25 3.5 54.9
      vertex -10.75 3.5 54.9
    endloop
  endfacet
  facet normal 0 0 -1
    outer loop
      vertex -9.25 3.5 54.9
      vertex -10.75 11.1506 54.9
      vertex -9.8331 11.9817 54.9
    endloop
  endfacet
  facet normal -1 0 0
    outer loop
      vertex -10.75 3.5 54.9
      vertex -10.75 11.1506 94.9
      vertex -10.75 11.1506 54.9
    endloop
  endfacet
  facet normal -1 -0 0
    outer loop
      vertex -10.75 11.1506 94.9
      vertex -10.75 3.5 54.9
      vertex -10.75 3.5 94.9
    endloop
  endfacet
  facet normal 0 -1 0
    outer loop
      vertex -10.75 3.5 54.9
      vertex -9.25 3.5 94.9
      vertex -10.75 3.5 94.9
    endloop
  endfacet
  facet normal 0 -1 -0
    outer loop
      vertex -9.25 3.5 94.9
      vertex -10.75 3.5 54.9
      vertex -9.25 3.5 54.9
    endloop
  endfacet
  facet normal 1 -0 0
    outer loop
      vertex 10.75 3.5 94.9
      vertex 10.75 11.1506 54.9
      vertex 10.75 11.1506 94.9
    endloop
  endfacet
  facet normal 1 0 0
    outer loop
      vertex 10.75 11.1506 54.9
      vertex 10.75 3.5 94.9
      vertex 10.75 3.5 54.9
    endloop
  endfacet
  facet normal 0 0 1
    outer loop
      vertex 9.25 3.5 94.9
      vertex 10.75 11.1506 94.9
      vertex 9.8331 11.9817 94.9
    endloop
  endfacet
  facet normal 0 0 1
    outer loop
      vertex 9.25 3.5 94.9
      vertex 9.8331 11.9817 94.9
      vertex 9.25 12.4141 94.9
    endloop
  endfacet
  facet normal 0 0 1
    outer loop
      vertex 10.75 11.1506 94.9
      vertex 9.25 3.5 94.9
      vertex 10.75 3.5 94.9
    endloop
  endfacet
  facet normal 0 0 -1
    outer loop
      vertex 9.25 3.5 54.9
      vertex 10.75 11.1506 54.9
      vertex 10.75 3.5 54.9
    endloop
  endfacet
  facet normal -0 0 -1
    outer loop
      vertex 10.75 11.1506 54.9
      vertex 9.25 3.5 54.9
      vertex 9.8331 11.9817 54.9
    endloop
  endfacet
  facet normal -0 0 -1
    outer loop
      vertex 9.8331 11.9817 54.9
      vertex 9.25 3.5 54.9
      vertex 9.25 12.4141 54.9
    endloop
  endfacet
  facet normal -1 0 0
    outer loop
      vertex 9.25 3.5 54.9
      vertex 9.25 12.4141 94.9
      vertex 9.25 12.4141 54.9
    endloop
  endfacet
  facet normal -1 -0 0
    outer loop
      vertex 9.25 12.4141 94.9
      vertex 9.25 3.5 54.9
      vertex 9.25 3.5 94.9
    endloop
  endfacet
  facet normal 0 -1 0
    outer loop
      vertex 9.25 3.5 54.9
      vertex 10.75 3.5 94.9
      vertex 9.25 3.5 94.9
    endloop
  endfacet
  facet normal 0 -1 -0
    outer loop
      vertex 10.75 3.5 94.9
      vertex 9.25 3.5 54.9
      vertex 10.75 3.5 54.9
    endloop
  endfacet
  facet normal 0 0 1
    outer loop
      vertex 4 0 112
      vertex 16.0768 0 112
      vertex 16.05 0.819105 112
    endloop
  endfacet
  facet normal 0 0 1
    outer loop
      vertex 4 0 112
      vertex 16.05 0.819105 112
      vertex 16.0424 1.05147 112
    endloop
  endfacet
  facet normal 0 0 1
    outer loop
      vertex 16.0768 0 112
      vertex 4 0 112
      vertex 16.0692 -0.232369 112
    endloop
  endfacet
  facet normal 0 0 1
    outer loop
      vertex 16.0692 -0.232369 112
      vertex 4 0 112
      vertex 16.0424 -1.05147 112
    endloop
  endfacet
  facet normal 0 0 1
    outer loop
      vertex 4 0 112
      vertex 16.0424 1.05147 112
      vertex 15.9621 1.86707 112
    endloop
  endfacet
  facet normal 0 0 1
    outer loop
      vertex 3.92314 0.780361 112
      vertex 15.9621 1.86707 112
      vertex 15.9393 2.09845 112
    endloop
  endfacet
  facet normal 0 0 1
    outer loop
      vertex 16.0424 -1.05147 112
      vertex 4 0 112
      vertex 16.0196 -1.28285 112
    endloop
  endfacet
  facet normal -0 0 1
    outer loop
      vertex 3.92314 -0.780361 112
      vertex 16.0196 -1.28285 112
      vertex 4 0 112
    endloop
  endfacet
  facet normal 0 0 1
    outer loop
      vertex 3.92314 0.780361 112
      vertex 15.9393 2.09845 112
      vertex 15.8058 2.90704 112
    endloop
  endfacet
  facet normal 0 0 1
    outer loop
      vertex 3.92314 0.780361 112
      vertex 15.8058 2.90704 112
      vertex 15.7679 3.13643 112
    endloop
  endfacet
  facet normal 0 0 1
    outer loop
      vertex 16.0196 -1.28285 112
      vertex 3.92314 -0.780361 112
      vertex 15.9393 -2.09845 112
    endloop
  endfacet
  facet normal 0 0 1
    outer loop
      vertex 15.9393 -2.09845 112
      vertex 3.92314 -0.780361 112
      vertex 15.9014 -2.32783 112
    endloop
  endfacet
  facet normal 0 0 1
    outer loop
      vertex 3.92314 0.780361 112
      vertex 15.7679 3.13643 112
      vertex 15.5818 3.93456 112
    endloop
  endfacet
  facet normal 0 0 1
    outer loop
      vertex 3.92314 0.780361 112
      vertex 15.5818 3.93456 112
      vertex 15.529 4.16098 112
    endloop
  endfacet
  facet normal 0 0 1
    outer loop
      vertex 15.9014 -2.32783 112
      vertex 3.92314 -0.780361 112
      vertex 15.7679 -3.13643 112
    endloop
  endfacet
  facet normal 0 0 1
    outer loop
      vertex 15.7679 -3.13643 112
      vertex 3.92314 -0.780361 112
      vertex 15.7151 -3.36285 112
    endloop
  endfacet
  facet normal 0 0 1
    outer loop
      vertex 3.92314 0.780361 112
      vertex 15.529 4.16098 112
      vertex 15.2911 4.94524 112
    endloop
  endfacet
  facet normal 0 0 1
    outer loop
      vertex 3.69552 1.53073 112
      vertex 15.2911 4.94524 112
      vertex 15.2236 5.16772 112
    endloop
  endfacet
  facet normal 0 0 1
    outer loop
      vertex 15.7151 -3.36285 112
      vertex 3.92314 -0.780361 112
      vertex 15.529 -4.16098 112
    endloop
  endfacet
  facet normal 0 0 1
    outer loop
      vertex 15.529 -4.16098 112
      vertex 3.92314 -0.780361 112
      vertex 15.4615 -4.38347 112
    endloop
  endfacet
  facet normal 0 0 1
    outer loop
      vertex 3.69552 1.53073 112
      vertex 15.2236 5.16772 112
      vertex 14.9349 5.93474 112
    endloop
  endfacet
  facet normal 0 0 1
    outer loop
      vertex 3.69552 1.53073 112
      vertex 14.9349 5.93474 112
      vertex 14.853 6.15233 112
    endloop
  endfacet
  facet normal -0 0 1
    outer loop
      vertex 3.69552 -1.53073 112
      vertex 15.4615 -4.38347 112
      vertex 3.92314 -0.780361 112
    endloop
  endfacet
  facet normal 0 0 1
    outer loop
      vertex 15.4615 -4.38347 112
      vertex 3.69552 -1.53073 112
      vertex 15.2236 -5.16772 112
    endloop
  endfacet
  facet normal 0 0 1
    outer loop
      vertex 3.69552 1.53073 112
      vertex 14.853 6.15233 112
      vertex 14.5148 6.89882 112
    endloop
  endfacet
  facet normal 0 0 1
    outer loop
      vertex 3.69552 1.53073 112
      vertex 14.5148 6.89882 112
      vertex 14.4189 7.11059 112
    endloop
  endfacet
  facet normal 0 0 1
    outer loop
      vertex 15.2236 -5.16772 112
      vertex 3.69552 -1.53073 112
      vertex 15.1417 -5.38531 112
    endloop
  endfacet
  facet normal 0 0 1
    outer loop
      vertex 15.1417 -5.38531 112
      vertex 3.69552 -1.53073 112
      vertex 14.853 -6.15233 112
    endloop
  endfacet
  facet normal 0 0 1
    outer loop
      vertex 3.69552 1.53073 112
      vertex 14.4189 7.11059 112
      vertex 14.0325 7.83337 112
    endloop
  endfacet
  facet normal 0 0 1
    outer loop
      vertex 3.32588 2.22228 112
      vertex 14.0325 7.83337 112
      vertex 13.9229 8.03841 112
    endloop
  endfacet
  facet normal 0 0 1
    outer loop
      vertex 14.853 -6.15233 112
      vertex 3.69552 -1.53073 112
      vertex 14.7571 -6.3641 112
    endloop
  endfacet
  facet normal 0 0 1
    outer loop
      vertex 14.7571 -6.3641 112
      vertex 3.69552 -1.53073 112
      vertex 14.4189 -7.11059 112
    endloop
  endfacet
  facet normal 0 0 1
    outer loop
      vertex 3.32588 2.22228 112
      vertex 13.9229 8.03841 112
      vertex 13.4902 8.73437 112
    endloop
  endfacet
  facet normal 0 0 1
    outer loop
      vertex 3.32588 2.22228 112
      vertex 13.4902 8.73437 112
      vertex 13.3674 8.9318 112
    endloop
  endfacet
  facet normal 0 0 1
    outer loop
      vertex 14.4189 -7.11059 112
      vertex 3.69552 -1.53073 112
      vertex 14.3093 -7.31563 112
    endloop
  endfacet
  facet normal -0 0 1
    outer loop
      vertex 3.32588 -2.22228 112
      vertex 14.3093 -7.31563 112
      vertex 3.69552 -1.53073 112
    endloop
  endfacet
  facet normal 0 0 1
    outer loop
      vertex 3.32588 2.22228 112
      vertex 13.3674 8.9318 112
      vertex 12.89 9.59796 112
    endloop
  endfacet
  facet normal 0 0 1
    outer loop
      vertex 3.32588 2.22228 112
      vertex 12.89 9.59796 112
      vertex 12.7546 9.78694 112
    endloop
  endfacet
  facet normal 0 0 1
    outer loop
      vertex 14.3093 -7.31563 112
      vertex 3.32588 -2.22228 112
      vertex 13.9229 -8.03841 112
    endloop
  endfacet
  facet normal 0 0 1
    outer loop
      vertex 13.9229 -8.03841 112
      vertex 3.32588 -2.22228 112
      vertex 13.8002 -8.23584 112
    endloop
  endfacet
  facet normal 0 0 1
    outer loop
      vertex 3.32588 2.22228 112
      vertex 12.7546 9.78694 112
      vertex 12.2347 10.4205 112
    endloop
  endfacet
  facet normal 0 0 1
    outer loop
      vertex 2.82843 2.82843 112
      vertex 12.2347 10.4205 112
      vertex 12.0872 10.6002 112
    endloop
  endfacet
  facet normal 0 0 1
    outer loop
      vertex 13.8002 -8.23584 112
      vertex 3.32588 -2.22228 112
      vertex 13.3674 -8.9318 112
    endloop
  endfacet
  facet normal 0 0 1
    outer loop
      vertex 13.3674 -8.9318 112
      vertex 3.32588 -2.22228 112
      vertex 13.232 -9.12078 112
    endloop
  endfacet
  facet normal 0 0 1
    outer loop
      vertex 2.82843 2.82843 112
      vertex 12.0872 10.6002 112
      vertex 11.527 11.1983 112
    endloop
  endfacet
  facet normal 0 0 1
    outer loop
      vertex 2.82843 2.82843 112
      vertex 11.527 11.1983 112
      vertex 11.368 11.368 112
    endloop
  endfacet
  facet normal 0 0 1
    outer loop
      vertex 13.232 -9.12078 112
      vertex 3.32588 -2.22228 112
      vertex 12.7546 -9.78694 112
    endloop
  endfacet
  facet normal 0 0 1
    outer loop
      vertex 12.7546 -9.78694 112
      vertex 3.32588 -2.22228 112
      vertex 12.6071 -9.96666 112
    endloop
  endfacet
  facet normal 0 0 1
    outer loop
      vertex 2.82843 2.82843 112
      vertex 11.368 11.368 112
      vertex 10.7699 11.9283 112
    endloop
  endfacet
  facet normal 0 0 1
    outer loop
      vertex 2.82843 2.82843 112
      vertex 10.7699 11.9283 112
      vertex 10.6002 12.0872 112
    endloop
  endfacet
  facet normal -0 0 1
    outer loop
      vertex 2.82843 -2.82843 112
      vertex 12.6071 -9.96666 112
      vertex 3.32588 -2.22228 112
    endloop
  endfacet
  facet normal 0 0 1
    outer loop
      vertex 12.6071 -9.96666 112
      vertex 2.82843 -2.82843 112
      vertex 12.0872 -10.6002 112
    endloop
  endfacet
  facet normal 0 0 1
    outer loop
      vertex 2.82843 2.82843 112
      vertex 10.6002 12.0872 112
      vertex 9.96666 12.6071 112
    endloop
  endfacet
  facet normal 0 0 1
    outer loop
      vertex 2.22228 3.32588 112
      vertex 9.96666 12.6071 112
      vertex 9.78694 12.7546 112
    endloop
  endfacet
  facet normal 0 0 1
    outer loop
      vertex 12.0872 -10.6002 112
      vertex 2.82843 -2.82843 112
      vertex 11.9283 -10.7699 112
    endloop
  endfacet
  facet normal 0 0 1
    outer loop
      vertex 11.9283 -10.7699 112
      vertex 2.82843 -2.82843 112
      vertex 11.368 -11.368 112
    endloop
  endfacet
  facet normal 0 0 1
    outer loop
      vertex 2.22228 3.32588 112
      vertex 9.78694 12.7546 112
      vertex 9.12078 13.232 112
    endloop
  endfacet
  facet normal 0 0 1
    outer loop
      vertex 2.22228 3.32588 112
      vertex 9.12078 13.232 112
      vertex 8.9318 13.3674 112
    endloop
  endfacet
  facet normal 0 0 1
    outer loop
      vertex 11.368 -11.368 112
      vertex 2.82843 -2.82843 112
      vertex 11.1983 -11.527 112
    endloop
  endfacet
  facet normal 0 0 1
    outer loop
      vertex 11.1983 -11.527 112
      vertex 2.82843 -2.82843 112
      vertex 10.6002 -12.0872 112
    endloop
  endfacet
  facet normal 0 0 1
    outer loop
      vertex 2.22228 3.32588 112
      vertex 8.9318 13.3674 112
      vertex 8.23584 13.8002 112
    endloop
  endfacet
  facet normal 0 0 1
    outer loop
      vertex 2.22228 3.32588 112
      vertex 8.23584 13.8002 112
      vertex 8.03841 13.9229 112
    endloop
  endfacet
  facet normal 0 0 1
    outer loop
      vertex 10.6002 -12.0872 112
      vertex 2.82843 -2.82843 112
      vertex 10.4205 -12.2347 112
    endloop
  endfacet
  facet normal -0 0 1
    outer loop
      vertex 2.22228 -3.32588 112
      vertex 10.4205 -12.2347 112
      vertex 2.82843 -2.82843 112
    endloop
  endfacet
  facet normal 0 0 1
    outer loop
      vertex 2.22228 3.32588 112
      vertex 8.03841 13.9229 112
      vertex 7.31563 14.3093 112
    endloop
  endfacet
  facet normal 0 0 1
    outer loop
      vertex 1.53073 3.69552 112
      vertex 7.31563 14.3093 112
      vertex 7.11059 14.4189 112
    endloop
  endfacet
  facet normal 0 0 1
    outer loop
      vertex 10.4205 -12.2347 112
      vertex 2.22228 -3.32588 112
      vertex 9.78694 -12.7546 112
    endloop
  endfacet
  facet normal 0 0 1
    outer loop
      vertex 9.78694 -12.7546 112
      vertex 2.22228 -3.32588 112
      vertex 9.59796 -12.89 112
    endloop
  endfacet
  facet normal 0 0 1
    outer loop
      vertex 1.53073 3.69552 112
      vertex 7.11059 14.4189 112
      vertex 6.3641 14.7571 112
    endloop
  endfacet
  facet normal 0 0 1
    outer loop
      vertex 1.53073 3.69552 112
      vertex 6.3641 14.7571 112
      vertex 6.15233 14.853 112
    endloop
  endfacet
  facet normal 0 0 1
    outer loop
      vertex 9.59796 -12.89 112
      vertex 2.22228 -3.32588 112
      vertex 8.9318 -13.3674 112
    endloop
  endfacet
  facet normal 0 0 1
    outer loop
      vertex 8.9318 -13.3674 112
      vertex 2.22228 -3.32588 112
      vertex 8.73437 -13.4902 112
    endloop
  endfacet
  facet normal 0 0 1
    outer loop
      vertex 1.53073 3.69552 112
      vertex 6.15233 14.853 112
      vertex 5.38531 15.1417 112
    endloop
  endfacet
  facet normal 0 0 1
    outer loop
      vertex 1.53073 3.69552 112
      vertex 5.38531 15.1417 112
      vertex 5.16772 15.2236 112
    endloop
  endfacet
  facet normal 0 0 1
    outer loop
      vertex 8.73437 -13.4902 112
      vertex 2.22228 -3.32588 112
      vertex 8.03841 -13.9229 112
    endloop
  endfacet
  facet normal 0 0 1
    outer loop
      vertex 8.03841 -13.9229 112
      vertex 2.22228 -3.32588 112
      vertex 7.83337 -14.0325 112
    endloop
  endfacet
  facet normal 0 0 1
    outer loop
      vertex 1.53073 3.69552 112
      vertex 5.16772 15.2236 112
      vertex 4.38347 15.4615 112
    endloop
  endfacet
  facet normal 0 0 1
    outer loop
      vertex 0.780361 3.92314 112
      vertex 4.38347 15.4615 112
      vertex 4.16098 15.529 112
    endloop
  endfacet
  facet normal -0 0 1
    outer loop
      vertex 1.53073 -3.69552 112
      vertex 7.83337 -14.0325 112
      vertex 2.22228 -3.32588 112
    endloop
  endfacet
  facet normal 0 0 1
    outer loop
      vertex 7.83337 -14.0325 112
      vertex 1.53073 -3.69552 112
      vertex 7.11059 -14.4189 112
    endloop
  endfacet
  facet normal 0 0 1
    outer loop
      vertex 15.9621 1.86707 112
      vertex 3.92314 0.780361 112
      vertex 4 0 112
    endloop
  endfacet
  facet normal 0 0 1
    outer loop
      vertex 15.2911 4.94524 112
      vertex 3.69552 1.53073 112
      vertex 3.92314 0.780361 112
    endloop
  endfacet
  facet normal 0 0 1
    outer loop
      vertex 0.780361 3.92314 112
      vertex 4.16098 15.529 112
      vertex 3.36285 15.7151 112
    endloop
  endfacet
  facet normal 0 0 1
    outer loop
      vertex 14.0325 7.83337 112
      vertex 3.32588 2.22228 112
      vertex 3.69552 1.53073 112
    endloop
  endfacet
  facet normal 0 0 1
    outer loop
      vertex 0.780361 3.92314 112
      vertex 3.36285 15.7151 112
      vertex 3.13643 15.7679 112
    endloop
  endfacet
  facet normal 0 0 1
    outer loop
      vertex 12.2347 10.4205 112
      vertex 2.82843 2.82843 112
      vertex 3.32588 2.22228 112
    endloop
  endfacet
  facet normal 0 0 1
    outer loop
      vertex 0.780361 3.92314 112
      vertex 3.13643 15.7679 112
      vertex 2.32783 15.9014 112
    endloop
  endfacet
  facet normal 0 0 1
    outer loop
      vertex 9.96666 12.6071 112
      vertex 2.22228 3.32588 112
      vertex 2.82843 2.82843 112
    endloop
  endfacet
  facet normal 0 0 1
    outer loop
      vertex 0.780361 3.92314 112
      vertex 2.32783 15.9014 112
      vertex 2.09845 15.9393 112
    endloop
  endfacet
  facet normal 0 0 1
    outer loop
      vertex 7.31563 14.3093 112
      vertex 1.53073 3.69552 112
      vertex 2.22228 3.32588 112
    endloop
  endfacet
  facet normal 0 0 1
    outer loop
      vertex 0.780361 3.92314 112
      vertex 2.09845 15.9393 112
      vertex 1.28285 16.0196 112
    endloop
  endfacet
  facet normal 0 0 1
    outer loop
      vertex 0 4 112
      vertex 1.28285 16.0196 112
      vertex 1.05147 16.0424 112
    endloop
  endfacet
  facet normal 0 0 1
    outer loop
      vertex 4.38347 15.4615 112
      vertex 0.780361 3.92314 112
      vertex 1.53073 3.69552 112
    endloop
  endfacet
  facet normal 0 0 1
    outer loop
      vertex 0 4 112
      vertex 1.05147 16.0424 112
      vertex 0.232369 16.0692 112
    endloop
  endfacet
  facet normal 0 0 1
    outer loop
      vertex 0 4 112
      vertex 0.232369 16.0692 112
      vertex 0 16.0768 112
    endloop
  endfacet
  facet normal 0 0 1
    outer loop
      vertex 1.28285 16.0196 112
      vertex 0 4 112
      vertex 0.780361 3.92314 112
    endloop
  endfacet
  facet normal -0 0 1
    outer loop
      vertex -0.819105 16.05 112
      vertex 0 4 112
      vertex 0 16.0768 112
    endloop
  endfacet
  facet normal -0 0 1
    outer loop
      vertex -1.05147 16.0424 112
      vertex 0 4 112
      vertex -0.819105 16.05 112
    endloop
  endfacet
  facet normal -0 0 1
    outer loop
      vertex -1.86707 15.9621 112
      vertex 0 4 112
      vertex -1.05147 16.0424 112
    endloop
  endfacet
  facet normal 0 0 1
    outer loop
      vertex 0 4 112
      vertex -1.86707 15.9621 112
      vertex -0.780361 3.92314 112
    endloop
  endfacet
  facet normal -0 0 1
    outer loop
      vertex -2.09845 15.9393 112
      vertex -0.780361 3.92314 112
      vertex -1.86707 15.9621 112
    endloop
  endfacet
  facet normal -0 0 1
    outer loop
      vertex -2.90704 15.8058 112
      vertex -0.780361 3.92314 112
      vertex -2.09845 15.9393 112
    endloop
  endfacet
  facet normal -0 0 1
    outer loop
      vertex -3.13643 15.7679 112
      vertex -0.780361 3.92314 112
      vertex -2.90704 15.8058 112
    endloop
  endfacet
  facet normal -0 0 1
    outer loop
      vertex -3.93456 15.5818 112
      vertex -0.780361 3.92314 112
      vertex -3.13643 15.7679 112
    endloop
  endfacet
  facet normal -0 0 1
    outer loop
      vertex -4.16098 15.529 112
      vertex -0.780361 3.92314 112
      vertex -3.93456 15.5818 112
    endloop
  endfacet
  facet normal -0 0 1
    outer loop
      vertex -4.94524 15.2911 112
      vertex -0.780361 3.92314 112
      vertex -4.16098 15.529 112
    endloop
  endfacet
  facet normal 0 0 1
    outer loop
      vertex -0.780361 3.92314 112
      vertex -4.94524 15.2911 112
      vertex -1.53073 3.69552 112
    endloop
  endfacet
  facet normal -0 0 1
    outer loop
      vertex -5.16772 15.2236 112
      vertex -1.53073 3.69552 112
      vertex -4.94524 15.2911 112
    endloop
  endfacet
  facet normal -0 0 1
    outer loop
      vertex -5.93474 14.9349 112
      vertex -1.53073 3.69552 112
      vertex -5.16772 15.2236 112
    endloop
  endfacet
  facet normal -0 0 1
    outer loop
      vertex -6.15233 14.853 112
      vertex -1.53073 3.69552 112
      vertex -5.93474 14.9349 112
    endloop
  endfacet
  facet normal -0 0 1
    outer loop
      vertex -6.89882 14.5148 112
      vertex -1.53073 3.69552 112
      vertex -6.15233 14.853 112
    endloop
  endfacet
  facet normal -0 0 1
    outer loop
      vertex -7.83337 14.0325 112
      vertex -1.53073 3.69552 112
      vertex -7.11059 14.4189 112
    endloop
  endfacet
  facet normal 0 0 1
    outer loop
      vertex 7.11059 -14.4189 112
      vertex 1.53073 -3.69552 112
      vertex 6.89882 -14.5148 112
    endloop
  endfacet
  facet normal 0 0 1
    outer loop
      vertex 6.89882 -14.5148 112
      vertex 1.53073 -3.69552 112
      vertex 6.15233 -14.853 112
    endloop
  endfacet
  facet normal 0 0 1
    outer loop
      vertex 6.15233 -14.853 112
      vertex 1.53073 -3.69552 112
      vertex 5.93474 -14.9349 112
    endloop
  endfacet
  facet normal 0 0 1
    outer loop
      vertex 5.93474 -14.9349 112
      vertex 1.53073 -3.69552 112
      vertex 5.16772 -15.2236 112
    endloop
  endfacet
  facet normal 0 0 1
    outer loop
      vertex 5.16772 -15.2236 112
      vertex 1.53073 -3.69552 112
      vertex 4.94524 -15.2911 112
    endloop
  endfacet
  facet normal -0 0 1
    outer loop
      vertex 0.780361 -3.92314 112
      vertex 4.94524 -15.2911 112
      vertex 1.53073 -3.69552 112
    endloop
  endfacet
  facet normal 0 0 1
    outer loop
      vertex 4.94524 -15.2911 112
      vertex 0.780361 -3.92314 112
      vertex 4.16098 -15.529 112
    endloop
  endfacet
  facet normal 0 0 1
    outer loop
      vertex 4.16098 -15.529 112
      vertex 0.780361 -3.92314 112
      vertex 3.93456 -15.5818 112
    endloop
  endfacet
  facet normal 0 0 1
    outer loop
      vertex 3.93456 -15.5818 112
      vertex 0.780361 -3.92314 112
      vertex 3.13643 -15.7679 112
    endloop
  endfacet
  facet normal 0 0 1
    outer loop
      vertex 3.13643 -15.7679 112
      vertex 0.780361 -3.92314 112
      vertex 2.90704 -15.8058 112
    endloop
  endfacet
  facet normal 0 0 1
    outer loop
      vertex 2.90704 -15.8058 112
      vertex 0.780361 -3.92314 112
      vertex 2.09845 -15.9393 112
    endloop
  endfacet
  facet normal 0 0 1
    outer loop
      vertex 2.09845 -15.9393 112
      vertex 0.780361 -3.92314 112
      vertex 1.86707 -15.9621 112
    endloop
  endfacet
  facet normal -0 0 1
    outer loop
      vertex 0 -4 112
      vertex 1.86707 -15.9621 112
      vertex 0.780361 -3.92314 112
    endloop
  endfacet
  facet normal 0 0 1
    outer loop
      vertex 1.86707 -15.9621 112
      vertex 0 -4 112
      vertex 1.05147 -16.0424 112
    endloop
  endfacet
  facet normal 0 0 1
    outer loop
      vertex 1.05147 -16.0424 112
      vertex 0 -4 112
      vertex 0.819105 -16.05 112
    endloop
  endfacet
  facet normal 0 0 1
    outer loop
      vertex 0 -4 112
      vertex 0 -16.0768 112
      vertex 0.819105 -16.05 112
    endloop
  endfacet
  facet normal 0 0 1
    outer loop
      vertex 0 -4 112
      vertex -0.232369 -16.0692 112
      vertex 0 -16.0768 112
    endloop
  endfacet
  facet normal 0 0 1
    outer loop
      vertex -1.28285 -16.0196 112
      vertex 0 -4 112
      vertex -0.780361 -3.92314 112
    endloop
  endfacet
  facet normal 0 0 1
    outer loop
      vertex 0 -4 112
      vertex -1.05147 -16.0424 112
      vertex -0.232369 -16.0692 112
    endloop
  endfacet
  facet normal 0 0 1
    outer loop
      vertex 0 -4 112
      vertex -1.28285 -16.0196 112
      vertex -1.05147 -16.0424 112
    endloop
  endfacet
  facet normal 0 0 1
    outer loop
      vertex -4.38347 -15.4615 112
      vertex -0.780361 -3.92314 112
      vertex -1.53073 -3.69552 112
    endloop
  endfacet
  facet normal 0 0 1
    outer loop
      vertex -0.780361 -3.92314 112
      vertex -2.09845 -15.9393 112
      vertex -1.28285 -16.0196 112
    endloop
  endfacet
  facet normal 0 0 1
    outer loop
      vertex -7.31563 -14.3093 112
      vertex -1.53073 -3.69552 112
      vertex -2.22228 -3.32588 112
    endloop
  endfacet
  facet normal 0 0 1
    outer loop
      vertex -0.780361 -3.92314 112
      vertex -2.32783 -15.9014 112
      vertex -2.09845 -15.9393 112
    endloop
  endfacet
  facet normal 0 0 1
    outer loop
      vertex -9.96666 -12.6071 112
      vertex -2.22228 -3.32588 112
      vertex -2.82843 -2.82843 112
    endloop
  endfacet
  facet normal 0 0 1
    outer loop
      vertex -0.780361 -3.92314 112
      vertex -3.13643 -15.7679 112
      vertex -2.32783 -15.9014 112
    endloop
  endfacet
  facet normal 0 0 1
    outer loop
      vertex -12.2347 -10.4205 112
      vertex -2.82843 -2.82843 112
      vertex -3.32588 -2.22228 112
    endloop
  endfacet
  facet normal 0 0 1
    outer loop
      vertex -0.780361 -3.92314 112
      vertex -3.36285 -15.7151 112
      vertex -3.13643 -15.7679 112
    endloop
  endfacet
  facet normal 0 0 1
    outer loop
      vertex -14.0325 -7.83337 112
      vertex -3.32588 -2.22228 112
      vertex -3.69552 -1.53073 112
    endloop
  endfacet
  facet normal 0 0 1
    outer loop
      vertex -15.2911 -4.94524 112
      vertex -3.69552 -1.53073 112
      vertex -3.92314 -0.780361 112
    endloop
  endfacet
  facet normal 0 0 1
    outer loop
      vertex -15.9621 -1.86707 112
      vertex -3.92314 -0.780361 112
      vertex -4 0 112
    endloop
  endfacet
  facet normal 0 0 1
    outer loop
      vertex -0.780361 -3.92314 112
      vertex -4.16098 -15.529 112
      vertex -3.36285 -15.7151 112
    endloop
  endfacet
  facet normal 0 0 1
    outer loop
      vertex -1.53073 3.69552 112
      vertex -7.83337 14.0325 112
      vertex -2.22228 3.32588 112
    endloop
  endfacet
  facet normal 0 0 1
    outer loop
      vertex -0.780361 -3.92314 112
      vertex -4.38347 -15.4615 112
      vertex -4.16098 -15.529 112
    endloop
  endfacet
  facet normal -0 0 1
    outer loop
      vertex -8.73437 13.4902 112
      vertex -2.22228 3.32588 112
      vertex -8.03841 13.9229 112
    endloop
  endfacet
  facet normal -0 0 1
    outer loop
      vertex -7.11059 14.4189 112
      vertex -1.53073 3.69552 112
      vertex -6.89882 14.5148 112
    endloop
  endfacet
  facet normal 0 0 1
    outer loop
      vertex -1.53073 -3.69552 112
      vertex -5.38531 -15.1417 112
      vertex -5.16772 -15.2236 112
    endloop
  endfacet
  facet normal 0 0 1
    outer loop
      vertex -1.53073 -3.69552 112
      vertex -5.16772 -15.2236 112
      vertex -4.38347 -15.4615 112
    endloop
  endfacet
  facet normal -0 0 1
    outer loop
      vertex -9.59796 12.89 112
      vertex -2.22228 3.32588 112
      vertex -8.9318 13.3674 112
    endloop
  endfacet
  facet normal -0 0 1
    outer loop
      vertex -8.03841 13.9229 112
      vertex -2.22228 3.32588 112
      vertex -7.83337 14.0325 112
    endloop
  endfacet
  facet normal 0 0 1
    outer loop
      vertex -1.53073 -3.69552 112
      vertex -6.3641 -14.7571 112
      vertex -6.15233 -14.853 112
    endloop
  endfacet
  facet normal 0 0 1
    outer loop
      vertex -1.53073 -3.69552 112
      vertex -6.15233 -14.853 112
      vertex -5.38531 -15.1417 112
    endloop
  endfacet
  facet normal -0 0 1
    outer loop
      vertex -10.4205 12.2347 112
      vertex -2.22228 3.32588 112
      vertex -9.78694 12.7546 112
    endloop
  endfacet
  facet normal -0 0 1
    outer loop
      vertex -8.9318 13.3674 112
      vertex -2.22228 3.32588 112
      vertex -8.73437 13.4902 112
    endloop
  endfacet
  facet normal 0 0 1
    outer loop
      vertex -1.53073 -3.69552 112
      vertex -7.31563 -14.3093 112
      vertex -7.11059 -14.4189 112
    endloop
  endfacet
  facet normal 0 0 1
    outer loop
      vertex -1.53073 -3.69552 112
      vertex -7.11059 -14.4189 112
      vertex -6.3641 -14.7571 112
    endloop
  endfacet
  facet normal 0 0 1
    outer loop
      vertex -2.22228 3.32588 112
      vertex -10.4205 12.2347 112
      vertex -2.82843 2.82843 112
    endloop
  endfacet
  facet normal -0 0 1
    outer loop
      vertex -9.78694 12.7546 112
      vertex -2.22228 3.32588 112
      vertex -9.59796 12.89 112
    endloop
  endfacet
  facet normal 0 0 1
    outer loop
      vertex -2.22228 -3.32588 112
      vertex -8.23584 -13.8002 112
      vertex -8.03841 -13.9229 112
    endloop
  endfacet
  facet normal 0 0 1
    outer loop
      vertex -2.22228 -3.32588 112
      vertex -8.03841 -13.9229 112
      vertex -7.31563 -14.3093 112
    endloop
  endfacet
  facet normal -0 0 1
    outer loop
      vertex -11.1983 11.527 112
      vertex -2.82843 2.82843 112
      vertex -10.6002 12.0872 112
    endloop
  endfacet
  facet normal -0 0 1
    outer loop
      vertex -10.6002 12.0872 112
      vertex -2.82843 2.82843 112
      vertex -10.4205 12.2347 112
    endloop
  endfacet
  facet normal 0 0 1
    outer loop
      vertex -2.22228 -3.32588 112
      vertex -9.12078 -13.232 112
      vertex -8.9318 -13.3674 112
    endloop
  endfacet
  facet normal 0 0 1
    outer loop
      vertex -2.22228 -3.32588 112
      vertex -8.9318 -13.3674 112
      vertex -8.23584 -13.8002 112
    endloop
  endfacet
  facet normal -0 0 1
    outer loop
      vertex -11.9283 10.7699 112
      vertex -2.82843 2.82843 112
      vertex -11.368 11.368 112
    endloop
  endfacet
  facet normal -0 0 1
    outer loop
      vertex -11.368 11.368 112
      vertex -2.82843 2.82843 112
      vertex -11.1983 11.527 112
    endloop
  endfacet
  facet normal 0 0 1
    outer loop
      vertex -2.22228 -3.32588 112
      vertex -9.96666 -12.6071 112
      vertex -9.78694 -12.7546 112
    endloop
  endfacet
  facet normal 0 0 1
    outer loop
      vertex -2.22228 -3.32588 112
      vertex -9.78694 -12.7546 112
      vertex -9.12078 -13.232 112
    endloop
  endfacet
  facet normal -0 0 1
    outer loop
      vertex -12.6071 9.96666 112
      vertex -2.82843 2.82843 112
      vertex -12.0872 10.6002 112
    endloop
  endfacet
  facet normal -0 0 1
    outer loop
      vertex -12.0872 10.6002 112
      vertex -2.82843 2.82843 112
      vertex -11.9283 10.7699 112
    endloop
  endfacet
  facet normal 0 0 1
    outer loop
      vertex -2.82843 -2.82843 112
      vertex -10.7699 -11.9283 112
      vertex -10.6002 -12.0872 112
    endloop
  endfacet
  facet normal 0 0 1
    outer loop
      vertex -2.82843 -2.82843 112
      vertex -10.6002 -12.0872 112
      vertex -9.96666 -12.6071 112
    endloop
  endfacet
  facet normal 0 0 1
    outer loop
      vertex -2.82843 2.82843 112
      vertex -12.6071 9.96666 112
      vertex -3.32588 2.22228 112
    endloop
  endfacet
  facet normal -0 0 1
    outer loop
      vertex -12.7546 9.78694 112
      vertex -3.32588 2.22228 112
      vertex -12.6071 9.96666 112
    endloop
  endfacet
  facet normal 0 0 1
    outer loop
      vertex -2.82843 -2.82843 112
      vertex -11.527 -11.1983 112
      vertex -11.368 -11.368 112
    endloop
  endfacet
  facet normal 0 0 1
    outer loop
      vertex -2.82843 -2.82843 112
      vertex -11.368 -11.368 112
      vertex -10.7699 -11.9283 112
    endloop
  endfacet
  facet normal -0 0 1
    outer loop
      vertex -13.232 9.12078 112
      vertex -3.32588 2.22228 112
      vertex -12.7546 9.78694 112
    endloop
  endfacet
  facet normal -0 0 1
    outer loop
      vertex -13.3674 8.9318 112
      vertex -3.32588 2.22228 112
      vertex -13.232 9.12078 112
    endloop
  endfacet
  facet normal 0 0 1
    outer loop
      vertex -2.82843 -2.82843 112
      vertex -12.2347 -10.4205 112
      vertex -12.0872 -10.6002 112
    endloop
  endfacet
  facet normal 0 0 1
    outer loop
      vertex -2.82843 -2.82843 112
      vertex -12.0872 -10.6002 112
      vertex -11.527 -11.1983 112
    endloop
  endfacet
  facet normal -0 0 1
    outer loop
      vertex -13.8002 8.23584 112
      vertex -3.32588 2.22228 112
      vertex -13.3674 8.9318 112
    endloop
  endfacet
  facet normal -0 0 1
    outer loop
      vertex -13.9229 8.03841 112
      vertex -3.32588 2.22228 112
      vertex -13.8002 8.23584 112
    endloop
  endfacet
  facet normal 0 0 1
    outer loop
      vertex -3.32588 -2.22228 112
      vertex -12.89 -9.59796 112
      vertex -12.7546 -9.78694 112
    endloop
  endfacet
  facet normal 0 0 1
    outer loop
      vertex -3.32588 -2.22228 112
      vertex -12.7546 -9.78694 112
      vertex -12.2347 -10.4205 112
    endloop
  endfacet
  facet normal -0 0 1
    outer loop
      vertex -14.3093 7.31563 112
      vertex -3.32588 2.22228 112
      vertex -13.9229 8.03841 112
    endloop
  endfacet
  facet normal 0 0 1
    outer loop
      vertex -3.32588 2.22228 112
      vertex -14.3093 7.31563 112
      vertex -3.69552 1.53073 112
    endloop
  endfacet
  facet normal 0 0 1
    outer loop
      vertex -3.32588 -2.22228 112
      vertex -13.4902 -8.73437 112
      vertex -13.3674 -8.9318 112
    endloop
  endfacet
  facet normal 0 0 1
    outer loop
      vertex -3.32588 -2.22228 112
      vertex -13.3674 -8.9318 112
      vertex -12.89 -9.59796 112
    endloop
  endfacet
  facet normal -0 0 1
    outer loop
      vertex -14.4189 7.11059 112
      vertex -3.69552 1.53073 112
      vertex -14.3093 7.31563 112
    endloop
  endfacet
  facet normal -0 0 1
    outer loop
      vertex -14.7571 6.3641 112
      vertex -3.69552 1.53073 112
      vertex -14.4189 7.11059 112
    endloop
  endfacet
  facet normal 0 0 1
    outer loop
      vertex -3.32588 -2.22228 112
      vertex -14.0325 -7.83337 112
      vertex -13.9229 -8.03841 112
    endloop
  endfacet
  facet normal 0 0 1
    outer loop
      vertex -3.32588 -2.22228 112
      vertex -13.9229 -8.03841 112
      vertex -13.4902 -8.73437 112
    endloop
  endfacet
  facet normal -0 0 1
    outer loop
      vertex -14.853 6.15233 112
      vertex -3.69552 1.53073 112
      vertex -14.7571 6.3641 112
    endloop
  endfacet
  facet normal -0 0 1
    outer loop
      vertex -15.1417 5.38531 112
      vertex -3.69552 1.53073 112
      vertex -14.853 6.15233 112
    endloop
  endfacet
  facet normal 0 0 1
    outer loop
      vertex -3.69552 -1.53073 112
      vertex -14.5148 -6.89882 112
      vertex -14.4189 -7.11059 112
    endloop
  endfacet
  facet normal 0 0 1
    outer loop
      vertex -3.69552 -1.53073 112
      vertex -14.4189 -7.11059 112
      vertex -14.0325 -7.83337 112
    endloop
  endfacet
  facet normal -0 0 1
    outer loop
      vertex -15.2236 5.16772 112
      vertex -3.69552 1.53073 112
      vertex -15.1417 5.38531 112
    endloop
  endfacet
  facet normal -0 0 1
    outer loop
      vertex -15.4615 4.38347 112
      vertex -3.69552 1.53073 112
      vertex -15.2236 5.16772 112
    endloop
  endfacet
  facet normal 0 0 1
    outer loop
      vertex -3.69552 -1.53073 112
      vertex -14.9349 -5.93474 112
      vertex -14.853 -6.15233 112
    endloop
  endfacet
  facet normal 0 0 1
    outer loop
      vertex -3.69552 -1.53073 112
      vertex -14.853 -6.15233 112
      vertex -14.5148 -6.89882 112
    endloop
  endfacet
  facet normal 0 0 1
    outer loop
      vertex -3.69552 1.53073 112
      vertex -15.4615 4.38347 112
      vertex -3.92314 0.780361 112
    endloop
  endfacet
  facet normal -0 0 1
    outer loop
      vertex -15.529 4.16098 112
      vertex -3.92314 0.780361 112
      vertex -15.4615 4.38347 112
    endloop
  endfacet
  facet normal 0 0 1
    outer loop
      vertex -3.69552 -1.53073 112
      vertex -15.2911 -4.94524 112
      vertex -15.2236 -5.16772 112
    endloop
  endfacet
  facet normal 0 0 1
    outer loop
      vertex -3.69552 -1.53073 112
      vertex -15.2236 -5.16772 112
      vertex -14.9349 -5.93474 112
    endloop
  endfacet
  facet normal -0 0 1
    outer loop
      vertex -15.7151 3.36285 112
      vertex -3.92314 0.780361 112
      vertex -15.529 4.16098 112
    endloop
  endfacet
  facet normal -0 0 1
    outer loop
      vertex -15.7679 3.13643 112
      vertex -3.92314 0.780361 112
      vertex -15.7151 3.36285 112
    endloop
  endfacet
  facet normal 0 0 1
    outer loop
      vertex -3.92314 -0.780361 112
      vertex -15.5818 -3.93456 112
      vertex -15.529 -4.16098 112
    endloop
  endfacet
  facet normal 0 0 1
    outer loop
      vertex -3.92314 -0.780361 112
      vertex -15.529 -4.16098 112
      vertex -15.2911 -4.94524 112
    endloop
  endfacet
  facet normal -0 0 1
    outer loop
      vertex -15.9014 2.32783 112
      vertex -3.92314 0.780361 112
      vertex -15.7679 3.13643 112
    endloop
  endfacet
  facet normal -0 0 1
    outer loop
      vertex -15.9393 2.09845 112
      vertex -3.92314 0.780361 112
      vertex -15.9014 2.32783 112
    endloop
  endfacet
  facet normal 0 0 1
    outer loop
      vertex -3.92314 -0.780361 112
      vertex -15.8058 -2.90704 112
      vertex -15.7679 -3.13643 112
    endloop
  endfacet
  facet normal 0 0 1
    outer loop
      vertex -3.92314 -0.780361 112
      vertex -15.7679 -3.13643 112
      vertex -15.5818 -3.93456 112
    endloop
  endfacet
  facet normal -0 0 1
    outer loop
      vertex -16.0196 1.28285 112
      vertex -3.92314 0.780361 112
      vertex -15.9393 2.09845 112
    endloop
  endfacet
  facet normal 0 0 1
    outer loop
      vertex -3.92314 0.780361 112
      vertex -16.0196 1.28285 112
      vertex -4 0 112
    endloop
  endfacet
  facet normal 0 0 1
    outer loop
      vertex -3.92314 -0.780361 112
      vertex -15.9621 -1.86707 112
      vertex -15.9393 -2.09845 112
    endloop
  endfacet
  facet normal 0 0 1
    outer loop
      vertex -3.92314 -0.780361 112
      vertex -15.9393 -2.09845 112
      vertex -15.8058 -2.90704 112
    endloop
  endfacet
  facet normal -0 0 1
    outer loop
      vertex -16.0424 1.05147 112
      vertex -4 0 112
      vertex -16.0196 1.28285 112
    endloop
  endfacet
  facet normal 0 0 1
    outer loop
      vertex -4 0 112
      vertex -16.0424 1.05147 112
      vertex -16.0692 0.232369 112
    endloop
  endfacet
  facet normal 0 -0 1
    outer loop
      vertex -16.0424 -1.05147 112
      vertex -4 0 112
      vertex -16.05 -0.819105 112
    endloop
  endfacet
  facet normal 0 0 1
    outer loop
      vertex -4 0 112
      vertex -16.0424 -1.05147 112
      vertex -15.9621 -1.86707 112
    endloop
  endfacet
  facet normal 0 0 1
    outer loop
      vertex -16.0768 0 112
      vertex -4 0 112
      vertex -16.0692 0.232369 112
    endloop
  endfacet
  facet normal 0 0 1
    outer loop
      vertex -4 0 112
      vertex -16.0768 0 112
      vertex -16.05 -0.819105 112
    endloop
  endfacet
  facet normal 0 0 -1
    outer loop
      vertex 3.0239 15.2022 8
      vertex 3.84028 16.25 8
      vertex 3.84028 14.9977 8
    endloop
  endfacet
  facet normal 0 0 -1
    outer loop
      vertex 3.0239 15.2022 8
      vertex 2.83265 16.25 8
      vertex 3.84028 16.25 8
    endloop
  endfacet
  facet normal 0 0 -1
    outer loop
      vertex 2.83265 16.25 8
      vertex 1.66629 16.9181 8
      vertex 2.83265 16.7451 8
    endloop
  endfacet
  facet normal 0 0 -1
    outer loop
      vertex 1.51927 15.4254 8
      vertex 2.83265 16.25 8
      vertex 3.0239 15.2022 8
    endloop
  endfacet
  facet normal -0 0 -1
    outer loop
      vertex 2.83265 16.25 8
      vertex 1.51927 15.4254 8
      vertex 1.66629 16.9181 8
    endloop
  endfacet
  facet normal 0 0 -1
    outer loop
      vertex 0 15.5 8
      vertex 1.66629 16.9181 8
      vertex 1.51927 15.4254 8
    endloop
  endfacet
  facet normal 0 0 -1
    outer loop
      vertex 0 15.5 8
      vertex 0 17 8
      vertex 1.66629 16.9181 8
    endloop
  endfacet
  facet normal 0 0 -1
    outer loop
      vertex -1.51927 15.4254 8
      vertex 0 17 8
      vertex 0 15.5 8
    endloop
  endfacet
  facet normal 0 0 -1
    outer loop
      vertex -1.51927 15.4254 8
      vertex -1.66629 16.9181 8
      vertex 0 17 8
    endloop
  endfacet
  facet normal 0 0 -1
    outer loop
      vertex -3.0239 15.2022 8
      vertex -1.66629 16.9181 8
      vertex -1.51927 15.4254 8
    endloop
  endfacet
  facet normal 0 0 -1
    outer loop
      vertex -3.0239 15.2022 8
      vertex -3.31653 16.6733 8
      vertex -1.66629 16.9181 8
    endloop
  endfacet
  facet normal 0 0 -1
    outer loop
      vertex -4.49941 14.8326 8
      vertex -3.31653 16.6733 8
      vertex -3.0239 15.2022 8
    endloop
  endfacet
  facet normal 0 0 -1
    outer loop
      vertex -4.49941 14.8326 8
      vertex -4.93484 16.268 8
      vertex -3.31653 16.6733 8
    endloop
  endfacet
  facet normal 0 0 -1
    outer loop
      vertex -5.93159 14.3201 8
      vertex -4.93484 16.268 8
      vertex -4.49941 14.8326 8
    endloop
  endfacet
  facet normal 0 0 -1
    outer loop
      vertex -5.93159 14.3201 8
      vertex -6.50562 15.706 8
      vertex -4.93484 16.268 8
    endloop
  endfacet
  facet normal 0 0 -1
    outer loop
      vertex -6.60846 14 8
      vertex -6.50562 15.706 8
      vertex -5.93159 14.3201 8
    endloop
  endfacet
  facet normal 0 0 -1
    outer loop
      vertex -6.60846 14 8
      vertex -8.01374 14.9927 8
      vertex -6.50562 15.706 8
    endloop
  endfacet
  facet normal 0 0 -1
    outer loop
      vertex -6.60846 14 8
      vertex -9.44469 14.135 8
      vertex -8.01374 14.9927 8
    endloop
  endfacet
  facet normal 0 -0 -1
    outer loop
      vertex -9.44469 14.135 8
      vertex -6.60846 14 8
      vertex -9.6267 14 8
    endloop
  endfacet
  facet normal 0 0 -1
    outer loop
      vertex 6.60846 14 8
      vertex 9.44469 14.135 8
      vertex 9.6267 14 8
    endloop
  endfacet
  facet normal -0 0 -1
    outer loop
      vertex 9.44469 14.135 8
      vertex 6.60846 14 8
      vertex 8.01374 14.9927 8
    endloop
  endfacet
  facet normal 0 0 -1
    outer loop
      vertex 6.60846 14 8
      vertex 6.50562 15.706 8
      vertex 8.01374 14.9927 8
    endloop
  endfacet
  facet normal 0 0 -1
    outer loop
      vertex 5.93159 14.3201 8
      vertex 6.50562 15.706 8
      vertex 6.60846 14 8
    endloop
  endfacet
  facet normal 0 0 -1
    outer loop
      vertex 5.77972 14.3745 8
      vertex 6.50562 15.706 8
      vertex 5.93159 14.3201 8
    endloop
  endfacet
  facet normal -0 0 -1
    outer loop
      vertex 6.50562 15.706 8
      vertex 5.77972 14.3745 8
      vertex 5.77972 15.9657 8
    endloop
  endfacet
  facet normal 0.471396 0.881922 -0
    outer loop
      vertex 2.22228 3.32588 112
      vertex 1.53073 3.69552 119
      vertex 2.22228 3.32588 119
    endloop
  endfacet
  facet normal 0.471396 0.881922 0
    outer loop
      vertex 1.53073 3.69552 119
      vertex 2.22228 3.32588 112
      vertex 1.53073 3.69552 112
    endloop
  endfacet
  facet normal 0.956941 0.290282 0
    outer loop
      vertex 3.92314 0.780361 119
      vertex 3.69552 1.53073 112
      vertex 3.69552 1.53073 119
    endloop
  endfacet
  facet normal 0.956941 0.290282 0
    outer loop
      vertex 3.69552 1.53073 112
      vertex 3.92314 0.780361 119
      vertex 3.92314 0.780361 112
    endloop
  endfacet
  facet normal 0.995185 0.0980186 0
    outer loop
      vertex 4 0 119
      vertex 3.92314 0.780361 112
      vertex 3.92314 0.780361 119
    endloop
  endfacet
  facet normal 0.995185 0.0980186 0
    outer loop
      vertex 3.92314 0.780361 112
      vertex 4 0 119
      vertex 4 0 112
    endloop
  endfacet
  facet normal 0.881922 0.471396 0
    outer loop
      vertex 3.69552 1.53073 119
      vertex 3.32588 2.22228 112
      vertex 3.32588 2.22228 119
    endloop
  endfacet
  facet normal 0.881922 0.471396 0
    outer loop
      vertex 3.32588 2.22228 112
      vertex 3.69552 1.53073 119
      vertex 3.69552 1.53073 112
    endloop
  endfacet
  facet normal 0.0980186 0.995185 -0
    outer loop
      vertex 0.780361 3.92314 112
      vertex 0 4 119
      vertex 0.780361 3.92314 119
    endloop
  endfacet
  facet normal 0.0980186 0.995185 0
    outer loop
      vertex 0 4 119
      vertex 0.780361 3.92314 112
      vertex 0 4 112
    endloop
  endfacet
  facet normal 0.0980186 -0.995185 0
    outer loop
      vertex 0 -4 112
      vertex 0.780361 -3.92314 119
      vertex 0 -4 119
    endloop
  endfacet
  facet normal 0.0980186 -0.995185 0
    outer loop
      vertex 0.780361 -3.92314 119
      vertex 0 -4 112
      vertex 0.780361 -3.92314 112
    endloop
  endfacet
  facet normal 0.290282 0.956941 -0
    outer loop
      vertex 1.53073 3.69552 112
      vertex 0.780361 3.92314 119
      vertex 1.53073 3.69552 119
    endloop
  endfacet
  facet normal 0.290282 0.956941 0
    outer loop
      vertex 0.780361 3.92314 119
      vertex 1.53073 3.69552 112
      vertex 0.780361 3.92314 112
    endloop
  endfacet
  facet normal 0.63439 0.773013 -0
    outer loop
      vertex 2.82843 2.82843 112
      vertex 2.22228 3.32588 119
      vertex 2.82843 2.82843 119
    endloop
  endfacet
  facet normal 0.63439 0.773013 0
    outer loop
      vertex 2.22228 3.32588 119
      vertex 2.82843 2.82843 112
      vertex 2.22228 3.32588 112
    endloop
  endfacet
  facet normal 0.773013 -0.63439 0
    outer loop
      vertex 2.82843 -2.82843 119
      vertex 3.32588 -2.22228 112
      vertex 3.32588 -2.22228 119
    endloop
  endfacet
  facet normal 0.773013 -0.63439 0
    outer loop
      vertex 3.32588 -2.22228 112
      vertex 2.82843 -2.82843 119
      vertex 2.82843 -2.82843 112
    endloop
  endfacet
  facet normal -0.63439 0.773013 0
    outer loop
      vertex -2.22228 3.32588 112
      vertex -2.82843 2.82843 119
      vertex -2.22228 3.32588 119
    endloop
  endfacet
  facet normal -0.63439 0.773013 0
    outer loop
      vertex -2.82843 2.82843 119
      vertex -2.22228 3.32588 112
      vertex -2.82843 2.82843 112
    endloop
  endfacet
  facet normal 0.471396 -0.881922 0
    outer loop
      vertex 1.53073 -3.69552 112
      vertex 2.22228 -3.32588 119
      vertex 1.53073 -3.69552 119
    endloop
  endfacet
  facet normal 0.471396 -0.881922 0
    outer loop
      vertex 2.22228 -3.32588 119
      vertex 1.53073 -3.69552 112
      vertex 2.22228 -3.32588 112
    endloop
  endfacet
  facet normal -0.881922 -0.471396 0
    outer loop
      vertex -3.32588 -2.22228 112
      vertex -3.69552 -1.53073 119
      vertex -3.69552 -1.53073 112
    endloop
  endfacet
  facet normal -0.881922 -0.471396 0
    outer loop
      vertex -3.69552 -1.53073 119
      vertex -3.32588 -2.22228 112
      vertex -3.32588 -2.22228 119
    endloop
  endfacet
  facet normal 0.995185 -0.0980186 0
    outer loop
      vertex 3.92314 -0.780361 119
      vertex 4 0 112
      vertex 4 0 119
    endloop
  endfacet
  facet normal 0.995185 -0.0980186 0
    outer loop
      vertex 4 0 112
      vertex 3.92314 -0.780361 119
      vertex 3.92314 -0.780361 112
    endloop
  endfacet
  facet normal -0.471396 -0.881922 0
    outer loop
      vertex -2.22228 -3.32588 112
      vertex -1.53073 -3.69552 119
      vertex -2.22228 -3.32588 119
    endloop
  endfacet
  facet normal -0.471396 -0.881922 -0
    outer loop
      vertex -1.53073 -3.69552 119
      vertex -2.22228 -3.32588 112
      vertex -1.53073 -3.69552 112
    endloop
  endfacet
  facet normal -0.290282 0.956941 0
    outer loop
      vertex -0.780361 3.92314 112
      vertex -1.53073 3.69552 119
      vertex -0.780361 3.92314 119
    endloop
  endfacet
  facet normal -0.290282 0.956941 0
    outer loop
      vertex -1.53073 3.69552 119
      vertex -0.780361 3.92314 112
      vertex -1.53073 3.69552 112
    endloop
  endfacet
  facet normal -0.0980186 -0.995185 0
    outer loop
      vertex -0.780361 -3.92314 112
      vertex 0 -4 119
      vertex -0.780361 -3.92314 119
    endloop
  endfacet
  facet normal -0.0980186 -0.995185 -0
    outer loop
      vertex 0 -4 119
      vertex -0.780361 -3.92314 112
      vertex 0 -4 112
    endloop
  endfacet
  facet normal -0.881922 0.471396 0
    outer loop
      vertex -3.69552 1.53073 112
      vertex -3.32588 2.22228 119
      vertex -3.32588 2.22228 112
    endloop
  endfacet
  facet normal -0.881922 0.471396 0
    outer loop
      vertex -3.32588 2.22228 119
      vertex -3.69552 1.53073 112
      vertex -3.69552 1.53073 119
    endloop
  endfacet
  facet normal 0.290282 -0.956941 0
    outer loop
      vertex 0.780361 -3.92314 112
      vertex 1.53073 -3.69552 119
      vertex 0.780361 -3.92314 119
    endloop
  endfacet
  facet normal 0.290282 -0.956941 0
    outer loop
      vertex 1.53073 -3.69552 119
      vertex 0.780361 -3.92314 112
      vertex 1.53073 -3.69552 112
    endloop
  endfacet
  facet normal 0 0 1
    outer loop
      vertex 3.92314 0.780361 119
      vertex 3.92314 -0.780361 119
      vertex 4 0 119
    endloop
  endfacet
  facet normal 0 0 1
    outer loop
      vertex 3.69552 1.53073 119
      vertex 3.92314 -0.780361 119
      vertex 3.92314 0.780361 119
    endloop
  endfacet
  facet normal 0 0 1
    outer loop
      vertex 3.69552 1.53073 119
      vertex 3.69552 -1.53073 119
      vertex 3.92314 -0.780361 119
    endloop
  endfacet
  facet normal 0 0 1
    outer loop
      vertex 3.32588 2.22228 119
      vertex 3.69552 -1.53073 119
      vertex 3.69552 1.53073 119
    endloop
  endfacet
  facet normal 0 0 1
    outer loop
      vertex 3.32588 2.22228 119
      vertex 3.32588 -2.22228 119
      vertex 3.69552 -1.53073 119
    endloop
  endfacet
  facet normal 0 0 1
    outer loop
      vertex 2.82843 2.82843 119
      vertex 3.32588 -2.22228 119
      vertex 3.32588 2.22228 119
    endloop
  endfacet
  facet normal 0 0 1
    outer loop
      vertex 2.82843 2.82843 119
      vertex 2.82843 -2.82843 119
      vertex 3.32588 -2.22228 119
    endloop
  endfacet
  facet normal 0 0 1
    outer loop
      vertex 2.22228 3.32588 119
      vertex 2.82843 -2.82843 119
      vertex 2.82843 2.82843 119
    endloop
  endfacet
  facet normal 0 0 1
    outer loop
      vertex 2.22228 3.32588 119
      vertex 2.22228 -3.32588 119
      vertex 2.82843 -2.82843 119
    endloop
  endfacet
  facet normal 0 0 1
    outer loop
      vertex 1.53073 3.69552 119
      vertex 2.22228 -3.32588 119
      vertex 2.22228 3.32588 119
    endloop
  endfacet
  facet normal 0 0 1
    outer loop
      vertex 1.53073 3.69552 119
      vertex 1.53073 -3.69552 119
      vertex 2.22228 -3.32588 119
    endloop
  endfacet
  facet normal 0 0 1
    outer loop
      vertex 0.780361 3.92314 119
      vertex 1.53073 -3.69552 119
      vertex 1.53073 3.69552 119
    endloop
  endfacet
  facet normal 0 0 1
    outer loop
      vertex 0.780361 3.92314 119
      vertex 0.780361 -3.92314 119
      vertex 1.53073 -3.69552 119
    endloop
  endfacet
  facet normal 0 0 1
    outer loop
      vertex 0 4 119
      vertex 0.780361 -3.92314 119
      vertex 0.780361 3.92314 119
    endloop
  endfacet
  facet normal 0 0 1
    outer loop
      vertex 0 4 119
      vertex 0 -4 119
      vertex 0.780361 -3.92314 119
    endloop
  endfacet
  facet normal -0 0 1
    outer loop
      vertex -0.780361 3.92314 119
      vertex 0 -4 119
      vertex 0 4 119
    endloop
  endfacet
  facet normal 0 0 1
    outer loop
      vertex -0.780361 3.92314 119
      vertex -0.780361 -3.92314 119
      vertex 0 -4 119
    endloop
  endfacet
  facet normal -0 0 1
    outer loop
      vertex -1.53073 3.69552 119
      vertex -0.780361 -3.92314 119
      vertex -0.780361 3.92314 119
    endloop
  endfacet
  facet normal 0 0 1
    outer loop
      vertex -1.53073 3.69552 119
      vertex -1.53073 -3.69552 119
      vertex -0.780361 -3.92314 119
    endloop
  endfacet
  facet normal -0 0 1
    outer loop
      vertex -2.22228 3.32588 119
      vertex -1.53073 -3.69552 119
      vertex -1.53073 3.69552 119
    endloop
  endfacet
  facet normal 0 0 1
    outer loop
      vertex -2.22228 3.32588 119
      vertex -2.22228 -3.32588 119
      vertex -1.53073 -3.69552 119
    endloop
  endfacet
  facet normal -0 0 1
    outer loop
      vertex -2.82843 2.82843 119
      vertex -2.22228 -3.32588 119
      vertex -2.22228 3.32588 119
    endloop
  endfacet
  facet normal 0 0 1
    outer loop
      vertex -2.82843 2.82843 119
      vertex -2.82843 -2.82843 119
      vertex -2.22228 -3.32588 119
    endloop
  endfacet
  facet normal -0 0 1
    outer loop
      vertex -3.32588 2.22228 119
      vertex -2.82843 -2.82843 119
      vertex -2.82843 2.82843 119
    endloop
  endfacet
  facet normal 0 0 1
    outer loop
      vertex -3.32588 2.22228 119
      vertex -3.32588 -2.22228 119
      vertex -2.82843 -2.82843 119
    endloop
  endfacet
  facet normal -0 0 1
    outer loop
      vertex -3.69552 1.53073 119
      vertex -3.32588 -2.22228 119
      vertex -3.32588 2.22228 119
    endloop
  endfacet
  facet normal 0 0 1
    outer loop
      vertex -3.69552 1.53073 119
      vertex -3.69552 -1.53073 119
      vertex -3.32588 -2.22228 119
    endloop
  endfacet
  facet normal -0 0 1
    outer loop
      vertex -3.92314 0.780361 119
      vertex -3.69552 -1.53073 119
      vertex -3.69552 1.53073 119
    endloop
  endfacet
  facet normal 0 0 1
    outer loop
      vertex -3.92314 0.780361 119
      vertex -3.92314 -0.780361 119
      vertex -3.69552 -1.53073 119
    endloop
  endfacet
  facet normal 0 -0 1
    outer loop
      vertex -3.92314 -0.780361 119
      vertex -3.92314 0.780361 119
      vertex -4 0 119
    endloop
  endfacet
  facet normal -0.290282 -0.956941 0
    outer loop
      vertex -1.53073 -3.69552 112
      vertex -0.780361 -3.92314 119
      vertex -1.53073 -3.69552 119
    endloop
  endfacet
  facet normal -0.290282 -0.956941 -0
    outer loop
      vertex -0.780361 -3.92314 119
      vertex -1.53073 -3.69552 112
      vertex -0.780361 -3.92314 112
    endloop
  endfacet
  facet normal 0.956941 -0.290282 0
    outer loop
      vertex 3.69552 -1.53073 119
      vertex 3.92314 -0.780361 112
      vertex 3.92314 -0.780361 119
    endloop
  endfacet
  facet normal 0.956941 -0.290282 0
    outer loop
      vertex 3.92314 -0.780361 112
      vertex 3.69552 -1.53073 119
      vertex 3.69552 -1.53073 112
    endloop
  endfacet
  facet normal 0.773013 0.63439 0
    outer loop
      vertex 3.32588 2.22228 119
      vertex 2.82843 2.82843 112
      vertex 2.82843 2.82843 119
    endloop
  endfacet
  facet normal 0.773013 0.63439 0
    outer loop
      vertex 2.82843 2.82843 112
      vertex 3.32588 2.22228 119
      vertex 3.32588 2.22228 112
    endloop
  endfacet
  facet normal -0.995185 0.0980186 0
    outer loop
      vertex -4 0 112
      vertex -3.92314 0.780361 119
      vertex -3.92314 0.780361 112
    endloop
  endfacet
  facet normal -0.995185 0.0980186 0
    outer loop
      vertex -3.92314 0.780361 119
      vertex -4 0 112
      vertex -4 0 119
    endloop
  endfacet
  facet normal 0.63439 -0.773013 0
    outer loop
      vertex 2.22228 -3.32588 112
      vertex 2.82843 -2.82843 119
      vertex 2.22228 -3.32588 119
    endloop
  endfacet
  facet normal 0.63439 -0.773013 0
    outer loop
      vertex 2.82843 -2.82843 119
      vertex 2.22228 -3.32588 112
      vertex 2.82843 -2.82843 112
    endloop
  endfacet
  facet normal -0.471396 0.881922 0
    outer loop
      vertex -1.53073 3.69552 112
      vertex -2.22228 3.32588 119
      vertex -1.53073 3.69552 119
    endloop
  endfacet
  facet normal -0.471396 0.881922 0
    outer loop
      vertex -2.22228 3.32588 119
      vertex -1.53073 3.69552 112
      vertex -2.22228 3.32588 112
    endloop
  endfacet
  facet normal -0.63439 -0.773013 0
    outer loop
      vertex -2.82843 -2.82843 112
      vertex -2.22228 -3.32588 119
      vertex -2.82843 -2.82843 119
    endloop
  endfacet
  facet normal -0.63439 -0.773013 -0
    outer loop
      vertex -2.22228 -3.32588 119
      vertex -2.82843 -2.82843 112
      vertex -2.22228 -3.32588 112
    endloop
  endfacet
  facet normal -0.0980186 0.995185 0
    outer loop
      vertex 0 4 112
      vertex -0.780361 3.92314 119
      vertex 0 4 119
    endloop
  endfacet
  facet normal -0.0980186 0.995185 0
    outer loop
      vertex -0.780361 3.92314 119
      vertex 0 4 112
      vertex -0.780361 3.92314 112
    endloop
  endfacet
  facet normal 0.881922 -0.471396 0
    outer loop
      vertex 3.32588 -2.22228 119
      vertex 3.69552 -1.53073 112
      vertex 3.69552 -1.53073 119
    endloop
  endfacet
  facet normal 0.881922 -0.471396 0
    outer loop
      vertex 3.69552 -1.53073 112
      vertex 3.32588 -2.22228 119
      vertex 3.32588 -2.22228 112
    endloop
  endfacet
  facet normal -0.956941 -0.290282 0
    outer loop
      vertex -3.69552 -1.53073 112
      vertex -3.92314 -0.780361 119
      vertex -3.92314 -0.780361 112
    endloop
  endfacet
  facet normal -0.956941 -0.290282 0
    outer loop
      vertex -3.92314 -0.780361 119
      vertex -3.69552 -1.53073 112
      vertex -3.69552 -1.53073 119
    endloop
  endfacet
  facet normal -0.995185 -0.0980186 0
    outer loop
      vertex -3.92314 -0.780361 112
      vertex -4 0 119
      vertex -4 0 112
    endloop
  endfacet
  facet normal -0.995185 -0.0980186 0
    outer loop
      vertex -4 0 119
      vertex -3.92314 -0.780361 112
      vertex -3.92314 -0.780361 119
    endloop
  endfacet
  facet normal -0.773013 -0.63439 0
    outer loop
      vertex -2.82843 -2.82843 112
      vertex -3.32588 -2.22228 119
      vertex -3.32588 -2.22228 112
    endloop
  endfacet
  facet normal -0.773013 -0.63439 0
    outer loop
      vertex -3.32588 -2.22228 119
      vertex -2.82843 -2.82843 112
      vertex -2.82843 -2.82843 119
    endloop
  endfacet
  facet normal -0.773013 0.63439 0
    outer loop
      vertex -3.32588 2.22228 112
      vertex -2.82843 2.82843 119
      vertex -2.82843 2.82843 112
    endloop
  endfacet
  facet normal -0.773013 0.63439 0
    outer loop
      vertex -2.82843 2.82843 119
      vertex -3.32588 2.22228 112
      vertex -3.32588 2.22228 119
    endloop
  endfacet
  facet normal -0.956941 0.290282 0
    outer loop
      vertex -3.92314 0.780361 112
      vertex -3.69552 1.53073 119
      vertex -3.69552 1.53073 112
    endloop
  endfacet
  facet normal -0.956941 0.290282 0
    outer loop
      vertex -3.69552 1.53073 119
      vertex -3.92314 0.780361 112
      vertex -3.92314 0.780361 119
    endloop
  endfacet
endsolid OpenSCAD_Model
