solid OpenSCAD_Model
  facet normal -0.913408 0.0298928 -0.405945
    outer loop
      vertex -9.37987 0.614789 1.5
      vertex -9 0 0.599991
      vertex -9.39999 0 1.5
    endloop
  endfacet
  facet normal -0.913406 0.0299023 -0.40595
    outer loop
      vertex -8.98073 0.588628 0.599991
      vertex -9 0 0.599991
      vertex -9.37987 0.614789 1.5
    endloop
  endfacet
  facet normal -0.780611 0.0256068 -0.624493
    outer loop
      vertex -10.9764 0.719434 3.5
      vertex -9.39999 0 1.5
      vertex -11 0 3.5
    endloop
  endfacet
  facet normal -0.780623 0.0255472 -0.62448
    outer loop
      vertex -9.37987 0.614789 1.5
      vertex -9.39999 0 1.5
      vertex -10.9764 0.719434 3.5
    endloop
  endfacet
  facet normal -0.999462 0.0327859 0
    outer loop
      vertex -11 0 3.5
      vertex -10.9764 0.719434 7.5
      vertex -10.9764 0.719434 3.5
    endloop
  endfacet
  facet normal -0.999462 0.0327859 0
    outer loop
      vertex -10.9764 0.719434 7.5
      vertex -11 0 3.5
      vertex -11 0 7.5
    endloop
  endfacet
  facet normal -0.706917 0.0231613 0.706917
    outer loop
      vertex -10.5 0 8
      vertex -10.4775 0.686732 8
      vertex -11 0 7.5
    endloop
  endfacet
  facet normal -0.706936 0.02319 0.706897
    outer loop
      vertex -10.4775 0.686732 8
      vertex -10.9764 0.719434 7.5
      vertex -11 0 7.5
    endloop
  endfacet
  facet normal 0 0 -1
    outer loop
      vertex 2.6 0 0
      vertex 8 0 0
      vertex 7.98287 -0.523225 0
    endloop
  endfacet
  facet normal 0 0 -1
    outer loop
      vertex 2.6 0 0
      vertex 7.98287 -0.523225 0
      vertex 7.93156 -1.04421 0
    endloop
  endfacet
  facet normal 0 0 -1
    outer loop
      vertex 8 0 0
      vertex 2.6 0 0
      vertex 7.98287 0.523225 0
    endloop
  endfacet
  facet normal 0 0 -1
    outer loop
      vertex 2.55004 -0.507235 0
      vertex 7.93156 -1.04421 0
      vertex 7.84628 -1.56072 0
    endloop
  endfacet
  facet normal -0 0 -1
    outer loop
      vertex 7.98287 0.523225 0
      vertex 2.6 0 0
      vertex 7.93156 1.04421 0
    endloop
  endfacet
  facet normal 0 0 -1
    outer loop
      vertex 2.55004 -0.507235 0
      vertex 7.84628 -1.56072 0
      vertex 7.72741 -2.07055 0
    endloop
  endfacet
  facet normal 0 0 -1
    outer loop
      vertex 2.55004 0.507235 0
      vertex 7.93156 1.04421 0
      vertex 2.6 0 0
    endloop
  endfacet
  facet normal 0 0 -1
    outer loop
      vertex 2.55004 -0.507235 0
      vertex 7.72741 -2.07055 0
      vertex 7.57544 -2.57152 0
    endloop
  endfacet
  facet normal -0 0 -1
    outer loop
      vertex 7.93156 1.04421 0
      vertex 2.55004 0.507235 0
      vertex 7.84628 1.56072 0
    endloop
  endfacet
  facet normal 0 0 -1
    outer loop
      vertex 2.40209 -0.994976 0
      vertex 7.57544 -2.57152 0
      vertex 7.39104 -3.06147 0
    endloop
  endfacet
  facet normal -0 0 -1
    outer loop
      vertex 7.84628 1.56072 0
      vertex 2.55004 0.507235 0
      vertex 7.72741 2.07055 0
    endloop
  endfacet
  facet normal 0 0 -1
    outer loop
      vertex 2.40209 -0.994976 0
      vertex 7.39104 -3.06147 0
      vertex 7.17498 -3.53831 0
    endloop
  endfacet
  facet normal -0 0 -1
    outer loop
      vertex 7.72741 2.07055 0
      vertex 2.55004 0.507235 0
      vertex 7.57544 2.57152 0
    endloop
  endfacet
  facet normal 0 0 -1
    outer loop
      vertex 2.40209 -0.994976 0
      vertex 7.17498 -3.53831 0
      vertex 6.9282 -4 0
    endloop
  endfacet
  facet normal 0 0 -1
    outer loop
      vertex 2.40209 0.994976 0
      vertex 7.57544 2.57152 0
      vertex 2.55004 0.507235 0
    endloop
  endfacet
  facet normal 0 0 -1
    outer loop
      vertex 2.16182 -1.44448 0
      vertex 6.9282 -4 0
      vertex 6.65176 -4.44456 0
    endloop
  endfacet
  facet normal -0 0 -1
    outer loop
      vertex 7.57544 2.57152 0
      vertex 2.40209 0.994976 0
      vertex 7.39104 3.06147 0
    endloop
  endfacet
  facet normal 0 0 -1
    outer loop
      vertex 2.16182 -1.44448 0
      vertex 6.65176 -4.44456 0
      vertex 6.34683 -4.87009 0
    endloop
  endfacet
  facet normal -0 0 -1
    outer loop
      vertex 7.39104 3.06147 0
      vertex 2.40209 0.994976 0
      vertex 7.17498 3.53831 0
    endloop
  endfacet
  facet normal 0 0 -1
    outer loop
      vertex 2.16182 -1.44448 0
      vertex 6.34683 -4.87009 0
      vertex 6.01472 -5.27477 0
    endloop
  endfacet
  facet normal -0 0 -1
    outer loop
      vertex 7.17498 3.53831 0
      vertex 2.40209 0.994976 0
      vertex 6.9282 4 0
    endloop
  endfacet
  facet normal 0 0 -1
    outer loop
      vertex 1.83848 -1.83848 0
      vertex 6.01472 -5.27477 0
      vertex 5.65685 -5.65685 0
    endloop
  endfacet
  facet normal 0 0 -1
    outer loop
      vertex 2.16182 1.44448 0
      vertex 6.9282 4 0
      vertex 2.40209 0.994976 0
    endloop
  endfacet
  facet normal 0 0 -1
    outer loop
      vertex 1.83848 -1.83848 0
      vertex 5.65685 -5.65685 0
      vertex 5.27477 -6.01472 0
    endloop
  endfacet
  facet normal -0 0 -1
    outer loop
      vertex 6.9282 4 0
      vertex 2.16182 1.44448 0
      vertex 6.65176 4.44456 0
    endloop
  endfacet
  facet normal 0 0 -1
    outer loop
      vertex 1.83848 -1.83848 0
      vertex 5.27477 -6.01472 0
      vertex 4.87009 -6.34683 0
    endloop
  endfacet
  facet normal -0 0 -1
    outer loop
      vertex 6.65176 4.44456 0
      vertex 2.16182 1.44448 0
      vertex 6.34683 4.87009 0
    endloop
  endfacet
  facet normal 0 0 -1
    outer loop
      vertex 1.44448 -2.16182 0
      vertex 4.87009 -6.34683 0
      vertex 4.44456 -6.65176 0
    endloop
  endfacet
  facet normal -0 0 -1
    outer loop
      vertex 6.34683 4.87009 0
      vertex 2.16182 1.44448 0
      vertex 6.01472 5.27477 0
    endloop
  endfacet
  facet normal 0 0 -1
    outer loop
      vertex 1.44448 -2.16182 0
      vertex 4.44456 -6.65176 0
      vertex 4 -6.9282 0
    endloop
  endfacet
  facet normal 0 0 -1
    outer loop
      vertex 1.83848 1.83848 0
      vertex 6.01472 5.27477 0
      vertex 2.16182 1.44448 0
    endloop
  endfacet
  facet normal 0 0 -1
    outer loop
      vertex 1.44448 -2.16182 0
      vertex 4 -6.9282 0
      vertex 3.53831 -7.17498 0
    endloop
  endfacet
  facet normal -0 0 -1
    outer loop
      vertex 6.01472 5.27477 0
      vertex 1.83848 1.83848 0
      vertex 5.65685 5.65685 0
    endloop
  endfacet
  facet normal 0 0 -1
    outer loop
      vertex 0.994976 -2.40209 0
      vertex 3.53831 -7.17498 0
      vertex 3.06147 -7.39104 0
    endloop
  endfacet
  facet normal -0 0 -1
    outer loop
      vertex 5.65685 5.65685 0
      vertex 1.83848 1.83848 0
      vertex 5.27477 6.01472 0
    endloop
  endfacet
  facet normal -0 0 -1
    outer loop
      vertex 5.27477 6.01472 0
      vertex 1.83848 1.83848 0
      vertex 4.87009 6.34683 0
    endloop
  endfacet
  facet normal 0 0 -1
    outer loop
      vertex 0.994976 -2.40209 0
      vertex 3.06147 -7.39104 0
      vertex 2.57152 -7.57544 0
    endloop
  endfacet
  facet normal 0 0 -1
    outer loop
      vertex 7.93156 -1.04421 0
      vertex 2.55004 -0.507235 0
      vertex 2.6 0 0
    endloop
  endfacet
  facet normal 0 0 -1
    outer loop
      vertex 7.57544 -2.57152 0
      vertex 2.40209 -0.994976 0
      vertex 2.55004 -0.507235 0
    endloop
  endfacet
  facet normal 0 0 -1
    outer loop
      vertex 6.9282 -4 0
      vertex 2.16182 -1.44448 0
      vertex 2.40209 -0.994976 0
    endloop
  endfacet
  facet normal 0 0 -1
    outer loop
      vertex 0.994976 -2.40209 0
      vertex 2.57152 -7.57544 0
      vertex 2.07055 -7.72741 0
    endloop
  endfacet
  facet normal 0 0 -1
    outer loop
      vertex 6.01472 -5.27477 0
      vertex 1.83848 -1.83848 0
      vertex 2.16182 -1.44448 0
    endloop
  endfacet
  facet normal 0 0 -1
    outer loop
      vertex 0.507235 -2.55004 0
      vertex 2.07055 -7.72741 0
      vertex 1.56072 -7.84628 0
    endloop
  endfacet
  facet normal 0 0 -1
    outer loop
      vertex 4.87009 -6.34683 0
      vertex 1.44448 -2.16182 0
      vertex 1.83848 -1.83848 0
    endloop
  endfacet
  facet normal 0 0 -1
    outer loop
      vertex 0.507235 -2.55004 0
      vertex 1.56072 -7.84628 0
      vertex 1.04421 -7.93156 0
    endloop
  endfacet
  facet normal 0 0 -1
    outer loop
      vertex 3.53831 -7.17498 0
      vertex 0.994976 -2.40209 0
      vertex 1.44448 -2.16182 0
    endloop
  endfacet
  facet normal 0 0 -1
    outer loop
      vertex 0.507235 -2.55004 0
      vertex 1.04421 -7.93156 0
      vertex 0.523225 -7.98287 0
    endloop
  endfacet
  facet normal 0 0 -1
    outer loop
      vertex 2.07055 -7.72741 0
      vertex 0.507235 -2.55004 0
      vertex 0.994976 -2.40209 0
    endloop
  endfacet
  facet normal 0 0 -1
    outer loop
      vertex 0 -2.6 0
      vertex 0.523225 -7.98287 0
      vertex 0 -8 0
    endloop
  endfacet
  facet normal 0 0 -1
    outer loop
      vertex 0.523225 -7.98287 0
      vertex 0 -2.6 0
      vertex 0.507235 -2.55004 0
    endloop
  endfacet
  facet normal 0 0 -1
    outer loop
      vertex -0.523225 -7.98287 0
      vertex 0 -2.6 0
      vertex 0 -8 0
    endloop
  endfacet
  facet normal -0 0 -1
    outer loop
      vertex 0 -2.6 0
      vertex -0.523225 -7.98287 0
      vertex -0.507235 -2.55004 0
    endloop
  endfacet
  facet normal 0 0 -1
    outer loop
      vertex -1.04421 -7.93156 0
      vertex -0.507235 -2.55004 0
      vertex -0.523225 -7.98287 0
    endloop
  endfacet
  facet normal 0 0 -1
    outer loop
      vertex -1.56072 -7.84628 0
      vertex -0.507235 -2.55004 0
      vertex -1.04421 -7.93156 0
    endloop
  endfacet
  facet normal 0 0 -1
    outer loop
      vertex -2.07055 -7.72741 0
      vertex -0.507235 -2.55004 0
      vertex -1.56072 -7.84628 0
    endloop
  endfacet
  facet normal -0 0 -1
    outer loop
      vertex -0.507235 -2.55004 0
      vertex -2.07055 -7.72741 0
      vertex -0.994976 -2.40209 0
    endloop
  endfacet
  facet normal 0 0 -1
    outer loop
      vertex -2.57152 -7.57544 0
      vertex -0.994976 -2.40209 0
      vertex -2.07055 -7.72741 0
    endloop
  endfacet
  facet normal 0 0 -1
    outer loop
      vertex -3.06147 -7.39104 0
      vertex -0.994976 -2.40209 0
      vertex -2.57152 -7.57544 0
    endloop
  endfacet
  facet normal 0 0 -1
    outer loop
      vertex -3.53831 -7.17498 0
      vertex -0.994976 -2.40209 0
      vertex -3.06147 -7.39104 0
    endloop
  endfacet
  facet normal -0 0 -1
    outer loop
      vertex -0.994976 -2.40209 0
      vertex -3.53831 -7.17498 0
      vertex -1.44448 -2.16182 0
    endloop
  endfacet
  facet normal 0 0 -1
    outer loop
      vertex -4 -6.9282 0
      vertex -1.44448 -2.16182 0
      vertex -3.53831 -7.17498 0
    endloop
  endfacet
  facet normal 0 0 -1
    outer loop
      vertex -4.44456 -6.65176 0
      vertex -1.44448 -2.16182 0
      vertex -4 -6.9282 0
    endloop
  endfacet
  facet normal 0 0 -1
    outer loop
      vertex -4.87009 -6.34683 0
      vertex -1.44448 -2.16182 0
      vertex -4.44456 -6.65176 0
    endloop
  endfacet
  facet normal -0 0 -1
    outer loop
      vertex -1.44448 -2.16182 0
      vertex -4.87009 -6.34683 0
      vertex -1.83848 -1.83848 0
    endloop
  endfacet
  facet normal 0 0 -1
    outer loop
      vertex 1.44448 2.16182 0
      vertex 4.87009 6.34683 0
      vertex 1.83848 1.83848 0
    endloop
  endfacet
  facet normal -0 0 -1
    outer loop
      vertex 4.87009 6.34683 0
      vertex 1.44448 2.16182 0
      vertex 4.44456 6.65176 0
    endloop
  endfacet
  facet normal -0 0 -1
    outer loop
      vertex 4.44456 6.65176 0
      vertex 1.44448 2.16182 0
      vertex 4 6.9282 0
    endloop
  endfacet
  facet normal -0 0 -1
    outer loop
      vertex 4 6.9282 0
      vertex 1.44448 2.16182 0
      vertex 3.53831 7.17498 0
    endloop
  endfacet
  facet normal 0 0 -1
    outer loop
      vertex 0.994976 2.40209 0
      vertex 3.53831 7.17498 0
      vertex 1.44448 2.16182 0
    endloop
  endfacet
  facet normal -0 0 -1
    outer loop
      vertex 3.53831 7.17498 0
      vertex 0.994976 2.40209 0
      vertex 3.06147 7.39104 0
    endloop
  endfacet
  facet normal -0 0 -1
    outer loop
      vertex 3.06147 7.39104 0
      vertex 0.994976 2.40209 0
      vertex 2.57152 7.57544 0
    endloop
  endfacet
  facet normal -0 0 -1
    outer loop
      vertex 2.57152 7.57544 0
      vertex 0.994976 2.40209 0
      vertex 2.07055 7.72741 0
    endloop
  endfacet
  facet normal 0 0 -1
    outer loop
      vertex 0.507235 2.55004 0
      vertex 2.07055 7.72741 0
      vertex 0.994976 2.40209 0
    endloop
  endfacet
  facet normal -0 0 -1
    outer loop
      vertex 2.07055 7.72741 0
      vertex 0.507235 2.55004 0
      vertex 1.56072 7.84628 0
    endloop
  endfacet
  facet normal -0 0 -1
    outer loop
      vertex 1.56072 7.84628 0
      vertex 0.507235 2.55004 0
      vertex 1.04421 7.93156 0
    endloop
  endfacet
  facet normal -0 0 -1
    outer loop
      vertex 1.04421 7.93156 0
      vertex 0.507235 2.55004 0
      vertex 0.523225 7.98287 0
    endloop
  endfacet
  facet normal 0 0 -1
    outer loop
      vertex 0 2.6 0
      vertex 0.523225 7.98287 0
      vertex 0.507235 2.55004 0
    endloop
  endfacet
  facet normal 0 0 -1
    outer loop
      vertex 0 2.6 0
      vertex 0 8 0
      vertex 0.523225 7.98287 0
    endloop
  endfacet
  facet normal 0 0 -1
    outer loop
      vertex -0.523225 7.98287 0
      vertex 0 2.6 0
      vertex -0.507235 2.55004 0
    endloop
  endfacet
  facet normal 0 0 -1
    outer loop
      vertex 0 2.6 0
      vertex -0.523225 7.98287 0
      vertex 0 8 0
    endloop
  endfacet
  facet normal 0 0 -1
    outer loop
      vertex -2.07055 7.72741 0
      vertex -0.507235 2.55004 0
      vertex -0.994976 2.40209 0
    endloop
  endfacet
  facet normal 0 0 -1
    outer loop
      vertex -0.507235 2.55004 0
      vertex -1.04421 7.93156 0
      vertex -0.523225 7.98287 0
    endloop
  endfacet
  facet normal 0 0 -1
    outer loop
      vertex -3.53831 7.17498 0
      vertex -0.994976 2.40209 0
      vertex -1.44448 2.16182 0
    endloop
  endfacet
  facet normal 0 0 -1
    outer loop
      vertex -0.507235 2.55004 0
      vertex -1.56072 7.84628 0
      vertex -1.04421 7.93156 0
    endloop
  endfacet
  facet normal 0 0 -1
    outer loop
      vertex -4.87009 6.34683 0
      vertex -1.44448 2.16182 0
      vertex -1.83848 1.83848 0
    endloop
  endfacet
  facet normal 0 0 -1
    outer loop
      vertex -0.507235 2.55004 0
      vertex -2.07055 7.72741 0
      vertex -1.56072 7.84628 0
    endloop
  endfacet
  facet normal 0 0 -1
    outer loop
      vertex -6.01472 5.27477 0
      vertex -1.83848 1.83848 0
      vertex -2.16182 1.44448 0
    endloop
  endfacet
  facet normal 0 0 -1
    outer loop
      vertex -6.9282 4 0
      vertex -2.16182 1.44448 0
      vertex -2.40209 0.994976 0
    endloop
  endfacet
  facet normal 0 0 -1
    outer loop
      vertex -7.57544 2.57152 0
      vertex -2.40209 0.994976 0
      vertex -2.55004 0.507235 0
    endloop
  endfacet
  facet normal 0 0 -1
    outer loop
      vertex -0.994976 2.40209 0
      vertex -2.57152 7.57544 0
      vertex -2.07055 7.72741 0
    endloop
  endfacet
  facet normal 0 0 -1
    outer loop
      vertex -7.93156 1.04421 0
      vertex -2.55004 0.507235 0
      vertex -2.6 0 0
    endloop
  endfacet
  facet normal 0 0 -1
    outer loop
      vertex -5.27477 -6.01472 0
      vertex -1.83848 -1.83848 0
      vertex -4.87009 -6.34683 0
    endloop
  endfacet
  facet normal 0 0 -1
    outer loop
      vertex -0.994976 2.40209 0
      vertex -3.06147 7.39104 0
      vertex -2.57152 7.57544 0
    endloop
  endfacet
  facet normal 0 0 -1
    outer loop
      vertex -5.65685 -5.65685 0
      vertex -1.83848 -1.83848 0
      vertex -5.27477 -6.01472 0
    endloop
  endfacet
  facet normal 0 0 -1
    outer loop
      vertex -0.994976 2.40209 0
      vertex -3.53831 7.17498 0
      vertex -3.06147 7.39104 0
    endloop
  endfacet
  facet normal 0 0 -1
    outer loop
      vertex -6.01472 -5.27477 0
      vertex -1.83848 -1.83848 0
      vertex -5.65685 -5.65685 0
    endloop
  endfacet
  facet normal 0 0 -1
    outer loop
      vertex -1.44448 2.16182 0
      vertex -4 6.9282 0
      vertex -3.53831 7.17498 0
    endloop
  endfacet
  facet normal -0 0 -1
    outer loop
      vertex -1.83848 -1.83848 0
      vertex -6.01472 -5.27477 0
      vertex -2.16182 -1.44448 0
    endloop
  endfacet
  facet normal 0 0 -1
    outer loop
      vertex -1.44448 2.16182 0
      vertex -4.44456 6.65176 0
      vertex -4 6.9282 0
    endloop
  endfacet
  facet normal 0 0 -1
    outer loop
      vertex -6.34683 -4.87009 0
      vertex -2.16182 -1.44448 0
      vertex -6.01472 -5.27477 0
    endloop
  endfacet
  facet normal 0 0 -1
    outer loop
      vertex -1.44448 2.16182 0
      vertex -4.87009 6.34683 0
      vertex -4.44456 6.65176 0
    endloop
  endfacet
  facet normal 0 0 -1
    outer loop
      vertex -6.65176 -4.44456 0
      vertex -2.16182 -1.44448 0
      vertex -6.34683 -4.87009 0
    endloop
  endfacet
  facet normal 0 0 -1
    outer loop
      vertex -1.83848 1.83848 0
      vertex -5.27477 6.01472 0
      vertex -4.87009 6.34683 0
    endloop
  endfacet
  facet normal 0 0 -1
    outer loop
      vertex -6.9282 -4 0
      vertex -2.16182 -1.44448 0
      vertex -6.65176 -4.44456 0
    endloop
  endfacet
  facet normal 0 0 -1
    outer loop
      vertex -1.83848 1.83848 0
      vertex -5.65685 5.65685 0
      vertex -5.27477 6.01472 0
    endloop
  endfacet
  facet normal -0 0 -1
    outer loop
      vertex -2.16182 -1.44448 0
      vertex -6.9282 -4 0
      vertex -2.40209 -0.994976 0
    endloop
  endfacet
  facet normal 0 0 -1
    outer loop
      vertex -1.83848 1.83848 0
      vertex -6.01472 5.27477 0
      vertex -5.65685 5.65685 0
    endloop
  endfacet
  facet normal 0 0 -1
    outer loop
      vertex -7.17498 -3.53831 0
      vertex -2.40209 -0.994976 0
      vertex -6.9282 -4 0
    endloop
  endfacet
  facet normal 0 0 -1
    outer loop
      vertex -2.16182 1.44448 0
      vertex -6.34683 4.87009 0
      vertex -6.01472 5.27477 0
    endloop
  endfacet
  facet normal 0 0 -1
    outer loop
      vertex -7.39104 -3.06147 0
      vertex -2.40209 -0.994976 0
      vertex -7.17498 -3.53831 0
    endloop
  endfacet
  facet normal 0 0 -1
    outer loop
      vertex -2.16182 1.44448 0
      vertex -6.65176 4.44456 0
      vertex -6.34683 4.87009 0
    endloop
  endfacet
  facet normal 0 0 -1
    outer loop
      vertex -7.57544 -2.57152 0
      vertex -2.40209 -0.994976 0
      vertex -7.39104 -3.06147 0
    endloop
  endfacet
  facet normal 0 0 -1
    outer loop
      vertex -2.16182 1.44448 0
      vertex -6.9282 4 0
      vertex -6.65176 4.44456 0
    endloop
  endfacet
  facet normal -0 0 -1
    outer loop
      vertex -2.40209 -0.994976 0
      vertex -7.57544 -2.57152 0
      vertex -2.55004 -0.507235 0
    endloop
  endfacet
  facet normal 0 0 -1
    outer loop
      vertex -2.40209 0.994976 0
      vertex -7.17498 3.53831 0
      vertex -6.9282 4 0
    endloop
  endfacet
  facet normal 0 0 -1
    outer loop
      vertex -7.72741 -2.07055 0
      vertex -2.55004 -0.507235 0
      vertex -7.57544 -2.57152 0
    endloop
  endfacet
  facet normal 0 0 -1
    outer loop
      vertex -2.40209 0.994976 0
      vertex -7.39104 3.06147 0
      vertex -7.17498 3.53831 0
    endloop
  endfacet
  facet normal 0 0 -1
    outer loop
      vertex -7.84628 -1.56072 0
      vertex -2.55004 -0.507235 0
      vertex -7.72741 -2.07055 0
    endloop
  endfacet
  facet normal 0 0 -1
    outer loop
      vertex -2.40209 0.994976 0
      vertex -7.57544 2.57152 0
      vertex -7.39104 3.06147 0
    endloop
  endfacet
  facet normal 0 0 -1
    outer loop
      vertex -7.93156 -1.04421 0
      vertex -2.55004 -0.507235 0
      vertex -7.84628 -1.56072 0
    endloop
  endfacet
  facet normal 0 0 -1
    outer loop
      vertex -2.55004 0.507235 0
      vertex -7.72741 2.07055 0
      vertex -7.57544 2.57152 0
    endloop
  endfacet
  facet normal -0 0 -1
    outer loop
      vertex -2.55004 -0.507235 0
      vertex -7.93156 -1.04421 0
      vertex -2.6 0 0
    endloop
  endfacet
  facet normal 0 0 -1
    outer loop
      vertex -2.55004 0.507235 0
      vertex -7.84628 1.56072 0
      vertex -7.72741 2.07055 0
    endloop
  endfacet
  facet normal 0 0 -1
    outer loop
      vertex -7.98287 -0.523225 0
      vertex -2.6 0 0
      vertex -7.93156 -1.04421 0
    endloop
  endfacet
  facet normal 0 0 -1
    outer loop
      vertex -2.55004 0.507235 0
      vertex -7.93156 1.04421 0
      vertex -7.84628 1.56072 0
    endloop
  endfacet
  facet normal 0 0 -1
    outer loop
      vertex -8 0 0
      vertex -2.6 0 0
      vertex -7.98287 -0.523225 0
    endloop
  endfacet
  facet normal 0 0 -1
    outer loop
      vertex -2.6 0 0
      vertex -7.98287 0.523225 0
      vertex -7.93156 1.04421 0
    endloop
  endfacet
  facet normal 0 0 -1
    outer loop
      vertex -2.6 0 0
      vertex -8 0 0
      vertex -7.98287 0.523225 0
    endloop
  endfacet
  facet normal -0.514417 0.0168405 -0.857375
    outer loop
      vertex -8.98073 0.588628 0.599991
      vertex -8 0 0
      vertex -9 0 0.599991
    endloop
  endfacet
  facet normal -0.514417 0.0168416 -0.857375
    outer loop
      vertex -7.98287 0.523225 0
      vertex -8 0 0
      vertex -8.98073 0.588628 0.599991
    endloop
  endfacet
  facet normal -0.909495 0.089575 -0.40595
    outer loop
      vertex -9.31958 1.22694 1.5
      vertex -8.98073 0.588628 0.599991
      vertex -9.37987 0.614789 1.5
    endloop
  endfacet
  facet normal -0.909492 0.0895818 -0.405954
    outer loop
      vertex -8.923 1.17474 0.599991
      vertex -8.98073 0.588628 0.599991
      vertex -9.31958 1.22694 1.5
    endloop
  endfacet
  facet normal -0.777284 0.0764963 -0.624481
    outer loop
      vertex -10.9059 1.43579 3.5
      vertex -9.37987 0.614789 1.5
      vertex -10.9764 0.719434 3.5
    endloop
  endfacet
  facet normal -0.77727 0.0765523 -0.624493
    outer loop
      vertex -9.31958 1.22694 1.5
      vertex -9.37987 0.614789 1.5
      vertex -10.9059 1.43579 3.5
    endloop
  endfacet
  facet normal -0.995192 0.0979416 0
    outer loop
      vertex -10.9764 0.719434 3.5
      vertex -10.9059 1.43579 7.5
      vertex -10.9059 1.43579 3.5
    endloop
  endfacet
  facet normal -0.995192 0.0979416 0
    outer loop
      vertex -10.9059 1.43579 7.5
      vertex -10.9764 0.719434 3.5
      vertex -10.9764 0.719434 7.5
    endloop
  endfacet
  facet normal -0.703915 0.0692809 0.706897
    outer loop
      vertex -10.4775 0.686732 8
      vertex -10.4102 1.37052 8
      vertex -10.9764 0.719434 7.5
    endloop
  endfacet
  facet normal -0.703912 0.0692753 0.706901
    outer loop
      vertex -10.4102 1.37052 8
      vertex -10.9059 1.43579 7.5
      vertex -10.9764 0.719434 7.5
    endloop
  endfacet
  facet normal -0.512214 0.0504513 -0.857375
    outer loop
      vertex -8.923 1.17474 0.599991
      vertex -7.98287 0.523225 0
      vertex -8.98073 0.588628 0.599991
    endloop
  endfacet
  facet normal -0.512216 0.0504464 -0.857374
    outer loop
      vertex -7.93156 1.04421 0
      vertex -7.98287 0.523225 0
      vertex -8.923 1.17474 0.599991
    endloop
  endfacet
  facet normal -0.901687 0.148867 -0.405954
    outer loop
      vertex -9.21938 1.83385 1.5
      vertex -8.923 1.17474 0.599991
      vertex -9.31958 1.22694 1.5
    endloop
  endfacet
  facet normal -0.90169 0.148862 -0.40595
    outer loop
      vertex -8.82707 1.75581 0.599991
      vertex -8.923 1.17474 0.599991
      vertex -9.21938 1.83385 1.5
    endloop
  endfacet
  facet normal -0.770591 0.127274 -0.624493
    outer loop
      vertex -10.7886 2.14599 3.5
      vertex -9.31958 1.22694 1.5
      vertex -10.9059 1.43579 3.5
    endloop
  endfacet
  facet normal -0.770607 0.127226 -0.624482
    outer loop
      vertex -9.21938 1.83385 1.5
      vertex -9.31958 1.22694 1.5
      vertex -10.7886 2.14599 3.5
    endloop
  endfacet
  facet normal -0.986633 0.162957 0
    outer loop
      vertex -10.9059 1.43579 3.5
      vertex -10.7886 2.14599 7.5
      vertex -10.7886 2.14599 3.5
    endloop
  endfacet
  facet normal -0.986633 0.162957 0
    outer loop
      vertex -10.7886 2.14599 7.5
      vertex -10.9059 1.43579 3.5
      vertex -10.9059 1.43579 7.5
    endloop
  endfacet
  facet normal -0.697853 0.115291 0.706901
    outer loop
      vertex -10.4102 1.37052 8
      vertex -10.2982 2.04845 8
      vertex -10.9059 1.43579 7.5
    endloop
  endfacet
  facet normal -0.697837 0.115258 0.706923
    outer loop
      vertex -10.2982 2.04845 8
      vertex -10.7886 2.14599 7.5
      vertex -10.9059 1.43579 7.5
    endloop
  endfacet
  facet normal -0.50782 0.0838371 -0.857374
    outer loop
      vertex -8.82707 1.75581 0.599991
      vertex -7.93156 1.04421 0
      vertex -8.923 1.17474 0.599991
    endloop
  endfacet
  facet normal -0.507816 0.0838445 -0.857376
    outer loop
      vertex -7.84628 1.56072 0
      vertex -7.93156 1.04421 0
      vertex -8.82707 1.75581 0.599991
    endloop
  endfacet
  facet normal -0.890021 0.207525 -0.405951
    outer loop
      vertex -9.0797 2.4329 1.5
      vertex -8.82707 1.75581 0.599991
      vertex -9.21938 1.83385 1.5
    endloop
  endfacet
  facet normal -0.890018 0.20753 -0.405954
    outer loop
      vertex -8.69333 2.32937 0.599991
      vertex -8.82707 1.75581 0.599991
      vertex -9.0797 2.4329 1.5
    endloop
  endfacet
  facet normal -0.760648 0.177299 -0.624483
    outer loop
      vertex -10.6252 2.84701 3.5
      vertex -9.21938 1.83385 1.5
      vertex -10.7886 2.14599 3.5
    endloop
  endfacet
  facet normal -0.760625 0.177354 -0.624495
    outer loop
      vertex -9.0797 2.4329 1.5
      vertex -9.21938 1.83385 1.5
      vertex -10.6252 2.84701 3.5
    endloop
  endfacet
  facet normal -0.973894 0.227004 0
    outer loop
      vertex -10.7886 2.14599 3.5
      vertex -10.6252 2.84701 7.5
      vertex -10.6252 2.84701 3.5
    endloop
  endfacet
  facet normal -0.973894 0.227004 0
    outer loop
      vertex -10.6252 2.84701 7.5
      vertex -10.7886 2.14599 3.5
      vertex -10.7886 2.14599 7.5
    endloop
  endfacet
  facet normal -0.68882 0.160586 0.706922
    outer loop
      vertex -10.2982 2.04845 8
      vertex -10.1422 2.7176 8
      vertex -10.7886 2.14599 7.5
    endloop
  endfacet
  facet normal -0.688807 0.160553 0.706942
    outer loop
      vertex -10.1422 2.7176 8
      vertex -10.6252 2.84701 7.5
      vertex -10.7886 2.14599 7.5
    endloop
  endfacet
  facet normal -0.501245 0.116878 -0.857376
    outer loop
      vertex -8.69333 2.32937 0.599991
      vertex -7.84628 1.56072 0
      vertex -8.82707 1.75581 0.599991
    endloop
  endfacet
  facet normal -0.501251 0.11687 -0.857373
    outer loop
      vertex -7.72741 2.07055 0
      vertex -7.84628 1.56072 0
      vertex -8.69333 2.32937 0.599991
    endloop
  endfacet
  facet normal -0.874541 0.265291 -0.405954
    outer loop
      vertex -8.90114 3.02153 1.5
      vertex -8.69333 2.32937 0.599991
      vertex -9.0797 2.4329 1.5
    endloop
  endfacet
  facet normal -0.874542 0.265289 -0.405953
    outer loop
      vertex -8.52237 2.89295 0.599991
      vertex -8.69333 2.32937 0.599991
      vertex -8.90114 3.02153 1.5
    endloop
  endfacet
  facet normal -0.747384 0.226769 -0.624494
    outer loop
      vertex -10.4162 3.53583 3.5
      vertex -9.0797 2.4329 1.5
      vertex -10.6252 2.84701 3.5
    endloop
  endfacet
  facet normal -0.747406 0.226724 -0.624484
    outer loop
      vertex -8.90114 3.02153 1.5
      vertex -9.0797 2.4329 1.5
      vertex -10.4162 3.53583 3.5
    endloop
  endfacet
  facet normal -0.956922 0.290347 0
    outer loop
      vertex -10.6252 2.84701 3.5
      vertex -10.4162 3.53583 7.5
      vertex -10.4162 3.53583 3.5
    endloop
  endfacet
  facet normal -0.956922 0.290347 0
    outer loop
      vertex -10.4162 3.53583 7.5
      vertex -10.6252 2.84701 3.5
      vertex -10.6252 2.84701 7.5
    endloop
  endfacet
  facet normal -0.676822 0.205288 0.706943
    outer loop
      vertex -10.1422 2.7176 8
      vertex -9.94277 3.37511 8
      vertex -10.6252 2.84701 7.5
    endloop
  endfacet
  facet normal -0.676849 0.205368 0.706894
    outer loop
      vertex -9.94277 3.37511 8
      vertex -10.4162 3.53583 7.5
      vertex -10.6252 2.84701 7.5
    endloop
  endfacet
  facet normal -0.492532 0.149408 -0.857374
    outer loop
      vertex -8.52237 2.89295 0.599991
      vertex -7.72741 2.07055 0
      vertex -8.69333 2.32937 0.599991
    endloop
  endfacet
  facet normal -0.492531 0.14941 -0.857374
    outer loop
      vertex -7.57544 2.57152 0
      vertex -7.72741 2.07055 0
      vertex -8.52237 2.89295 0.599991
    endloop
  endfacet
  facet normal -0.855316 0.321927 -0.405953
    outer loop
      vertex -8.68446 3.59722 1.5
      vertex -8.52237 2.89295 0.599991
      vertex -8.90114 3.02153 1.5
    endloop
  endfacet
  facet normal -0.855327 0.321911 -0.405943
    outer loop
      vertex -8.31492 3.44415 0.599991
      vertex -8.52237 2.89295 0.599991
      vertex -8.68446 3.59722 1.5
    endloop
  endfacet
  facet normal -0.730998 0.275064 -0.624485
    outer loop
      vertex -10.1627 4.20952 3.5
      vertex -8.90114 3.02153 1.5
      vertex -10.4162 3.53583 3.5
    endloop
  endfacet
  facet normal -0.730964 0.275123 -0.624499
    outer loop
      vertex -8.68446 3.59722 1.5
      vertex -8.90114 3.02153 1.5
      vertex -10.1627 4.20952 3.5
    endloop
  endfacet
  facet normal -0.935933 0.352178 0
    outer loop
      vertex -10.4162 3.53583 3.5
      vertex -10.1627 4.20952 7.5
      vertex -10.1627 4.20952 3.5
    endloop
  endfacet
  facet normal -0.935933 0.352178 0
    outer loop
      vertex -10.1627 4.20952 7.5
      vertex -10.4162 3.53583 3.5
      vertex -10.4162 3.53583 7.5
    endloop
  endfacet
  facet normal -0.661982 0.249158 0.706894
    outer loop
      vertex -9.94277 3.37511 8
      vertex -9.70073 4.01818 8
      vertex -10.4162 3.53583 7.5
    endloop
  endfacet
  facet normal -0.661964 0.249088 0.706936
    outer loop
      vertex -9.70073 4.01818 8
      vertex -10.1627 4.20952 7.5
      vertex -10.4162 3.53583 7.5
    endloop
  endfacet
  facet normal -0.481707 0.181296 -0.857374
    outer loop
      vertex -8.31492 3.44415 0.599991
      vertex -7.57544 2.57152 0
      vertex -8.52237 2.89295 0.599991
    endloop
  endfacet
  facet normal -0.481706 0.181297 -0.857375
    outer loop
      vertex -7.39104 3.06147 0
      vertex -7.57544 2.57152 0
      vertex -8.31492 3.44415 0.599991
    endloop
  endfacet
  facet normal -0.832439 0.377167 -0.405943
    outer loop
      vertex -8.4306 4.15751 1.5
      vertex -8.31492 3.44415 0.599991
      vertex -8.68446 3.59722 1.5
    endloop
  endfacet
  facet normal -0.832429 0.37718 -0.405952
    outer loop
      vertex -8.07185 3.9806 0.599991
      vertex -8.31492 3.44415 0.599991
      vertex -8.4306 4.15751 1.5
    endloop
  endfacet
  facet normal -0.711398 0.322357 -0.624498
    outer loop
      vertex -9.8656 4.86518 3.5
      vertex -8.68446 3.59722 1.5
      vertex -10.1627 4.20952 3.5
    endloop
  endfacet
  facet normal -0.711415 0.322333 -0.624493
    outer loop
      vertex -8.4306 4.15751 1.5
      vertex -8.68446 3.59722 1.5
      vertex -9.8656 4.86518 3.5
    endloop
  endfacet
  facet normal -0.910851 0.412735 0
    outer loop
      vertex -10.1627 4.20952 3.5
      vertex -9.8656 4.86518 7.5
      vertex -9.8656 4.86518 3.5
    endloop
  endfacet
  facet normal -0.910851 0.412735 0
    outer loop
      vertex -9.8656 4.86518 7.5
      vertex -10.1627 4.20952 3.5
      vertex -10.1627 4.20952 7.5
    endloop
  endfacet
  facet normal -0.644233 0.291899 0.706936
    outer loop
      vertex -9.70073 4.01818 8
      vertex -9.41716 4.64403 8
      vertex -10.1627 4.20952 7.5
    endloop
  endfacet
  facet normal -0.644237 0.291924 0.706922
    outer loop
      vertex -9.41716 4.64403 8
      vertex -9.8656 4.86518 7.5
      vertex -10.1627 4.20952 7.5
    endloop
  endfacet
  facet normal -0.468813 0.212423 -0.857374
    outer loop
      vertex -8.07185 3.9806 0.599991
      vertex -7.39104 3.06147 0
      vertex -8.31492 3.44415 0.599991
    endloop
  endfacet
  facet normal -0.468813 0.212423 -0.857374
    outer loop
      vertex -7.17498 3.53831 0
      vertex -7.39104 3.06147 0
      vertex -8.07185 3.9806 0.599991
    endloop
  endfacet
  facet normal -0.805981 0.43081 -0.405952
    outer loop
      vertex -8.14063 4.7 1.5
      vertex -8.07185 3.9806 0.599991
      vertex -8.4306 4.15751 1.5
    endloop
  endfacet
  facet normal -0.805989 0.430802 -0.405946
    outer loop
      vertex -7.79423 4.5 0.599991
      vertex -8.07185 3.9806 0.599991
      vertex -8.14063 4.7 1.5
    endloop
  endfacet
  facet normal -0.688807 0.368177 -0.624493
    outer loop
      vertex -9.52628 5.5 3.5
      vertex -8.4306 4.15751 1.5
      vertex -9.8656 4.86518 3.5
    endloop
  endfacet
  facet normal -0.688806 0.368178 -0.624493
    outer loop
      vertex -8.14063 4.7 1.5
      vertex -8.4306 4.15751 1.5
      vertex -9.52628 5.5 3.5
    endloop
  endfacet
  facet normal -0.88192 0.471399 0
    outer loop
      vertex -9.8656 4.86518 3.5
      vertex -9.52628 5.5 7.5
      vertex -9.52628 5.5 3.5
    endloop
  endfacet
  facet normal -0.88192 0.471399 0
    outer loop
      vertex -9.52628 5.5 7.5
      vertex -9.8656 4.86518 3.5
      vertex -9.8656 4.86518 7.5
    endloop
  endfacet
  facet normal -0.623779 0.333409 0.706922
    outer loop
      vertex -9.41716 4.64403 8
      vertex -9.09327 5.25 8
      vertex -9.8656 4.86518 7.5
    endloop
  endfacet
  facet normal -0.62378 0.333419 0.706916
    outer loop
      vertex -9.09327 5.25 8
      vertex -9.52628 5.5 7.5
      vertex -9.8656 4.86518 7.5
    endloop
  endfacet
  facet normal -0.453921 0.242621 -0.857374
    outer loop
      vertex -7.79423 4.5 0.599991
      vertex -7.17498 3.53831 0
      vertex -8.07185 3.9806 0.599991
    endloop
  endfacet
  facet normal -0.453916 0.242625 -0.857376
    outer loop
      vertex -6.9282 4 0
      vertex -7.17498 3.53831 0
      vertex -7.79423 4.5 0.599991
    endloop
  endfacet
  facet normal -0.776086 0.482595 -0.405946
    outer loop
      vertex -7.81581 5.22236 1.5
      vertex -7.79423 4.5 0.599991
      vertex -8.14063 4.7 1.5
    endloop
  endfacet
  facet normal -0.776083 0.482598 -0.405949
    outer loop
      vertex -7.48323 5.00013 0.599991
      vertex -7.79423 4.5 0.599991
      vertex -7.81581 5.22236 1.5
    endloop
  endfacet
  facet normal -0.663249 0.412443 -0.624493
    outer loop
      vertex -9.14616 6.11127 3.5
      vertex -8.14063 4.7 1.5
      vertex -9.52628 5.5 3.5
    endloop
  endfacet
  facet normal -0.663257 0.412434 -0.62449
    outer loop
      vertex -7.81581 5.22236 1.5
      vertex -8.14063 4.7 1.5
      vertex -9.14616 6.11127 3.5
    endloop
  endfacet
  facet normal -0.849197 0.528076 0
    outer loop
      vertex -9.52628 5.5 3.5
      vertex -9.14616 6.11127 7.5
      vertex -9.14616 6.11127 3.5
    endloop
  endfacet
  facet normal -0.849197 0.528076 0
    outer loop
      vertex -9.14616 6.11127 7.5
      vertex -9.52628 5.5 3.5
      vertex -9.52628 5.5 7.5
    endloop
  endfacet
  facet normal -0.600638 0.373503 0.706916
    outer loop
      vertex -9.09327 5.25 8
      vertex -8.73043 5.83349 8
      vertex -9.52628 5.5 7.5
    endloop
  endfacet
  facet normal -0.600638 0.373508 0.706913
    outer loop
      vertex -8.73043 5.83349 8
      vertex -9.14616 6.11127 7.5
      vertex -9.52628 5.5 7.5
    endloop
  endfacet
  facet normal -0.437077 0.271791 -0.857376
    outer loop
      vertex -7.48323 5.00013 0.599991
      vertex -6.9282 4 0
      vertex -7.79423 4.5 0.599991
    endloop
  endfacet
  facet normal -0.43708 0.271789 -0.857375
    outer loop
      vertex -6.65176 4.44456 0
      vertex -6.9282 4 0
      vertex -7.48323 5.00013 0.599991
    endloop
  endfacet
  facet normal -0.742856 0.532326 -0.405949
    outer loop
      vertex -7.45752 5.72235 1.5
      vertex -7.48323 5.00013 0.599991
      vertex -7.81581 5.22236 1.5
    endloop
  endfacet
  facet normal -0.742854 0.532328 -0.40595
    outer loop
      vertex -7.45752 5.72235 1.5
      vertex -7.14018 5.47885 0.599991
      vertex -7.48323 5.00013 0.599991
    endloop
  endfacet
  facet normal -0.634863 0.454929 -0.624491
    outer loop
      vertex -8.72689 6.69637 3.5
      vertex -7.81581 5.22236 1.5
      vertex -9.14616 6.11127 3.5
    endloop
  endfacet
  facet normal -0.634857 0.454935 -0.624492
    outer loop
      vertex -7.45752 5.72235 1.5
      vertex -7.81581 5.22236 1.5
      vertex -8.72689 6.69637 3.5
    endloop
  endfacet
  facet normal -0.812851 0.582472 0
    outer loop
      vertex -9.14616 6.11127 3.5
      vertex -8.72689 6.69637 7.5
      vertex -8.72689 6.69637 3.5
    endloop
  endfacet
  facet normal -0.812851 0.582472 0
    outer loop
      vertex -8.72689 6.69637 7.5
      vertex -9.14616 6.11127 3.5
      vertex -9.14616 6.11127 7.5
    endloop
  endfacet
  facet normal -0.574925 0.41199 0.706912
    outer loop
      vertex -8.73043 5.83349 8
      vertex -8.33021 6.39199 8
      vertex -9.14616 6.11127 7.5
    endloop
  endfacet
  facet normal -0.574925 0.411979 0.706919
    outer loop
      vertex -8.33021 6.39199 8
      vertex -8.72689 6.69637 7.5
      vertex -9.14616 6.11127 7.5
    endloop
  endfacet
  facet normal -0.418365 0.299799 -0.857375
    outer loop
      vertex -7.14018 5.47885 0.599991
      vertex -6.65176 4.44456 0
      vertex -7.48323 5.00013 0.599991
    endloop
  endfacet
  facet normal -0.418368 0.299797 -0.857374
    outer loop
      vertex -6.34683 4.87009 0
      vertex -6.65176 4.44456 0
      vertex -7.14018 5.47885 0.599991
    endloop
  endfacet
  facet normal -0.706453 0.579767 -0.40595
    outer loop
      vertex -7.06729 6.19785 1.5
      vertex -7.14018 5.47885 0.599991
      vertex -7.45752 5.72235 1.5
    endloop
  endfacet
  facet normal -0.706452 0.579767 -0.40595
    outer loop
      vertex -7.06729 6.19785 1.5
      vertex -6.76656 5.93411 0.599991
      vertex -7.14018 5.47885 0.599991
    endloop
  endfacet
  facet normal -0.603745 0.495481 -0.624492
    outer loop
      vertex -8.27024 7.2528 3.5
      vertex -7.45752 5.72235 1.5
      vertex -8.72689 6.69637 3.5
    endloop
  endfacet
  facet normal -0.603747 0.495479 -0.624492
    outer loop
      vertex -7.06729 6.19785 1.5
      vertex -7.45752 5.72235 1.5
      vertex -8.27024 7.2528 3.5
    endloop
  endfacet
  facet normal -0.773011 0.634393 0
    outer loop
      vertex -8.72689 6.69637 3.5
      vertex -8.27024 7.2528 7.5
      vertex -8.27024 7.2528 3.5
    endloop
  endfacet
  facet normal -0.773011 0.634393 0
    outer loop
      vertex -8.27024 7.2528 7.5
      vertex -8.72689 6.69637 3.5
      vertex -8.72689 6.69637 7.5
    endloop
  endfacet
  facet normal -0.546749 0.4487 0.706919
    outer loop
      vertex -8.33021 6.39199 8
      vertex -7.89432 6.92313 8
      vertex -8.72689 6.69637 7.5
    endloop
  endfacet
  facet normal -0.546748 0.448705 0.706916
    outer loop
      vertex -7.89432 6.92313 8
      vertex -8.27024 7.2528 7.5
      vertex -8.72689 6.69637 7.5
    endloop
  endfacet
  facet normal -0.397865 0.326517 -0.857374
    outer loop
      vertex -6.76656 5.93411 0.599991
      vertex -6.34683 4.87009 0
      vertex -7.14018 5.47885 0.599991
    endloop
  endfacet
  facet normal -0.397865 0.326517 -0.857374
    outer loop
      vertex -6.01472 5.27477 0
      vertex -6.34683 4.87009 0
      vertex -6.76656 5.93411 0.599991
    endloop
  endfacet
  facet normal -0.667017 0.624733 -0.405951
    outer loop
      vertex -6.6468 6.6468 1.5
      vertex -6.76656 5.93411 0.599991
      vertex -7.06729 6.19785 1.5
    endloop
  endfacet
  facet normal -0.667018 0.624733 -0.40595
    outer loop
      vertex -6.6468 6.6468 1.5
      vertex -6.36396 6.36396 0.599991
      vertex -6.76656 5.93411 0.599991
    endloop
  endfacet
  facet normal -0.570043 0.533911 -0.624492
    outer loop
      vertex -7.77817 7.77817 3.5
      vertex -7.06729 6.19785 1.5
      vertex -8.27024 7.2528 3.5
    endloop
  endfacet
  facet normal -0.570046 0.533909 -0.624491
    outer loop
      vertex -6.6468 6.6468 1.5
      vertex -7.06729 6.19785 1.5
      vertex -7.77817 7.77817 3.5
    endloop
  endfacet
  facet normal -0.729859 0.683598 0
    outer loop
      vertex -8.27024 7.2528 3.5
      vertex -7.77817 7.77817 7.5
      vertex -7.77817 7.77817 3.5
    endloop
  endfacet
  facet normal -0.729859 0.683598 0
    outer loop
      vertex -7.77817 7.77817 7.5
      vertex -8.27024 7.2528 3.5
      vertex -8.27024 7.2528 7.5
    endloop
  endfacet
  facet normal -0.516229 0.483505 0.706916
    outer loop
      vertex -7.89432 6.92313 8
      vertex -7.42462 7.42462 8
      vertex -8.27024 7.2528 7.5
    endloop
  endfacet
  facet normal -0.516229 0.483508 0.706914
    outer loop
      vertex -7.42462 7.42462 8
      vertex -7.77817 7.77817 7.5
      vertex -8.27024 7.2528 7.5
    endloop
  endfacet
  facet normal -0.375648 0.351845 -0.857376
    outer loop
      vertex -6.01472 5.27477 0
      vertex -6.36396 6.36396 0.599991
      vertex -5.65685 5.65685 0
    endloop
  endfacet
  facet normal -0.375656 0.351842 -0.857374
    outer loop
      vertex -6.36396 6.36396 0.599991
      vertex -6.01472 5.27477 0
      vertex -6.76656 5.93411 0.599991
    endloop
  endfacet
  facet normal -0.624734 0.667017 -0.40595
    outer loop
      vertex -6.19785 7.06729 1.5
      vertex -6.36396 6.36396 0.599991
      vertex -6.6468 6.6468 1.5
    endloop
  endfacet
  facet normal -0.624733 0.667018 -0.405951
    outer loop
      vertex -6.19785 7.06729 1.5
      vertex -5.93411 6.76656 0.599991
      vertex -6.36396 6.36396 0.599991
    endloop
  endfacet
  facet normal -0.533912 0.570043 -0.624491
    outer loop
      vertex -7.2528 8.27024 3.5
      vertex -6.6468 6.6468 1.5
      vertex -7.77817 7.77817 3.5
    endloop
  endfacet
  facet normal -0.533909 0.570045 -0.624492
    outer loop
      vertex -6.19785 7.06729 1.5
      vertex -6.6468 6.6468 1.5
      vertex -7.2528 8.27024 3.5
    endloop
  endfacet
  facet normal -0.683598 0.729859 0
    outer loop
      vertex -7.2528 8.27024 3.5
      vertex -7.77817 7.77817 7.5
      vertex -7.2528 8.27024 7.5
    endloop
  endfacet
  facet normal -0.683598 0.729859 0
    outer loop
      vertex -7.77817 7.77817 7.5
      vertex -7.2528 8.27024 3.5
      vertex -7.77817 7.77817 3.5
    endloop
  endfacet
  facet normal -0.483506 0.516231 0.706914
    outer loop
      vertex -7.42462 7.42462 8
      vertex -6.92313 7.89432 8
      vertex -7.77817 7.77817 7.5
    endloop
  endfacet
  facet normal -0.483507 0.516227 0.706916
    outer loop
      vertex -6.92313 7.89432 8
      vertex -7.2528 8.27024 7.5
      vertex -7.77817 7.77817 7.5
    endloop
  endfacet
  facet normal -0.351848 0.375651 -0.857374
    outer loop
      vertex -5.65685 5.65685 0
      vertex -5.93411 6.76656 0.599991
      vertex -5.27477 6.01472 0
    endloop
  endfacet
  facet normal -0.351839 0.375654 -0.857376
    outer loop
      vertex -5.93411 6.76656 0.599991
      vertex -5.65685 5.65685 0
      vertex -6.36396 6.36396 0.599991
    endloop
  endfacet
  facet normal -0.579766 0.706452 -0.40595
    outer loop
      vertex -5.72235 7.45752 1.5
      vertex -5.93411 6.76656 0.599991
      vertex -6.19785 7.06729 1.5
    endloop
  endfacet
  facet normal -0.579767 0.706452 -0.40595
    outer loop
      vertex -5.72235 7.45752 1.5
      vertex -5.47885 7.14018 0.599991
      vertex -5.93411 6.76656 0.599991
    endloop
  endfacet
  facet normal -0.495481 0.603746 -0.624492
    outer loop
      vertex -6.69637 8.72689 3.5
      vertex -6.19785 7.06729 1.5
      vertex -7.2528 8.27024 3.5
    endloop
  endfacet
  facet normal -0.495479 0.603747 -0.624492
    outer loop
      vertex -5.72235 7.45752 1.5
      vertex -6.19785 7.06729 1.5
      vertex -6.69637 8.72689 3.5
    endloop
  endfacet
  facet normal -0.634393 0.773011 0
    outer loop
      vertex -6.69637 8.72689 3.5
      vertex -7.2528 8.27024 7.5
      vertex -6.69637 8.72689 7.5
    endloop
  endfacet
  facet normal -0.634393 0.773011 0
    outer loop
      vertex -7.2528 8.27024 7.5
      vertex -6.69637 8.72689 3.5
      vertex -7.2528 8.27024 3.5
    endloop
  endfacet
  facet normal -0.448701 0.546751 0.706916
    outer loop
      vertex -6.92313 7.89432 8
      vertex -6.39199 8.33021 8
      vertex -7.2528 8.27024 7.5
    endloop
  endfacet
  facet normal -0.448703 0.546746 0.706919
    outer loop
      vertex -6.39199 8.33021 8
      vertex -6.69637 8.72689 7.5
      vertex -7.2528 8.27024 7.5
    endloop
  endfacet
  facet normal -0.326517 0.397865 -0.857374
    outer loop
      vertex -5.47885 7.14018 0.599991
      vertex -5.27477 6.01472 0
      vertex -5.93411 6.76656 0.599991
    endloop
  endfacet
  facet normal -0.326517 0.397865 -0.857374
    outer loop
      vertex -4.87009 6.34683 0
      vertex -5.27477 6.01472 0
      vertex -5.47885 7.14018 0.599991
    endloop
  endfacet
  facet normal -0.532326 0.742855 -0.40595
    outer loop
      vertex -5.22236 7.81581 1.5
      vertex -5.47885 7.14018 0.599991
      vertex -5.72235 7.45752 1.5
    endloop
  endfacet
  facet normal -0.532328 0.742854 -0.405949
    outer loop
      vertex -5.22236 7.81581 1.5
      vertex -5.00013 7.48323 0.599991
      vertex -5.47885 7.14018 0.599991
    endloop
  endfacet
  facet normal -0.454928 0.634862 -0.624492
    outer loop
      vertex -6.11127 9.14616 3.5
      vertex -5.72235 7.45752 1.5
      vertex -6.69637 8.72689 3.5
    endloop
  endfacet
  facet normal -0.454936 0.634858 -0.62449
    outer loop
      vertex -5.22236 7.81581 1.5
      vertex -5.72235 7.45752 1.5
      vertex -6.11127 9.14616 3.5
    endloop
  endfacet
  facet normal -0.582472 0.812851 0
    outer loop
      vertex -6.11127 9.14616 3.5
      vertex -6.69637 8.72689 7.5
      vertex -6.11127 9.14616 7.5
    endloop
  endfacet
  facet normal -0.582472 0.812851 0
    outer loop
      vertex -6.69637 8.72689 7.5
      vertex -6.11127 9.14616 3.5
      vertex -6.69637 8.72689 3.5
    endloop
  endfacet
  facet normal -0.411986 0.57492 0.706919
    outer loop
      vertex -6.39199 8.33021 8
      vertex -5.83349 8.73043 8
      vertex -6.69637 8.72689 7.5
    endloop
  endfacet
  facet normal -0.411983 0.57493 0.706913
    outer loop
      vertex -5.83349 8.73043 8
      vertex -6.11127 9.14616 7.5
      vertex -6.69637 8.72689 7.5
    endloop
  endfacet
  facet normal -0.2998 0.418366 -0.857374
    outer loop
      vertex -5.00013 7.48323 0.599991
      vertex -4.87009 6.34683 0
      vertex -5.47885 7.14018 0.599991
    endloop
  endfacet
  facet normal -0.299797 0.418366 -0.857375
    outer loop
      vertex -4.44456 6.65176 0
      vertex -4.87009 6.34683 0
      vertex -5.00013 7.48323 0.599991
    endloop
  endfacet
  facet normal -0.482594 0.776085 -0.405949
    outer loop
      vertex -4.7 8.14063 1.5
      vertex -5.00013 7.48323 0.599991
      vertex -5.22236 7.81581 1.5
    endloop
  endfacet
  facet normal -0.482599 0.776084 -0.405946
    outer loop
      vertex -4.7 8.14063 1.5
      vertex -4.5 7.79423 0.599991
      vertex -5.00013 7.48323 0.599991
    endloop
  endfacet
  facet normal -0.412444 0.663251 -0.624491
    outer loop
      vertex -5.5 9.52628 3.5
      vertex -5.22236 7.81581 1.5
      vertex -6.11127 9.14616 3.5
    endloop
  endfacet
  facet normal -0.412433 0.663255 -0.624493
    outer loop
      vertex -4.7 8.14063 1.5
      vertex -5.22236 7.81581 1.5
      vertex -5.5 9.52628 3.5
    endloop
  endfacet
  facet normal -0.528076 0.849197 0
    outer loop
      vertex -5.5 9.52628 3.5
      vertex -6.11127 9.14616 7.5
      vertex -5.5 9.52628 7.5
    endloop
  endfacet
  facet normal -0.528076 0.849197 0
    outer loop
      vertex -6.11127 9.14616 7.5
      vertex -5.5 9.52628 3.5
      vertex -6.11127 9.14616 3.5
    endloop
  endfacet
  facet normal -0.373505 0.60064 0.706913
    outer loop
      vertex -5.83349 8.73043 8
      vertex -5.25 9.09327 8
      vertex -6.11127 9.14616 7.5
    endloop
  endfacet
  facet normal -0.373507 0.600635 0.706916
    outer loop
      vertex -5.25 9.09327 8
      vertex -5.5 9.52628 7.5
      vertex -6.11127 9.14616 7.5
    endloop
  endfacet
  facet normal -0.271792 0.437078 -0.857375
    outer loop
      vertex -4.5 7.79423 0.599991
      vertex -4.44456 6.65176 0
      vertex -5.00013 7.48323 0.599991
    endloop
  endfacet
  facet normal -0.271788 0.437079 -0.857376
    outer loop
      vertex -4 6.9282 0
      vertex -4.44456 6.65176 0
      vertex -4.5 7.79423 0.599991
    endloop
  endfacet
  facet normal -0.430812 0.805983 -0.405946
    outer loop
      vertex -4.15751 8.4306 1.5
      vertex -4.5 7.79423 0.599991
      vertex -4.7 8.14063 1.5
    endloop
  endfacet
  facet normal -0.430801 0.805986 -0.405952
    outer loop
      vertex -4.15751 8.4306 1.5
      vertex -3.9806 8.07185 0.599991
      vertex -4.5 7.79423 0.599991
    endloop
  endfacet
  facet normal -0.368177 0.688807 -0.624493
    outer loop
      vertex -4.86518 9.8656 3.5
      vertex -4.7 8.14063 1.5
      vertex -5.5 9.52628 3.5
    endloop
  endfacet
  facet normal -0.368178 0.688806 -0.624493
    outer loop
      vertex -4.15751 8.4306 1.5
      vertex -4.7 8.14063 1.5
      vertex -4.86518 9.8656 3.5
    endloop
  endfacet
  facet normal -0.471399 0.88192 0
    outer loop
      vertex -4.86518 9.8656 3.5
      vertex -5.5 9.52628 7.5
      vertex -4.86518 9.8656 7.5
    endloop
  endfacet
  facet normal -0.471399 0.88192 0
    outer loop
      vertex -5.5 9.52628 7.5
      vertex -4.86518 9.8656 3.5
      vertex -5.5 9.52628 3.5
    endloop
  endfacet
  facet normal -0.333412 0.623784 0.706916
    outer loop
      vertex -5.25 9.09327 8
      vertex -4.64403 9.41716 8
      vertex -5.5 9.52628 7.5
    endloop
  endfacet
  facet normal -0.333416 0.623775 0.706922
    outer loop
      vertex -4.64403 9.41716 8
      vertex -4.86518 9.8656 7.5
      vertex -5.5 9.52628 7.5
    endloop
  endfacet
  facet normal -0.24262 0.453919 -0.857376
    outer loop
      vertex -3.9806 8.07185 0.599991
      vertex -4 6.9282 0
      vertex -4.5 7.79423 0.599991
    endloop
  endfacet
  facet normal -0.242626 0.453918 -0.857374
    outer loop
      vertex -3.9806 8.07185 0.599991
      vertex -3.53831 7.17498 0
      vertex -4 6.9282 0
    endloop
  endfacet
  facet normal -0.377166 0.832436 -0.405952
    outer loop
      vertex -3.59722 8.68446 1.5
      vertex -3.9806 8.07185 0.599991
      vertex -4.15751 8.4306 1.5
    endloop
  endfacet
  facet normal -0.377182 0.832433 -0.405943
    outer loop
      vertex -3.59722 8.68446 1.5
      vertex -3.44415 8.31492 0.599991
      vertex -3.9806 8.07185 0.599991
    endloop
  endfacet
  facet normal -0.322359 0.711402 -0.624493
    outer loop
      vertex -4.20952 10.1627 3.5
      vertex -4.15751 8.4306 1.5
      vertex -4.86518 9.8656 3.5
    endloop
  endfacet
  facet normal -0.32233 0.71141 -0.624499
    outer loop
      vertex -3.59722 8.68446 1.5
      vertex -4.15751 8.4306 1.5
      vertex -4.20952 10.1627 3.5
    endloop
  endfacet
  facet normal -0.412735 0.910851 0
    outer loop
      vertex -4.20952 10.1627 3.5
      vertex -4.86518 9.8656 7.5
      vertex -4.20952 10.1627 7.5
    endloop
  endfacet
  facet normal -0.412735 0.910851 0
    outer loop
      vertex -4.86518 9.8656 7.5
      vertex -4.20952 10.1627 3.5
      vertex -4.86518 9.8656 3.5
    endloop
  endfacet
  facet normal -0.291905 0.644246 0.706921
    outer loop
      vertex -4.64403 9.41716 8
      vertex -4.01818 9.70073 8
      vertex -4.86518 9.8656 7.5
    endloop
  endfacet
  facet normal -0.291918 0.644224 0.706936
    outer loop
      vertex -4.01818 9.70073 8
      vertex -4.20952 10.1627 7.5
      vertex -4.86518 9.8656 7.5
    endloop
  endfacet
  facet normal -0.212423 0.468813 -0.857374
    outer loop
      vertex -3.44415 8.31492 0.599991
      vertex -3.53831 7.17498 0
      vertex -3.9806 8.07185 0.599991
    endloop
  endfacet
  facet normal -0.212423 0.468813 -0.857374
    outer loop
      vertex -3.44415 8.31492 0.599991
      vertex -3.06147 7.39104 0
      vertex -3.53831 7.17498 0
    endloop
  endfacet
  facet normal -0.321928 0.85532 -0.405943
    outer loop
      vertex -3.02153 8.90114 1.5
      vertex -3.44415 8.31492 0.599991
      vertex -3.59722 8.68446 1.5
    endloop
  endfacet
  facet normal -0.32191 0.855322 -0.405953
    outer loop
      vertex -3.02153 8.90114 1.5
      vertex -2.89295 8.52237 0.599991
      vertex -3.44415 8.31492 0.599991
    endloop
  endfacet
  facet normal -0.275061 0.730988 -0.624498
    outer loop
      vertex -3.53583 10.4162 3.5
      vertex -3.59722 8.68446 1.5
      vertex -4.20952 10.1627 3.5
    endloop
  endfacet
  facet normal -0.275127 0.730975 -0.624484
    outer loop
      vertex -3.53583 10.4162 3.5
      vertex -3.02153 8.90114 1.5
      vertex -3.59722 8.68446 1.5
    endloop
  endfacet
  facet normal -0.352178 0.935933 0
    outer loop
      vertex -3.53583 10.4162 3.5
      vertex -4.20952 10.1627 7.5
      vertex -3.53583 10.4162 7.5
    endloop
  endfacet
  facet normal -0.352178 0.935933 0
    outer loop
      vertex -4.20952 10.1627 7.5
      vertex -3.53583 10.4162 3.5
      vertex -4.20952 10.1627 3.5
    endloop
  endfacet
  facet normal -0.249143 0.661942 0.706937
    outer loop
      vertex -4.01818 9.70073 8
      vertex -3.37511 9.94277 8
      vertex -4.20952 10.1627 7.5
    endloop
  endfacet
  facet normal -0.249102 0.662003 0.706895
    outer loop
      vertex -3.37511 9.94277 8
      vertex -3.53583 10.4162 7.5
      vertex -4.20952 10.1627 7.5
    endloop
  endfacet
  facet normal -0.181295 0.481706 -0.857374
    outer loop
      vertex -2.89295 8.52237 0.599991
      vertex -3.06147 7.39104 0
      vertex -3.44415 8.31492 0.599991
    endloop
  endfacet
  facet normal -0.181297 0.481706 -0.857374
    outer loop
      vertex -2.89295 8.52237 0.599991
      vertex -2.57152 7.57544 0
      vertex -3.06147 7.39104 0
    endloop
  endfacet
  facet normal -0.265291 0.874542 -0.405953
    outer loop
      vertex -2.4329 9.0797 1.5
      vertex -2.89295 8.52237 0.599991
      vertex -3.02153 8.90114 1.5
    endloop
  endfacet
  facet normal -0.265289 0.874542 -0.405954
    outer loop
      vertex -2.4329 9.0797 1.5
      vertex -2.32937 8.69333 0.599991
      vertex -2.89295 8.52237 0.599991
    endloop
  endfacet
  facet normal -0.226771 0.747391 -0.624485
    outer loop
      vertex -2.84701 10.6252 3.5
      vertex -3.02153 8.90114 1.5
      vertex -3.53583 10.4162 3.5
    endloop
  endfacet
  facet normal -0.226722 0.747397 -0.624495
    outer loop
      vertex -2.84701 10.6252 3.5
      vertex -2.4329 9.0797 1.5
      vertex -3.02153 8.90114 1.5
    endloop
  endfacet
  facet normal -0.290347 0.956922 0
    outer loop
      vertex -2.84701 10.6252 3.5
      vertex -3.53583 10.4162 7.5
      vertex -2.84701 10.6252 7.5
    endloop
  endfacet
  facet normal -0.290347 0.956922 0
    outer loop
      vertex -3.53583 10.4162 7.5
      vertex -2.84701 10.6252 3.5
      vertex -3.53583 10.4162 3.5
    endloop
  endfacet
  facet normal -0.205302 0.67687 0.706893
    outer loop
      vertex -3.37511 9.94277 8
      vertex -2.7176 10.1422 8
      vertex -3.53583 10.4162 7.5
    endloop
  endfacet
  facet normal -0.205354 0.676803 0.706942
    outer loop
      vertex -2.7176 10.1422 8
      vertex -2.84701 10.6252 7.5
      vertex -3.53583 10.4162 7.5
    endloop
  endfacet
  facet normal -0.149408 0.492531 -0.857374
    outer loop
      vertex -2.32937 8.69333 0.599991
      vertex -2.57152 7.57544 0
      vertex -2.89295 8.52237 0.599991
    endloop
  endfacet
  facet normal -0.14941 0.492532 -0.857373
    outer loop
      vertex -2.32937 8.69333 0.599991
      vertex -2.07055 7.72741 0
      vertex -2.57152 7.57544 0
    endloop
  endfacet
  facet normal -0.207525 0.89002 -0.405954
    outer loop
      vertex -1.83385 9.21938 1.5
      vertex -2.32937 8.69333 0.599991
      vertex -2.4329 9.0797 1.5
    endloop
  endfacet
  facet normal -0.207531 0.89002 -0.405951
    outer loop
      vertex -1.83385 9.21938 1.5
      vertex -1.75581 8.82707 0.599991
      vertex -2.32937 8.69333 0.599991
    endloop
  endfacet
  facet normal -0.177297 0.76064 -0.624494
    outer loop
      vertex -2.14599 10.7886 3.5
      vertex -2.4329 9.0797 1.5
      vertex -2.84701 10.6252 3.5
    endloop
  endfacet
  facet normal -0.177357 0.760636 -0.624482
    outer loop
      vertex -2.14599 10.7886 3.5
      vertex -1.83385 9.21938 1.5
      vertex -2.4329 9.0797 1.5
    endloop
  endfacet
  facet normal -0.227004 0.973894 0
    outer loop
      vertex -2.14599 10.7886 3.5
      vertex -2.84701 10.6252 7.5
      vertex -2.14599 10.7886 7.5
    endloop
  endfacet
  facet normal -0.227004 0.973894 0
    outer loop
      vertex -2.84701 10.6252 7.5
      vertex -2.14599 10.7886 3.5
      vertex -2.84701 10.6252 3.5
    endloop
  endfacet
  facet normal -0.160581 0.6888 0.706943
    outer loop
      vertex -2.7176 10.1422 8
      vertex -2.04845 10.2982 8
      vertex -2.84701 10.6252 7.5
    endloop
  endfacet
  facet normal -0.160558 0.688826 0.706923
    outer loop
      vertex -2.04845 10.2982 8
      vertex -2.14599 10.7886 7.5
      vertex -2.84701 10.6252 7.5
    endloop
  endfacet
  facet normal -0.116879 0.501248 -0.857374
    outer loop
      vertex -1.75581 8.82707 0.599991
      vertex -2.07055 7.72741 0
      vertex -2.32937 8.69333 0.599991
    endloop
  endfacet
  facet normal -0.116869 0.501247 -0.857376
    outer loop
      vertex -1.75581 8.82707 0.599991
      vertex -1.56072 7.84628 0
      vertex -2.07055 7.72741 0
    endloop
  endfacet
  facet normal -0.148868 0.901689 -0.405951
    outer loop
      vertex -1.22694 9.31958 1.5
      vertex -1.75581 8.82707 0.599991
      vertex -1.83385 9.21938 1.5
    endloop
  endfacet
  facet normal -0.148862 0.901688 -0.405954
    outer loop
      vertex -1.22694 9.31958 1.5
      vertex -1.17474 8.923 0.599991
      vertex -1.75581 8.82707 0.599991
    endloop
  endfacet
  facet normal -0.127276 0.770598 -0.624483
    outer loop
      vertex -1.43579 10.9059 3.5
      vertex -1.83385 9.21938 1.5
      vertex -2.14599 10.7886 3.5
    endloop
  endfacet
  facet normal -0.127225 0.770598 -0.624493
    outer loop
      vertex -1.43579 10.9059 3.5
      vertex -1.22694 9.31958 1.5
      vertex -1.83385 9.21938 1.5
    endloop
  endfacet
  facet normal -0.162957 0.986633 0
    outer loop
      vertex -1.43579 10.9059 3.5
      vertex -2.14599 10.7886 7.5
      vertex -1.43579 10.9059 7.5
    endloop
  endfacet
  facet normal -0.162957 0.986633 0
    outer loop
      vertex -2.14599 10.7886 7.5
      vertex -1.43579 10.9059 3.5
      vertex -2.14599 10.7886 3.5
    endloop
  endfacet
  facet normal -0.115288 0.697831 0.706923
    outer loop
      vertex -2.04845 10.2982 8
      vertex -1.37052 10.4102 8
      vertex -2.14599 10.7886 7.5
    endloop
  endfacet
  facet normal -0.115261 0.697857 0.706902
    outer loop
      vertex -1.37052 10.4102 8
      vertex -1.43579 10.9059 7.5
      vertex -2.14599 10.7886 7.5
    endloop
  endfacet
  facet normal -0.0838366 0.507817 -0.857376
    outer loop
      vertex -1.17474 8.923 0.599991
      vertex -1.56072 7.84628 0
      vertex -1.75581 8.82707 0.599991
    endloop
  endfacet
  facet normal -0.0838451 0.507819 -0.857374
    outer loop
      vertex -1.17474 8.923 0.599991
      vertex -1.04421 7.93156 0
      vertex -1.56072 7.84628 0
    endloop
  endfacet
  facet normal -0.0895748 0.909493 -0.405954
    outer loop
      vertex -0.614789 9.37987 1.5
      vertex -1.17474 8.923 0.599991
      vertex -1.22694 9.31958 1.5
    endloop
  endfacet
  facet normal -0.089582 0.909494 -0.40595
    outer loop
      vertex -0.614789 9.37987 1.5
      vertex -0.588628 8.98073 0.599991
      vertex -1.17474 8.923 0.599991
    endloop
  endfacet
  facet normal -0.0764954 0.777276 -0.624492
    outer loop
      vertex -0.719434 10.9764 3.5
      vertex -1.22694 9.31958 1.5
      vertex -1.43579 10.9059 3.5
    endloop
  endfacet
  facet normal -0.0765533 0.77728 -0.624481
    outer loop
      vertex -0.719434 10.9764 3.5
      vertex -0.614789 9.37987 1.5
      vertex -1.22694 9.31958 1.5
    endloop
  endfacet
  facet normal -0.0979416 0.995192 0
    outer loop
      vertex -0.719434 10.9764 3.5
      vertex -1.43579 10.9059 7.5
      vertex -0.719434 10.9764 7.5
    endloop
  endfacet
  facet normal -0.0979416 0.995192 0
    outer loop
      vertex -1.43579 10.9059 7.5
      vertex -0.719434 10.9764 3.5
      vertex -1.43579 10.9059 3.5
    endloop
  endfacet
  facet normal -0.0692806 0.703911 0.706901
    outer loop
      vertex -1.37052 10.4102 8
      vertex -0.686732 10.4775 8
      vertex -1.43579 10.9059 7.5
    endloop
  endfacet
  facet normal -0.0692756 0.703915 0.706898
    outer loop
      vertex -0.686732 10.4775 8
      vertex -0.719434 10.9764 7.5
      vertex -1.43579 10.9059 7.5
    endloop
  endfacet
  facet normal -0.0504515 0.512216 -0.857374
    outer loop
      vertex -0.588628 8.98073 0.599991
      vertex -1.04421 7.93156 0
      vertex -1.17474 8.923 0.599991
    endloop
  endfacet
  facet normal -0.0504462 0.512214 -0.857375
    outer loop
      vertex -0.588628 8.98073 0.599991
      vertex -0.523225 7.98287 0
      vertex -1.04421 7.93156 0
    endloop
  endfacet
  facet normal -0.0298927 0.913406 -0.40595
    outer loop
      vertex 0 9.39999 1.5
      vertex -0.588628 8.98073 0.599991
      vertex -0.614789 9.37987 1.5
    endloop
  endfacet
  facet normal -0.0299024 0.913408 -0.405945
    outer loop
      vertex 0 9.39999 1.5
      vertex 0 9 0.599991
      vertex -0.588628 8.98073 0.599991
    endloop
  endfacet
  facet normal -0.0256071 0.78062 -0.624481
    outer loop
      vertex 0 11 3.5
      vertex -0.614789 9.37987 1.5
      vertex -0.719434 10.9764 3.5
    endloop
  endfacet
  facet normal -0.0255468 0.780612 -0.624494
    outer loop
      vertex 0 11 3.5
      vertex 0 9.39999 1.5
      vertex -0.614789 9.37987 1.5
    endloop
  endfacet
  facet normal -0.0327859 0.999462 0
    outer loop
      vertex 0 11 3.5
      vertex -0.719434 10.9764 7.5
      vertex 0 11 7.5
    endloop
  endfacet
  facet normal -0.0327859 0.999462 0
    outer loop
      vertex -0.719434 10.9764 7.5
      vertex 0 11 3.5
      vertex -0.719434 10.9764 3.5
    endloop
  endfacet
  facet normal -0.023162 0.706937 0.706897
    outer loop
      vertex -0.686732 10.4775 8
      vertex 0 10.5 8
      vertex -0.719434 10.9764 7.5
    endloop
  endfacet
  facet normal -0.0231894 0.706917 0.706917
    outer loop
      vertex 0 10.5 8
      vertex 0 11 7.5
      vertex -0.719434 10.9764 7.5
    endloop
  endfacet
  facet normal -0.0168405 0.514417 -0.857375
    outer loop
      vertex 0 9 0.599991
      vertex -0.523225 7.98287 0
      vertex -0.588628 8.98073 0.599991
    endloop
  endfacet
  facet normal -0.0168416 0.514417 -0.857375
    outer loop
      vertex 0 9 0.599991
      vertex 0 8 0
      vertex -0.523225 7.98287 0
    endloop
  endfacet
  facet normal 0.0298928 0.913408 -0.405945
    outer loop
      vertex 0 9.39999 1.5
      vertex 0.614789 9.37987 1.5
      vertex 0 9 0.599991
    endloop
  endfacet
  facet normal 0.0299023 0.913406 -0.40595
    outer loop
      vertex 0.614789 9.37987 1.5
      vertex 0.588628 8.98073 0.599991
      vertex 0 9 0.599991
    endloop
  endfacet
  facet normal 0.0256068 0.780611 -0.624493
    outer loop
      vertex 0 11 3.5
      vertex 0.719434 10.9764 3.5
      vertex 0 9.39999 1.5
    endloop
  endfacet
  facet normal 0.0255472 0.780623 -0.62448
    outer loop
      vertex 0.719434 10.9764 3.5
      vertex 0.614789 9.37987 1.5
      vertex 0 9.39999 1.5
    endloop
  endfacet
  facet normal 0.0327859 0.999462 -0
    outer loop
      vertex 0.719434 10.9764 3.5
      vertex 0 11 7.5
      vertex 0.719434 10.9764 7.5
    endloop
  endfacet
  facet normal 0.0327859 0.999462 0
    outer loop
      vertex 0 11 7.5
      vertex 0.719434 10.9764 3.5
      vertex 0 11 3.5
    endloop
  endfacet
  facet normal 0.0231613 0.706917 0.706917
    outer loop
      vertex 0.686732 10.4775 8
      vertex 0 11 7.5
      vertex 0 10.5 8
    endloop
  endfacet
  facet normal 0.02319 0.706936 0.706897
    outer loop
      vertex 0.686732 10.4775 8
      vertex 0.719434 10.9764 7.5
      vertex 0 11 7.5
    endloop
  endfacet
  facet normal 0.0168405 0.514417 -0.857375
    outer loop
      vertex 0 9 0.599991
      vertex 0.588628 8.98073 0.599991
      vertex 0 8 0
    endloop
  endfacet
  facet normal 0.0168416 0.514417 -0.857375
    outer loop
      vertex 0.588628 8.98073 0.599991
      vertex 0.523225 7.98287 0
      vertex 0 8 0
    endloop
  endfacet
  facet normal 0.089575 0.909495 -0.40595
    outer loop
      vertex 0.614789 9.37987 1.5
      vertex 1.22694 9.31958 1.5
      vertex 0.588628 8.98073 0.599991
    endloop
  endfacet
  facet normal 0.0895818 0.909492 -0.405954
    outer loop
      vertex 1.22694 9.31958 1.5
      vertex 1.17474 8.923 0.599991
      vertex 0.588628 8.98073 0.599991
    endloop
  endfacet
  facet normal 0.0764963 0.777284 -0.624481
    outer loop
      vertex 0.719434 10.9764 3.5
      vertex 1.43579 10.9059 3.5
      vertex 0.614789 9.37987 1.5
    endloop
  endfacet
  facet normal 0.0765523 0.77727 -0.624493
    outer loop
      vertex 1.43579 10.9059 3.5
      vertex 1.22694 9.31958 1.5
      vertex 0.614789 9.37987 1.5
    endloop
  endfacet
  facet normal 0.0979416 0.995192 -0
    outer loop
      vertex 1.43579 10.9059 3.5
      vertex 0.719434 10.9764 7.5
      vertex 1.43579 10.9059 7.5
    endloop
  endfacet
  facet normal 0.0979416 0.995192 0
    outer loop
      vertex 0.719434 10.9764 7.5
      vertex 1.43579 10.9059 3.5
      vertex 0.719434 10.9764 3.5
    endloop
  endfacet
  facet normal 0.0692809 0.703915 0.706897
    outer loop
      vertex 1.37052 10.4102 8
      vertex 0.719434 10.9764 7.5
      vertex 0.686732 10.4775 8
    endloop
  endfacet
  facet normal 0.0692753 0.703912 0.706901
    outer loop
      vertex 1.37052 10.4102 8
      vertex 1.43579 10.9059 7.5
      vertex 0.719434 10.9764 7.5
    endloop
  endfacet
  facet normal 0.0504513 0.512214 -0.857375
    outer loop
      vertex 0.588628 8.98073 0.599991
      vertex 1.17474 8.923 0.599991
      vertex 0.523225 7.98287 0
    endloop
  endfacet
  facet normal 0.0504464 0.512216 -0.857374
    outer loop
      vertex 1.17474 8.923 0.599991
      vertex 1.04421 7.93156 0
      vertex 0.523225 7.98287 0
    endloop
  endfacet
  facet normal 0.148867 0.901687 -0.405954
    outer loop
      vertex 1.22694 9.31958 1.5
      vertex 1.83385 9.21938 1.5
      vertex 1.17474 8.923 0.599991
    endloop
  endfacet
  facet normal 0.148862 0.90169 -0.40595
    outer loop
      vertex 1.83385 9.21938 1.5
      vertex 1.75581 8.82707 0.599991
      vertex 1.17474 8.923 0.599991
    endloop
  endfacet
  facet normal 0.127274 0.770591 -0.624493
    outer loop
      vertex 1.43579 10.9059 3.5
      vertex 2.14599 10.7886 3.5
      vertex 1.22694 9.31958 1.5
    endloop
  endfacet
  facet normal 0.127226 0.770607 -0.624482
    outer loop
      vertex 2.14599 10.7886 3.5
      vertex 1.83385 9.21938 1.5
      vertex 1.22694 9.31958 1.5
    endloop
  endfacet
  facet normal 0.162957 0.986633 -0
    outer loop
      vertex 2.14599 10.7886 3.5
      vertex 1.43579 10.9059 7.5
      vertex 2.14599 10.7886 7.5
    endloop
  endfacet
  facet normal 0.162957 0.986633 0
    outer loop
      vertex 1.43579 10.9059 7.5
      vertex 2.14599 10.7886 3.5
      vertex 1.43579 10.9059 3.5
    endloop
  endfacet
  facet normal 0.115291 0.697853 0.706901
    outer loop
      vertex 2.04845 10.2982 8
      vertex 1.43579 10.9059 7.5
      vertex 1.37052 10.4102 8
    endloop
  endfacet
  facet normal 0.115258 0.697837 0.706923
    outer loop
      vertex 2.04845 10.2982 8
      vertex 2.14599 10.7886 7.5
      vertex 1.43579 10.9059 7.5
    endloop
  endfacet
  facet normal 0.0838371 0.50782 -0.857374
    outer loop
      vertex 1.17474 8.923 0.599991
      vertex 1.75581 8.82707 0.599991
      vertex 1.04421 7.93156 0
    endloop
  endfacet
  facet normal 0.0838445 0.507816 -0.857376
    outer loop
      vertex 1.75581 8.82707 0.599991
      vertex 1.56072 7.84628 0
      vertex 1.04421 7.93156 0
    endloop
  endfacet
  facet normal 0.207525 0.890021 -0.405951
    outer loop
      vertex 1.83385 9.21938 1.5
      vertex 2.4329 9.0797 1.5
      vertex 1.75581 8.82707 0.599991
    endloop
  endfacet
  facet normal 0.20753 0.890018 -0.405954
    outer loop
      vertex 2.4329 9.0797 1.5
      vertex 2.32937 8.69333 0.599991
      vertex 1.75581 8.82707 0.599991
    endloop
  endfacet
  facet normal 0.177299 0.760648 -0.624483
    outer loop
      vertex 2.14599 10.7886 3.5
      vertex 2.84701 10.6252 3.5
      vertex 1.83385 9.21938 1.5
    endloop
  endfacet
  facet normal 0.177354 0.760625 -0.624495
    outer loop
      vertex 2.84701 10.6252 3.5
      vertex 2.4329 9.0797 1.5
      vertex 1.83385 9.21938 1.5
    endloop
  endfacet
  facet normal 0.227004 0.973894 -0
    outer loop
      vertex 2.84701 10.6252 3.5
      vertex 2.14599 10.7886 7.5
      vertex 2.84701 10.6252 7.5
    endloop
  endfacet
  facet normal 0.227004 0.973894 0
    outer loop
      vertex 2.14599 10.7886 7.5
      vertex 2.84701 10.6252 3.5
      vertex 2.14599 10.7886 3.5
    endloop
  endfacet
  facet normal 0.160586 0.68882 0.706922
    outer loop
      vertex 2.7176 10.1422 8
      vertex 2.14599 10.7886 7.5
      vertex 2.04845 10.2982 8
    endloop
  endfacet
  facet normal 0.160553 0.688807 0.706942
    outer loop
      vertex 2.7176 10.1422 8
      vertex 2.84701 10.6252 7.5
      vertex 2.14599 10.7886 7.5
    endloop
  endfacet
  facet normal 0.116878 0.501245 -0.857376
    outer loop
      vertex 1.75581 8.82707 0.599991
      vertex 2.32937 8.69333 0.599991
      vertex 1.56072 7.84628 0
    endloop
  endfacet
  facet normal 0.11687 0.501251 -0.857373
    outer loop
      vertex 2.32937 8.69333 0.599991
      vertex 2.07055 7.72741 0
      vertex 1.56072 7.84628 0
    endloop
  endfacet
  facet normal 0.265291 0.874541 -0.405954
    outer loop
      vertex 2.4329 9.0797 1.5
      vertex 3.02153 8.90114 1.5
      vertex 2.32937 8.69333 0.599991
    endloop
  endfacet
  facet normal 0.265289 0.874542 -0.405953
    outer loop
      vertex 3.02153 8.90114 1.5
      vertex 2.89295 8.52237 0.599991
      vertex 2.32937 8.69333 0.599991
    endloop
  endfacet
  facet normal 0.226769 0.747384 -0.624494
    outer loop
      vertex 2.84701 10.6252 3.5
      vertex 3.53583 10.4162 3.5
      vertex 2.4329 9.0797 1.5
    endloop
  endfacet
  facet normal 0.226724 0.747406 -0.624484
    outer loop
      vertex 3.53583 10.4162 3.5
      vertex 3.02153 8.90114 1.5
      vertex 2.4329 9.0797 1.5
    endloop
  endfacet
  facet normal 0.290347 0.956922 -0
    outer loop
      vertex 3.53583 10.4162 3.5
      vertex 2.84701 10.6252 7.5
      vertex 3.53583 10.4162 7.5
    endloop
  endfacet
  facet normal 0.290347 0.956922 0
    outer loop
      vertex 2.84701 10.6252 7.5
      vertex 3.53583 10.4162 3.5
      vertex 2.84701 10.6252 3.5
    endloop
  endfacet
  facet normal 0.205288 0.676822 0.706943
    outer loop
      vertex 3.37511 9.94277 8
      vertex 2.84701 10.6252 7.5
      vertex 2.7176 10.1422 8
    endloop
  endfacet
  facet normal 0.205368 0.676849 0.706894
    outer loop
      vertex 3.37511 9.94277 8
      vertex 3.53583 10.4162 7.5
      vertex 2.84701 10.6252 7.5
    endloop
  endfacet
  facet normal 0.149408 0.492532 -0.857374
    outer loop
      vertex 2.32937 8.69333 0.599991
      vertex 2.89295 8.52237 0.599991
      vertex 2.07055 7.72741 0
    endloop
  endfacet
  facet normal 0.14941 0.492531 -0.857374
    outer loop
      vertex 2.89295 8.52237 0.599991
      vertex 2.57152 7.57544 0
      vertex 2.07055 7.72741 0
    endloop
  endfacet
  facet normal 0.321927 0.855316 -0.405953
    outer loop
      vertex 3.02153 8.90114 1.5
      vertex 3.59722 8.68446 1.5
      vertex 2.89295 8.52237 0.599991
    endloop
  endfacet
  facet normal 0.321911 0.855327 -0.405943
    outer loop
      vertex 3.59722 8.68446 1.5
      vertex 3.44415 8.31492 0.599991
      vertex 2.89295 8.52237 0.599991
    endloop
  endfacet
  facet normal 0.275064 0.730998 -0.624485
    outer loop
      vertex 3.53583 10.4162 3.5
      vertex 4.20952 10.1627 3.5
      vertex 3.02153 8.90114 1.5
    endloop
  endfacet
  facet normal 0.275123 0.730964 -0.624499
    outer loop
      vertex 4.20952 10.1627 3.5
      vertex 3.59722 8.68446 1.5
      vertex 3.02153 8.90114 1.5
    endloop
  endfacet
  facet normal 0.352178 0.935933 -0
    outer loop
      vertex 4.20952 10.1627 3.5
      vertex 3.53583 10.4162 7.5
      vertex 4.20952 10.1627 7.5
    endloop
  endfacet
  facet normal 0.352178 0.935933 0
    outer loop
      vertex 3.53583 10.4162 7.5
      vertex 4.20952 10.1627 3.5
      vertex 3.53583 10.4162 3.5
    endloop
  endfacet
  facet normal 0.249158 0.661982 0.706894
    outer loop
      vertex 4.01818 9.70073 8
      vertex 3.53583 10.4162 7.5
      vertex 3.37511 9.94277 8
    endloop
  endfacet
  facet normal 0.249088 0.661964 0.706936
    outer loop
      vertex 4.01818 9.70073 8
      vertex 4.20952 10.1627 7.5
      vertex 3.53583 10.4162 7.5
    endloop
  endfacet
  facet normal 0.181296 0.481707 -0.857374
    outer loop
      vertex 2.89295 8.52237 0.599991
      vertex 3.44415 8.31492 0.599991
      vertex 2.57152 7.57544 0
    endloop
  endfacet
  facet normal 0.181297 0.481706 -0.857375
    outer loop
      vertex 3.44415 8.31492 0.599991
      vertex 3.06147 7.39104 0
      vertex 2.57152 7.57544 0
    endloop
  endfacet
  facet normal 0.377167 0.832439 -0.405943
    outer loop
      vertex 3.59722 8.68446 1.5
      vertex 4.15751 8.4306 1.5
      vertex 3.44415 8.31492 0.599991
    endloop
  endfacet
  facet normal 0.37718 0.832429 -0.405952
    outer loop
      vertex 4.15751 8.4306 1.5
      vertex 3.9806 8.07185 0.599991
      vertex 3.44415 8.31492 0.599991
    endloop
  endfacet
  facet normal 0.322357 0.711398 -0.624498
    outer loop
      vertex 4.20952 10.1627 3.5
      vertex 4.86518 9.8656 3.5
      vertex 3.59722 8.68446 1.5
    endloop
  endfacet
  facet normal 0.322333 0.711415 -0.624493
    outer loop
      vertex 4.86518 9.8656 3.5
      vertex 4.15751 8.4306 1.5
      vertex 3.59722 8.68446 1.5
    endloop
  endfacet
  facet normal 0.412735 0.910851 -0
    outer loop
      vertex 4.86518 9.8656 3.5
      vertex 4.20952 10.1627 7.5
      vertex 4.86518 9.8656 7.5
    endloop
  endfacet
  facet normal 0.412735 0.910851 0
    outer loop
      vertex 4.20952 10.1627 7.5
      vertex 4.86518 9.8656 3.5
      vertex 4.20952 10.1627 3.5
    endloop
  endfacet
  facet normal 0.291899 0.644233 0.706936
    outer loop
      vertex 4.64403 9.41716 8
      vertex 4.20952 10.1627 7.5
      vertex 4.01818 9.70073 8
    endloop
  endfacet
  facet normal 0.291924 0.644237 0.706922
    outer loop
      vertex 4.64403 9.41716 8
      vertex 4.86518 9.8656 7.5
      vertex 4.20952 10.1627 7.5
    endloop
  endfacet
  facet normal 0.212423 0.468813 -0.857374
    outer loop
      vertex 3.44415 8.31492 0.599991
      vertex 3.9806 8.07185 0.599991
      vertex 3.06147 7.39104 0
    endloop
  endfacet
  facet normal 0.212423 0.468813 -0.857374
    outer loop
      vertex 3.9806 8.07185 0.599991
      vertex 3.53831 7.17498 0
      vertex 3.06147 7.39104 0
    endloop
  endfacet
  facet normal 0.43081 0.805981 -0.405952
    outer loop
      vertex 4.15751 8.4306 1.5
      vertex 4.7 8.14063 1.5
      vertex 3.9806 8.07185 0.599991
    endloop
  endfacet
  facet normal 0.430802 0.805989 -0.405946
    outer loop
      vertex 4.7 8.14063 1.5
      vertex 4.5 7.79423 0.599991
      vertex 3.9806 8.07185 0.599991
    endloop
  endfacet
  facet normal 0.368177 0.688807 -0.624493
    outer loop
      vertex 4.86518 9.8656 3.5
      vertex 5.5 9.52628 3.5
      vertex 4.15751 8.4306 1.5
    endloop
  endfacet
  facet normal 0.368178 0.688806 -0.624493
    outer loop
      vertex 5.5 9.52628 3.5
      vertex 4.7 8.14063 1.5
      vertex 4.15751 8.4306 1.5
    endloop
  endfacet
  facet normal 0.471399 0.88192 -0
    outer loop
      vertex 5.5 9.52628 3.5
      vertex 4.86518 9.8656 7.5
      vertex 5.5 9.52628 7.5
    endloop
  endfacet
  facet normal 0.471399 0.88192 0
    outer loop
      vertex 4.86518 9.8656 7.5
      vertex 5.5 9.52628 3.5
      vertex 4.86518 9.8656 3.5
    endloop
  endfacet
  facet normal 0.333409 0.623779 0.706922
    outer loop
      vertex 5.25 9.09327 8
      vertex 4.86518 9.8656 7.5
      vertex 4.64403 9.41716 8
    endloop
  endfacet
  facet normal 0.333419 0.62378 0.706916
    outer loop
      vertex 5.25 9.09327 8
      vertex 5.5 9.52628 7.5
      vertex 4.86518 9.8656 7.5
    endloop
  endfacet
  facet normal 0.242621 0.453921 -0.857374
    outer loop
      vertex 3.9806 8.07185 0.599991
      vertex 4.5 7.79423 0.599991
      vertex 3.53831 7.17498 0
    endloop
  endfacet
  facet normal 0.242625 0.453916 -0.857376
    outer loop
      vertex 4.5 7.79423 0.599991
      vertex 4 6.9282 0
      vertex 3.53831 7.17498 0
    endloop
  endfacet
  facet normal 0.482595 0.776086 -0.405946
    outer loop
      vertex 4.7 8.14063 1.5
      vertex 5.22236 7.81581 1.5
      vertex 4.5 7.79423 0.599991
    endloop
  endfacet
  facet normal 0.482598 0.776083 -0.405949
    outer loop
      vertex 5.22236 7.81581 1.5
      vertex 5.00013 7.48323 0.599991
      vertex 4.5 7.79423 0.599991
    endloop
  endfacet
  facet normal 0.412443 0.663249 -0.624493
    outer loop
      vertex 5.5 9.52628 3.5
      vertex 6.11127 9.14616 3.5
      vertex 4.7 8.14063 1.5
    endloop
  endfacet
  facet normal 0.412434 0.663257 -0.62449
    outer loop
      vertex 6.11127 9.14616 3.5
      vertex 5.22236 7.81581 1.5
      vertex 4.7 8.14063 1.5
    endloop
  endfacet
  facet normal 0.528076 0.849197 -0
    outer loop
      vertex 6.11127 9.14616 3.5
      vertex 5.5 9.52628 7.5
      vertex 6.11127 9.14616 7.5
    endloop
  endfacet
  facet normal 0.528076 0.849197 0
    outer loop
      vertex 5.5 9.52628 7.5
      vertex 6.11127 9.14616 3.5
      vertex 5.5 9.52628 3.5
    endloop
  endfacet
  facet normal 0.373503 0.600638 0.706916
    outer loop
      vertex 5.83349 8.73043 8
      vertex 5.5 9.52628 7.5
      vertex 5.25 9.09327 8
    endloop
  endfacet
  facet normal 0.373508 0.600638 0.706913
    outer loop
      vertex 5.83349 8.73043 8
      vertex 6.11127 9.14616 7.5
      vertex 5.5 9.52628 7.5
    endloop
  endfacet
  facet normal 0.271791 0.437077 -0.857376
    outer loop
      vertex 4.5 7.79423 0.599991
      vertex 5.00013 7.48323 0.599991
      vertex 4 6.9282 0
    endloop
  endfacet
  facet normal 0.271789 0.43708 -0.857375
    outer loop
      vertex 5.00013 7.48323 0.599991
      vertex 4.44456 6.65176 0
      vertex 4 6.9282 0
    endloop
  endfacet
  facet normal 0.532326 0.742856 -0.405949
    outer loop
      vertex 5.22236 7.81581 1.5
      vertex 5.72235 7.45752 1.5
      vertex 5.00013 7.48323 0.599991
    endloop
  endfacet
  facet normal 0.532328 0.742854 -0.40595
    outer loop
      vertex 5.72235 7.45752 1.5
      vertex 5.47885 7.14018 0.599991
      vertex 5.00013 7.48323 0.599991
    endloop
  endfacet
  facet normal 0.454929 0.634863 -0.624491
    outer loop
      vertex 6.11127 9.14616 3.5
      vertex 6.69637 8.72689 3.5
      vertex 5.22236 7.81581 1.5
    endloop
  endfacet
  facet normal 0.454935 0.634857 -0.624492
    outer loop
      vertex 6.69637 8.72689 3.5
      vertex 5.72235 7.45752 1.5
      vertex 5.22236 7.81581 1.5
    endloop
  endfacet
  facet normal 0.582472 0.812851 -0
    outer loop
      vertex 6.69637 8.72689 3.5
      vertex 6.11127 9.14616 7.5
      vertex 6.69637 8.72689 7.5
    endloop
  endfacet
  facet normal 0.582472 0.812851 0
    outer loop
      vertex 6.11127 9.14616 7.5
      vertex 6.69637 8.72689 3.5
      vertex 6.11127 9.14616 3.5
    endloop
  endfacet
  facet normal 0.41199 0.574925 0.706912
    outer loop
      vertex 6.39199 8.33021 8
      vertex 6.11127 9.14616 7.5
      vertex 5.83349 8.73043 8
    endloop
  endfacet
  facet normal 0.411979 0.574925 0.706919
    outer loop
      vertex 6.39199 8.33021 8
      vertex 6.69637 8.72689 7.5
      vertex 6.11127 9.14616 7.5
    endloop
  endfacet
  facet normal 0.299799 0.418365 -0.857375
    outer loop
      vertex 5.00013 7.48323 0.599991
      vertex 5.47885 7.14018 0.599991
      vertex 4.44456 6.65176 0
    endloop
  endfacet
  facet normal 0.299797 0.418368 -0.857374
    outer loop
      vertex 5.47885 7.14018 0.599991
      vertex 4.87009 6.34683 0
      vertex 4.44456 6.65176 0
    endloop
  endfacet
  facet normal 0.579767 0.706453 -0.40595
    outer loop
      vertex 5.72235 7.45752 1.5
      vertex 6.19785 7.06729 1.5
      vertex 5.47885 7.14018 0.599991
    endloop
  endfacet
  facet normal 0.579767 0.706452 -0.40595
    outer loop
      vertex 6.19785 7.06729 1.5
      vertex 5.93411 6.76656 0.599991
      vertex 5.47885 7.14018 0.599991
    endloop
  endfacet
  facet normal 0.495481 0.603745 -0.624492
    outer loop
      vertex 6.69637 8.72689 3.5
      vertex 7.2528 8.27024 3.5
      vertex 5.72235 7.45752 1.5
    endloop
  endfacet
  facet normal 0.495479 0.603747 -0.624492
    outer loop
      vertex 7.2528 8.27024 3.5
      vertex 6.19785 7.06729 1.5
      vertex 5.72235 7.45752 1.5
    endloop
  endfacet
  facet normal 0.634393 0.773011 -0
    outer loop
      vertex 7.2528 8.27024 3.5
      vertex 6.69637 8.72689 7.5
      vertex 7.2528 8.27024 7.5
    endloop
  endfacet
  facet normal 0.634393 0.773011 0
    outer loop
      vertex 6.69637 8.72689 7.5
      vertex 7.2528 8.27024 3.5
      vertex 6.69637 8.72689 3.5
    endloop
  endfacet
  facet normal 0.4487 0.546749 0.706919
    outer loop
      vertex 6.92313 7.89432 8
      vertex 6.69637 8.72689 7.5
      vertex 6.39199 8.33021 8
    endloop
  endfacet
  facet normal 0.448705 0.546748 0.706916
    outer loop
      vertex 6.92313 7.89432 8
      vertex 7.2528 8.27024 7.5
      vertex 6.69637 8.72689 7.5
    endloop
  endfacet
  facet normal 0.326517 0.397865 -0.857374
    outer loop
      vertex 5.47885 7.14018 0.599991
      vertex 5.93411 6.76656 0.599991
      vertex 4.87009 6.34683 0
    endloop
  endfacet
  facet normal 0.326517 0.397865 -0.857374
    outer loop
      vertex 5.93411 6.76656 0.599991
      vertex 5.27477 6.01472 0
      vertex 4.87009 6.34683 0
    endloop
  endfacet
  facet normal 0.624733 0.667017 -0.405951
    outer loop
      vertex 6.19785 7.06729 1.5
      vertex 6.6468 6.6468 1.5
      vertex 5.93411 6.76656 0.599991
    endloop
  endfacet
  facet normal 0.624733 0.667018 -0.40595
    outer loop
      vertex 6.6468 6.6468 1.5
      vertex 6.36396 6.36396 0.599991
      vertex 5.93411 6.76656 0.599991
    endloop
  endfacet
  facet normal 0.533911 0.570043 -0.624492
    outer loop
      vertex 7.2528 8.27024 3.5
      vertex 7.77817 7.77817 3.5
      vertex 6.19785 7.06729 1.5
    endloop
  endfacet
  facet normal 0.533909 0.570046 -0.624491
    outer loop
      vertex 7.77817 7.77817 3.5
      vertex 6.6468 6.6468 1.5
      vertex 6.19785 7.06729 1.5
    endloop
  endfacet
  facet normal 0.683598 0.729859 -0
    outer loop
      vertex 7.77817 7.77817 3.5
      vertex 7.2528 8.27024 7.5
      vertex 7.77817 7.77817 7.5
    endloop
  endfacet
  facet normal 0.683598 0.729859 0
    outer loop
      vertex 7.2528 8.27024 7.5
      vertex 7.77817 7.77817 3.5
      vertex 7.2528 8.27024 3.5
    endloop
  endfacet
  facet normal 0.483505 0.516229 0.706916
    outer loop
      vertex 7.42462 7.42462 8
      vertex 7.2528 8.27024 7.5
      vertex 6.92313 7.89432 8
    endloop
  endfacet
  facet normal 0.483508 0.516229 0.706914
    outer loop
      vertex 7.42462 7.42462 8
      vertex 7.77817 7.77817 7.5
      vertex 7.2528 8.27024 7.5
    endloop
  endfacet
  facet normal 0.351839 0.375654 -0.857376
    outer loop
      vertex 5.65685 5.65685 0
      vertex 5.93411 6.76656 0.599991
      vertex 6.36396 6.36396 0.599991
    endloop
  endfacet
  facet normal 0.351848 0.375651 -0.857374
    outer loop
      vertex 5.93411 6.76656 0.599991
      vertex 5.65685 5.65685 0
      vertex 5.27477 6.01472 0
    endloop
  endfacet
  facet normal 0.667017 0.624734 -0.40595
    outer loop
      vertex 6.6468 6.6468 1.5
      vertex 7.06729 6.19785 1.5
      vertex 6.36396 6.36396 0.599991
    endloop
  endfacet
  facet normal 0.667018 0.624733 -0.405951
    outer loop
      vertex 7.06729 6.19785 1.5
      vertex 6.76656 5.93411 0.599991
      vertex 6.36396 6.36396 0.599991
    endloop
  endfacet
  facet normal 0.570043 0.533912 -0.624491
    outer loop
      vertex 7.77817 7.77817 3.5
      vertex 8.27024 7.2528 3.5
      vertex 6.6468 6.6468 1.5
    endloop
  endfacet
  facet normal 0.570045 0.533909 -0.624492
    outer loop
      vertex 8.27024 7.2528 3.5
      vertex 7.06729 6.19785 1.5
      vertex 6.6468 6.6468 1.5
    endloop
  endfacet
  facet normal 0.729859 0.683598 0
    outer loop
      vertex 8.27024 7.2528 7.5
      vertex 7.77817 7.77817 3.5
      vertex 7.77817 7.77817 7.5
    endloop
  endfacet
  facet normal 0.729859 0.683598 0
    outer loop
      vertex 7.77817 7.77817 3.5
      vertex 8.27024 7.2528 7.5
      vertex 8.27024 7.2528 3.5
    endloop
  endfacet
  facet normal 0.516231 0.483506 0.706914
    outer loop
      vertex 7.89432 6.92313 8
      vertex 7.77817 7.77817 7.5
      vertex 7.42462 7.42462 8
    endloop
  endfacet
  facet normal 0.516227 0.483507 0.706916
    outer loop
      vertex 7.89432 6.92313 8
      vertex 8.27024 7.2528 7.5
      vertex 7.77817 7.77817 7.5
    endloop
  endfacet
  facet normal 0.375656 0.351842 -0.857374
    outer loop
      vertex 6.01472 5.27477 0
      vertex 6.36396 6.36396 0.599991
      vertex 6.76656 5.93411 0.599991
    endloop
  endfacet
  facet normal 0.375648 0.351845 -0.857376
    outer loop
      vertex 6.36396 6.36396 0.599991
      vertex 6.01472 5.27477 0
      vertex 5.65685 5.65685 0
    endloop
  endfacet
  facet normal 0.706452 0.579766 -0.40595
    outer loop
      vertex 7.06729 6.19785 1.5
      vertex 7.45752 5.72235 1.5
      vertex 6.76656 5.93411 0.599991
    endloop
  endfacet
  facet normal 0.706452 0.579767 -0.40595
    outer loop
      vertex 7.45752 5.72235 1.5
      vertex 7.14018 5.47885 0.599991
      vertex 6.76656 5.93411 0.599991
    endloop
  endfacet
  facet normal 0.603746 0.495481 -0.624492
    outer loop
      vertex 8.27024 7.2528 3.5
      vertex 8.72689 6.69637 3.5
      vertex 7.06729 6.19785 1.5
    endloop
  endfacet
  facet normal 0.603747 0.495479 -0.624492
    outer loop
      vertex 8.72689 6.69637 3.5
      vertex 7.45752 5.72235 1.5
      vertex 7.06729 6.19785 1.5
    endloop
  endfacet
  facet normal 0.773011 0.634393 0
    outer loop
      vertex 8.72689 6.69637 7.5
      vertex 8.27024 7.2528 3.5
      vertex 8.27024 7.2528 7.5
    endloop
  endfacet
  facet normal 0.773011 0.634393 0
    outer loop
      vertex 8.27024 7.2528 3.5
      vertex 8.72689 6.69637 7.5
      vertex 8.72689 6.69637 3.5
    endloop
  endfacet
  facet normal 0.546751 0.448701 0.706916
    outer loop
      vertex 8.33021 6.39199 8
      vertex 8.27024 7.2528 7.5
      vertex 7.89432 6.92313 8
    endloop
  endfacet
  facet normal 0.546746 0.448703 0.706919
    outer loop
      vertex 8.33021 6.39199 8
      vertex 8.72689 6.69637 7.5
      vertex 8.27024 7.2528 7.5
    endloop
  endfacet
  facet normal 0.397865 0.326517 -0.857374
    outer loop
      vertex 6.76656 5.93411 0.599991
      vertex 7.14018 5.47885 0.599991
      vertex 6.01472 5.27477 0
    endloop
  endfacet
  facet normal 0.397865 0.326517 -0.857374
    outer loop
      vertex 7.14018 5.47885 0.599991
      vertex 6.34683 4.87009 0
      vertex 6.01472 5.27477 0
    endloop
  endfacet
  facet normal 0.742855 0.532326 -0.40595
    outer loop
      vertex 7.45752 5.72235 1.5
      vertex 7.81581 5.22236 1.5
      vertex 7.14018 5.47885 0.599991
    endloop
  endfacet
  facet normal 0.742854 0.532328 -0.405949
    outer loop
      vertex 7.81581 5.22236 1.5
      vertex 7.48323 5.00013 0.599991
      vertex 7.14018 5.47885 0.599991
    endloop
  endfacet
  facet normal 0.634862 0.454928 -0.624492
    outer loop
      vertex 8.72689 6.69637 3.5
      vertex 9.14616 6.11127 3.5
      vertex 7.45752 5.72235 1.5
    endloop
  endfacet
  facet normal 0.634858 0.454936 -0.62449
    outer loop
      vertex 9.14616 6.11127 3.5
      vertex 7.81581 5.22236 1.5
      vertex 7.45752 5.72235 1.5
    endloop
  endfacet
  facet normal 0.812851 0.582472 0
    outer loop
      vertex 9.14616 6.11127 7.5
      vertex 8.72689 6.69637 3.5
      vertex 8.72689 6.69637 7.5
    endloop
  endfacet
  facet normal 0.812851 0.582472 0
    outer loop
      vertex 8.72689 6.69637 3.5
      vertex 9.14616 6.11127 7.5
      vertex 9.14616 6.11127 3.5
    endloop
  endfacet
  facet normal 0.57492 0.411986 0.706919
    outer loop
      vertex 8.73043 5.83349 8
      vertex 8.72689 6.69637 7.5
      vertex 8.33021 6.39199 8
    endloop
  endfacet
  facet normal 0.57493 0.411983 0.706913
    outer loop
      vertex 8.73043 5.83349 8
      vertex 9.14616 6.11127 7.5
      vertex 8.72689 6.69637 7.5
    endloop
  endfacet
  facet normal 0.418366 0.2998 -0.857374
    outer loop
      vertex 7.14018 5.47885 0.599991
      vertex 7.48323 5.00013 0.599991
      vertex 6.34683 4.87009 0
    endloop
  endfacet
  facet normal 0.418366 0.299797 -0.857375
    outer loop
      vertex 7.48323 5.00013 0.599991
      vertex 6.65176 4.44456 0
      vertex 6.34683 4.87009 0
    endloop
  endfacet
  facet normal 0.776085 0.482594 -0.405949
    outer loop
      vertex 7.81581 5.22236 1.5
      vertex 8.14063 4.7 1.5
      vertex 7.48323 5.00013 0.599991
    endloop
  endfacet
  facet normal 0.776084 0.482599 -0.405946
    outer loop
      vertex 8.14063 4.7 1.5
      vertex 7.79423 4.5 0.599991
      vertex 7.48323 5.00013 0.599991
    endloop
  endfacet
  facet normal 0.663251 0.412444 -0.624491
    outer loop
      vertex 9.14616 6.11127 3.5
      vertex 9.52628 5.5 3.5
      vertex 7.81581 5.22236 1.5
    endloop
  endfacet
  facet normal 0.663255 0.412433 -0.624493
    outer loop
      vertex 9.52628 5.5 3.5
      vertex 8.14063 4.7 1.5
      vertex 7.81581 5.22236 1.5
    endloop
  endfacet
  facet normal 0.849197 0.528076 0
    outer loop
      vertex 9.52628 5.5 7.5
      vertex 9.14616 6.11127 3.5
      vertex 9.14616 6.11127 7.5
    endloop
  endfacet
  facet normal 0.849197 0.528076 0
    outer loop
      vertex 9.14616 6.11127 3.5
      vertex 9.52628 5.5 7.5
      vertex 9.52628 5.5 3.5
    endloop
  endfacet
  facet normal 0.60064 0.373505 0.706913
    outer loop
      vertex 9.09327 5.25 8
      vertex 9.14616 6.11127 7.5
      vertex 8.73043 5.83349 8
    endloop
  endfacet
  facet normal 0.600635 0.373507 0.706916
    outer loop
      vertex 9.52628 5.5 7.5
      vertex 9.14616 6.11127 7.5
      vertex 9.09327 5.25 8
    endloop
  endfacet
  facet normal 0.437078 0.271792 -0.857375
    outer loop
      vertex 7.48323 5.00013 0.599991
      vertex 7.79423 4.5 0.599991
      vertex 6.65176 4.44456 0
    endloop
  endfacet
  facet normal 0.437079 0.271788 -0.857376
    outer loop
      vertex 7.79423 4.5 0.599991
      vertex 6.9282 4 0
      vertex 6.65176 4.44456 0
    endloop
  endfacet
  facet normal 0.805983 0.430812 -0.405946
    outer loop
      vertex 8.14063 4.7 1.5
      vertex 8.4306 4.15751 1.5
      vertex 7.79423 4.5 0.599991
    endloop
  endfacet
  facet normal 0.805986 0.430801 -0.405952
    outer loop
      vertex 8.4306 4.15751 1.5
      vertex 8.07185 3.9806 0.599991
      vertex 7.79423 4.5 0.599991
    endloop
  endfacet
  facet normal 0.688807 0.368177 -0.624493
    outer loop
      vertex 9.52628 5.5 3.5
      vertex 9.8656 4.86518 3.5
      vertex 8.14063 4.7 1.5
    endloop
  endfacet
  facet normal 0.688806 0.368178 -0.624493
    outer loop
      vertex 9.8656 4.86518 3.5
      vertex 8.4306 4.15751 1.5
      vertex 8.14063 4.7 1.5
    endloop
  endfacet
  facet normal 0.88192 0.471399 0
    outer loop
      vertex 9.8656 4.86518 7.5
      vertex 9.52628 5.5 3.5
      vertex 9.52628 5.5 7.5
    endloop
  endfacet
  facet normal 0.88192 0.471399 0
    outer loop
      vertex 9.52628 5.5 3.5
      vertex 9.8656 4.86518 7.5
      vertex 9.8656 4.86518 3.5
    endloop
  endfacet
  facet normal 0.623784 0.333412 0.706916
    outer loop
      vertex 9.41716 4.64403 8
      vertex 9.52628 5.5 7.5
      vertex 9.09327 5.25 8
    endloop
  endfacet
  facet normal 0.623775 0.333416 0.706922
    outer loop
      vertex 9.8656 4.86518 7.5
      vertex 9.52628 5.5 7.5
      vertex 9.41716 4.64403 8
    endloop
  endfacet
  facet normal 0.453919 0.24262 -0.857376
    outer loop
      vertex 7.79423 4.5 0.599991
      vertex 8.07185 3.9806 0.599991
      vertex 6.9282 4 0
    endloop
  endfacet
  facet normal 0.453918 0.242626 -0.857374
    outer loop
      vertex 8.07185 3.9806 0.599991
      vertex 7.17498 3.53831 0
      vertex 6.9282 4 0
    endloop
  endfacet
  facet normal 0.832436 0.377166 -0.405952
    outer loop
      vertex 8.4306 4.15751 1.5
      vertex 8.68446 3.59722 1.5
      vertex 8.07185 3.9806 0.599991
    endloop
  endfacet
  facet normal 0.832433 0.377182 -0.405943
    outer loop
      vertex 8.68446 3.59722 1.5
      vertex 8.31492 3.44415 0.599991
      vertex 8.07185 3.9806 0.599991
    endloop
  endfacet
  facet normal 0.711402 0.322359 -0.624493
    outer loop
      vertex 9.8656 4.86518 3.5
      vertex 10.1627 4.20952 3.5
      vertex 8.4306 4.15751 1.5
    endloop
  endfacet
  facet normal 0.71141 0.32233 -0.624499
    outer loop
      vertex 10.1627 4.20952 3.5
      vertex 8.68446 3.59722 1.5
      vertex 8.4306 4.15751 1.5
    endloop
  endfacet
  facet normal 0.910851 0.412735 0
    outer loop
      vertex 10.1627 4.20952 7.5
      vertex 9.8656 4.86518 3.5
      vertex 9.8656 4.86518 7.5
    endloop
  endfacet
  facet normal 0.910851 0.412735 0
    outer loop
      vertex 9.8656 4.86518 3.5
      vertex 10.1627 4.20952 7.5
      vertex 10.1627 4.20952 3.5
    endloop
  endfacet
  facet normal 0.644246 0.291905 0.706921
    outer loop
      vertex 9.70073 4.01818 8
      vertex 9.8656 4.86518 7.5
      vertex 9.41716 4.64403 8
    endloop
  endfacet
  facet normal 0.644224 0.291918 0.706936
    outer loop
      vertex 10.1627 4.20952 7.5
      vertex 9.8656 4.86518 7.5
      vertex 9.70073 4.01818 8
    endloop
  endfacet
  facet normal 0.468813 0.212423 -0.857374
    outer loop
      vertex 8.07185 3.9806 0.599991
      vertex 8.31492 3.44415 0.599991
      vertex 7.17498 3.53831 0
    endloop
  endfacet
  facet normal 0.468813 0.212423 -0.857374
    outer loop
      vertex 8.31492 3.44415 0.599991
      vertex 7.39104 3.06147 0
      vertex 7.17498 3.53831 0
    endloop
  endfacet
  facet normal 0.85532 0.321928 -0.405943
    outer loop
      vertex 8.68446 3.59722 1.5
      vertex 8.90114 3.02153 1.5
      vertex 8.31492 3.44415 0.599991
    endloop
  endfacet
  facet normal 0.855322 0.32191 -0.405953
    outer loop
      vertex 8.90114 3.02153 1.5
      vertex 8.52237 2.89295 0.599991
      vertex 8.31492 3.44415 0.599991
    endloop
  endfacet
  facet normal 0.730988 0.275061 -0.624498
    outer loop
      vertex 10.1627 4.20952 3.5
      vertex 10.4162 3.53583 3.5
      vertex 8.68446 3.59722 1.5
    endloop
  endfacet
  facet normal 0.730975 0.275127 -0.624484
    outer loop
      vertex 10.4162 3.53583 3.5
      vertex 8.90114 3.02153 1.5
      vertex 8.68446 3.59722 1.5
    endloop
  endfacet
  facet normal 0.935933 0.352178 0
    outer loop
      vertex 10.4162 3.53583 7.5
      vertex 10.1627 4.20952 3.5
      vertex 10.1627 4.20952 7.5
    endloop
  endfacet
  facet normal 0.935933 0.352178 0
    outer loop
      vertex 10.1627 4.20952 3.5
      vertex 10.4162 3.53583 7.5
      vertex 10.4162 3.53583 3.5
    endloop
  endfacet
  facet normal 0.661942 0.249143 0.706937
    outer loop
      vertex 9.94277 3.37511 8
      vertex 10.1627 4.20952 7.5
      vertex 9.70073 4.01818 8
    endloop
  endfacet
  facet normal 0.662003 0.249102 0.706895
    outer loop
      vertex 10.4162 3.53583 7.5
      vertex 10.1627 4.20952 7.5
      vertex 9.94277 3.37511 8
    endloop
  endfacet
  facet normal 0.481706 0.181295 -0.857374
    outer loop
      vertex 8.31492 3.44415 0.599991
      vertex 8.52237 2.89295 0.599991
      vertex 7.39104 3.06147 0
    endloop
  endfacet
  facet normal 0.481706 0.181297 -0.857374
    outer loop
      vertex 8.52237 2.89295 0.599991
      vertex 7.57544 2.57152 0
      vertex 7.39104 3.06147 0
    endloop
  endfacet
  facet normal 0.874542 0.265291 -0.405953
    outer loop
      vertex 8.90114 3.02153 1.5
      vertex 9.0797 2.4329 1.5
      vertex 8.52237 2.89295 0.599991
    endloop
  endfacet
  facet normal 0.874542 0.265289 -0.405954
    outer loop
      vertex 9.0797 2.4329 1.5
      vertex 8.69333 2.32937 0.599991
      vertex 8.52237 2.89295 0.599991
    endloop
  endfacet
  facet normal 0.747391 0.226771 -0.624485
    outer loop
      vertex 10.4162 3.53583 3.5
      vertex 10.6252 2.84701 3.5
      vertex 8.90114 3.02153 1.5
    endloop
  endfacet
  facet normal 0.747397 0.226722 -0.624495
    outer loop
      vertex 10.6252 2.84701 3.5
      vertex 9.0797 2.4329 1.5
      vertex 8.90114 3.02153 1.5
    endloop
  endfacet
  facet normal 0.956922 0.290347 0
    outer loop
      vertex 10.6252 2.84701 7.5
      vertex 10.4162 3.53583 3.5
      vertex 10.4162 3.53583 7.5
    endloop
  endfacet
  facet normal 0.956922 0.290347 0
    outer loop
      vertex 10.4162 3.53583 3.5
      vertex 10.6252 2.84701 7.5
      vertex 10.6252 2.84701 3.5
    endloop
  endfacet
  facet normal 0.67687 0.205302 0.706893
    outer loop
      vertex 10.1422 2.7176 8
      vertex 10.4162 3.53583 7.5
      vertex 9.94277 3.37511 8
    endloop
  endfacet
  facet normal 0.676803 0.205354 0.706942
    outer loop
      vertex 10.6252 2.84701 7.5
      vertex 10.4162 3.53583 7.5
      vertex 10.1422 2.7176 8
    endloop
  endfacet
  facet normal 0.492531 0.149408 -0.857374
    outer loop
      vertex 8.52237 2.89295 0.599991
      vertex 8.69333 2.32937 0.599991
      vertex 7.57544 2.57152 0
    endloop
  endfacet
  facet normal 0.492532 0.14941 -0.857373
    outer loop
      vertex 8.69333 2.32937 0.599991
      vertex 7.72741 2.07055 0
      vertex 7.57544 2.57152 0
    endloop
  endfacet
  facet normal 0.89002 0.207525 -0.405954
    outer loop
      vertex 9.0797 2.4329 1.5
      vertex 9.21938 1.83385 1.5
      vertex 8.69333 2.32937 0.599991
    endloop
  endfacet
  facet normal 0.89002 0.207531 -0.405951
    outer loop
      vertex 9.21938 1.83385 1.5
      vertex 8.82707 1.75581 0.599991
      vertex 8.69333 2.32937 0.599991
    endloop
  endfacet
  facet normal 0.76064 0.177297 -0.624494
    outer loop
      vertex 10.6252 2.84701 3.5
      vertex 10.7886 2.14599 3.5
      vertex 9.0797 2.4329 1.5
    endloop
  endfacet
  facet normal 0.760636 0.177357 -0.624482
    outer loop
      vertex 10.7886 2.14599 3.5
      vertex 9.21938 1.83385 1.5
      vertex 9.0797 2.4329 1.5
    endloop
  endfacet
  facet normal 0.973894 0.227004 0
    outer loop
      vertex 10.7886 2.14599 7.5
      vertex 10.6252 2.84701 3.5
      vertex 10.6252 2.84701 7.5
    endloop
  endfacet
  facet normal 0.973894 0.227004 0
    outer loop
      vertex 10.6252 2.84701 3.5
      vertex 10.7886 2.14599 7.5
      vertex 10.7886 2.14599 3.5
    endloop
  endfacet
  facet normal 0.6888 0.160581 0.706943
    outer loop
      vertex 10.2982 2.04845 8
      vertex 10.6252 2.84701 7.5
      vertex 10.1422 2.7176 8
    endloop
  endfacet
  facet normal 0.688826 0.160558 0.706923
    outer loop
      vertex 10.7886 2.14599 7.5
      vertex 10.6252 2.84701 7.5
      vertex 10.2982 2.04845 8
    endloop
  endfacet
  facet normal 0.501248 0.116879 -0.857374
    outer loop
      vertex 8.69333 2.32937 0.599991
      vertex 8.82707 1.75581 0.599991
      vertex 7.72741 2.07055 0
    endloop
  endfacet
  facet normal 0.501247 0.116869 -0.857376
    outer loop
      vertex 8.82707 1.75581 0.599991
      vertex 7.84628 1.56072 0
      vertex 7.72741 2.07055 0
    endloop
  endfacet
  facet normal 0.901689 0.148868 -0.405951
    outer loop
      vertex 9.21938 1.83385 1.5
      vertex 9.31958 1.22694 1.5
      vertex 8.82707 1.75581 0.599991
    endloop
  endfacet
  facet normal 0.901688 0.148862 -0.405954
    outer loop
      vertex 9.31958 1.22694 1.5
      vertex 8.923 1.17474 0.599991
      vertex 8.82707 1.75581 0.599991
    endloop
  endfacet
  facet normal 0.770598 0.127276 -0.624483
    outer loop
      vertex 10.7886 2.14599 3.5
      vertex 10.9059 1.43579 3.5
      vertex 9.21938 1.83385 1.5
    endloop
  endfacet
  facet normal 0.770598 0.127225 -0.624493
    outer loop
      vertex 10.9059 1.43579 3.5
      vertex 9.31958 1.22694 1.5
      vertex 9.21938 1.83385 1.5
    endloop
  endfacet
  facet normal 0.986633 0.162957 0
    outer loop
      vertex 10.9059 1.43579 7.5
      vertex 10.7886 2.14599 3.5
      vertex 10.7886 2.14599 7.5
    endloop
  endfacet
  facet normal 0.986633 0.162957 0
    outer loop
      vertex 10.7886 2.14599 3.5
      vertex 10.9059 1.43579 7.5
      vertex 10.9059 1.43579 3.5
    endloop
  endfacet
  facet normal 0.697831 0.115288 0.706923
    outer loop
      vertex 10.4102 1.37052 8
      vertex 10.7886 2.14599 7.5
      vertex 10.2982 2.04845 8
    endloop
  endfacet
  facet normal 0.697857 0.115261 0.706902
    outer loop
      vertex 10.9059 1.43579 7.5
      vertex 10.7886 2.14599 7.5
      vertex 10.4102 1.37052 8
    endloop
  endfacet
  facet normal 0.507817 0.0838366 -0.857376
    outer loop
      vertex 8.82707 1.75581 0.599991
      vertex 8.923 1.17474 0.599991
      vertex 7.84628 1.56072 0
    endloop
  endfacet
  facet normal 0.507819 0.0838451 -0.857374
    outer loop
      vertex 8.923 1.17474 0.599991
      vertex 7.93156 1.04421 0
      vertex 7.84628 1.56072 0
    endloop
  endfacet
  facet normal 0.909493 0.0895748 -0.405954
    outer loop
      vertex 9.31958 1.22694 1.5
      vertex 9.37987 0.614789 1.5
      vertex 8.923 1.17474 0.599991
    endloop
  endfacet
  facet normal 0.909494 0.089582 -0.40595
    outer loop
      vertex 9.37987 0.614789 1.5
      vertex 8.98073 0.588628 0.599991
      vertex 8.923 1.17474 0.599991
    endloop
  endfacet
  facet normal 0.777276 0.0764954 -0.624492
    outer loop
      vertex 10.9059 1.43579 3.5
      vertex 10.9764 0.719434 3.5
      vertex 9.31958 1.22694 1.5
    endloop
  endfacet
  facet normal 0.77728 0.0765533 -0.624481
    outer loop
      vertex 10.9764 0.719434 3.5
      vertex 9.37987 0.614789 1.5
      vertex 9.31958 1.22694 1.5
    endloop
  endfacet
  facet normal 0.995192 0.0979416 0
    outer loop
      vertex 10.9764 0.719434 7.5
      vertex 10.9059 1.43579 3.5
      vertex 10.9059 1.43579 7.5
    endloop
  endfacet
  facet normal 0.995192 0.0979416 0
    outer loop
      vertex 10.9059 1.43579 3.5
      vertex 10.9764 0.719434 7.5
      vertex 10.9764 0.719434 3.5
    endloop
  endfacet
  facet normal 0.703911 0.0692806 0.706901
    outer loop
      vertex 10.4775 0.686732 8
      vertex 10.9059 1.43579 7.5
      vertex 10.4102 1.37052 8
    endloop
  endfacet
  facet normal 0.703915 0.0692756 0.706898
    outer loop
      vertex 10.9764 0.719434 7.5
      vertex 10.9059 1.43579 7.5
      vertex 10.4775 0.686732 8
    endloop
  endfacet
  facet normal 0.512216 0.0504515 -0.857374
    outer loop
      vertex 8.923 1.17474 0.599991
      vertex 8.98073 0.588628 0.599991
      vertex 7.93156 1.04421 0
    endloop
  endfacet
  facet normal 0.512214 0.0504462 -0.857375
    outer loop
      vertex 8.98073 0.588628 0.599991
      vertex 7.98287 0.523225 0
      vertex 7.93156 1.04421 0
    endloop
  endfacet
  facet normal 0.913406 0.0298927 -0.40595
    outer loop
      vertex 9.37987 0.614789 1.5
      vertex 9.39999 0 1.5
      vertex 8.98073 0.588628 0.599991
    endloop
  endfacet
  facet normal 0.913408 0.0299024 -0.405945
    outer loop
      vertex 9.39999 0 1.5
      vertex 9 0 0.599991
      vertex 8.98073 0.588628 0.599991
    endloop
  endfacet
  facet normal 0.78062 0.0256071 -0.624481
    outer loop
      vertex 10.9764 0.719434 3.5
      vertex 11 0 3.5
      vertex 9.37987 0.614789 1.5
    endloop
  endfacet
  facet normal 0.780612 0.0255468 -0.624494
    outer loop
      vertex 11 0 3.5
      vertex 9.39999 0 1.5
      vertex 9.37987 0.614789 1.5
    endloop
  endfacet
  facet normal 0.999462 0.0327859 0
    outer loop
      vertex 11 0 7.5
      vertex 10.9764 0.719434 3.5
      vertex 10.9764 0.719434 7.5
    endloop
  endfacet
  facet normal 0.999462 0.0327859 0
    outer loop
      vertex 10.9764 0.719434 3.5
      vertex 11 0 7.5
      vertex 11 0 3.5
    endloop
  endfacet
  facet normal 0.706937 0.023162 0.706897
    outer loop
      vertex 10.5 0 8
      vertex 10.9764 0.719434 7.5
      vertex 10.4775 0.686732 8
    endloop
  endfacet
  facet normal 0.706917 0.0231894 0.706917
    outer loop
      vertex 11 0 7.5
      vertex 10.9764 0.719434 7.5
      vertex 10.5 0 8
    endloop
  endfacet
  facet normal 0.514417 0.0168405 -0.857375
    outer loop
      vertex 8.98073 0.588628 0.599991
      vertex 9 0 0.599991
      vertex 7.98287 0.523225 0
    endloop
  endfacet
  facet normal 0.514417 0.0168416 -0.857375
    outer loop
      vertex 9 0 0.599991
      vertex 8 0 0
      vertex 7.98287 0.523225 0
    endloop
  endfacet
  facet normal 0.913408 -0.0298928 -0.405945
    outer loop
      vertex 9.39999 0 1.5
      vertex 9.37987 -0.614789 1.5
      vertex 9 0 0.599991
    endloop
  endfacet
  facet normal 0.913406 -0.0299023 -0.40595
    outer loop
      vertex 9 0 0.599991
      vertex 9.37987 -0.614789 1.5
      vertex 8.98073 -0.588628 0.599991
    endloop
  endfacet
  facet normal 0.780611 -0.0256068 -0.624493
    outer loop
      vertex 11 0 3.5
      vertex 10.9764 -0.719434 3.5
      vertex 9.39999 0 1.5
    endloop
  endfacet
  facet normal 0.780623 -0.0255472 -0.62448
    outer loop
      vertex 9.39999 0 1.5
      vertex 10.9764 -0.719434 3.5
      vertex 9.37987 -0.614789 1.5
    endloop
  endfacet
  facet normal 0.999462 -0.0327859 0
    outer loop
      vertex 10.9764 -0.719434 7.5
      vertex 11 0 3.5
      vertex 11 0 7.5
    endloop
  endfacet
  facet normal 0.999462 -0.0327859 0
    outer loop
      vertex 11 0 3.5
      vertex 10.9764 -0.719434 7.5
      vertex 10.9764 -0.719434 3.5
    endloop
  endfacet
  facet normal 0.706917 -0.0231613 0.706917
    outer loop
      vertex 11 0 7.5
      vertex 10.5 0 8
      vertex 10.4775 -0.686732 8
    endloop
  endfacet
  facet normal 0.706936 -0.02319 0.706897
    outer loop
      vertex 10.9764 -0.719434 7.5
      vertex 11 0 7.5
      vertex 10.4775 -0.686732 8
    endloop
  endfacet
  facet normal 0.514417 -0.0168405 -0.857375
    outer loop
      vertex 9 0 0.599991
      vertex 8.98073 -0.588628 0.599991
      vertex 8 0 0
    endloop
  endfacet
  facet normal 0.514417 -0.0168416 -0.857375
    outer loop
      vertex 8 0 0
      vertex 8.98073 -0.588628 0.599991
      vertex 7.98287 -0.523225 0
    endloop
  endfacet
  facet normal 0.909495 -0.089575 -0.40595
    outer loop
      vertex 9.37987 -0.614789 1.5
      vertex 9.31958 -1.22694 1.5
      vertex 8.98073 -0.588628 0.599991
    endloop
  endfacet
  facet normal 0.909492 -0.0895818 -0.405954
    outer loop
      vertex 8.98073 -0.588628 0.599991
      vertex 9.31958 -1.22694 1.5
      vertex 8.923 -1.17474 0.599991
    endloop
  endfacet
  facet normal 0.777284 -0.0764963 -0.624481
    outer loop
      vertex 10.9764 -0.719434 3.5
      vertex 10.9059 -1.43579 3.5
      vertex 9.37987 -0.614789 1.5
    endloop
  endfacet
  facet normal 0.77727 -0.0765523 -0.624493
    outer loop
      vertex 9.37987 -0.614789 1.5
      vertex 10.9059 -1.43579 3.5
      vertex 9.31958 -1.22694 1.5
    endloop
  endfacet
  facet normal 0.995192 -0.0979416 0
    outer loop
      vertex 10.9059 -1.43579 7.5
      vertex 10.9764 -0.719434 3.5
      vertex 10.9764 -0.719434 7.5
    endloop
  endfacet
  facet normal 0.995192 -0.0979416 0
    outer loop
      vertex 10.9764 -0.719434 3.5
      vertex 10.9059 -1.43579 7.5
      vertex 10.9059 -1.43579 3.5
    endloop
  endfacet
  facet normal 0.703915 -0.0692809 0.706897
    outer loop
      vertex 10.9764 -0.719434 7.5
      vertex 10.4775 -0.686732 8
      vertex 10.4102 -1.37052 8
    endloop
  endfacet
  facet normal 0.703912 -0.0692753 0.706901
    outer loop
      vertex 10.9059 -1.43579 7.5
      vertex 10.9764 -0.719434 7.5
      vertex 10.4102 -1.37052 8
    endloop
  endfacet
  facet normal 0.512214 -0.0504513 -0.857375
    outer loop
      vertex 8.98073 -0.588628 0.599991
      vertex 8.923 -1.17474 0.599991
      vertex 7.98287 -0.523225 0
    endloop
  endfacet
  facet normal 0.512216 -0.0504464 -0.857374
    outer loop
      vertex 7.98287 -0.523225 0
      vertex 8.923 -1.17474 0.599991
      vertex 7.93156 -1.04421 0
    endloop
  endfacet
  facet normal 0.901687 -0.148867 -0.405954
    outer loop
      vertex 9.31958 -1.22694 1.5
      vertex 9.21938 -1.83385 1.5
      vertex 8.923 -1.17474 0.599991
    endloop
  endfacet
  facet normal 0.90169 -0.148862 -0.40595
    outer loop
      vertex 8.923 -1.17474 0.599991
      vertex 9.21938 -1.83385 1.5
      vertex 8.82707 -1.75581 0.599991
    endloop
  endfacet
  facet normal 0.770591 -0.127274 -0.624493
    outer loop
      vertex 10.9059 -1.43579 3.5
      vertex 10.7886 -2.14599 3.5
      vertex 9.31958 -1.22694 1.5
    endloop
  endfacet
  facet normal 0.770607 -0.127226 -0.624482
    outer loop
      vertex 9.31958 -1.22694 1.5
      vertex 10.7886 -2.14599 3.5
      vertex 9.21938 -1.83385 1.5
    endloop
  endfacet
  facet normal 0.986633 -0.162957 0
    outer loop
      vertex 10.7886 -2.14599 7.5
      vertex 10.9059 -1.43579 3.5
      vertex 10.9059 -1.43579 7.5
    endloop
  endfacet
  facet normal 0.986633 -0.162957 0
    outer loop
      vertex 10.9059 -1.43579 3.5
      vertex 10.7886 -2.14599 7.5
      vertex 10.7886 -2.14599 3.5
    endloop
  endfacet
  facet normal 0.697853 -0.115291 0.706901
    outer loop
      vertex 10.9059 -1.43579 7.5
      vertex 10.4102 -1.37052 8
      vertex 10.2982 -2.04845 8
    endloop
  endfacet
  facet normal 0.697837 -0.115258 0.706923
    outer loop
      vertex 10.7886 -2.14599 7.5
      vertex 10.9059 -1.43579 7.5
      vertex 10.2982 -2.04845 8
    endloop
  endfacet
  facet normal 0.50782 -0.0838371 -0.857374
    outer loop
      vertex 8.923 -1.17474 0.599991
      vertex 8.82707 -1.75581 0.599991
      vertex 7.93156 -1.04421 0
    endloop
  endfacet
  facet normal 0.507816 -0.0838445 -0.857376
    outer loop
      vertex 7.93156 -1.04421 0
      vertex 8.82707 -1.75581 0.599991
      vertex 7.84628 -1.56072 0
    endloop
  endfacet
  facet normal 0.890021 -0.207525 -0.405951
    outer loop
      vertex 9.21938 -1.83385 1.5
      vertex 9.0797 -2.4329 1.5
      vertex 8.82707 -1.75581 0.599991
    endloop
  endfacet
  facet normal 0.890018 -0.20753 -0.405954
    outer loop
      vertex 8.82707 -1.75581 0.599991
      vertex 9.0797 -2.4329 1.5
      vertex 8.69333 -2.32937 0.599991
    endloop
  endfacet
  facet normal 0.760648 -0.177299 -0.624483
    outer loop
      vertex 10.7886 -2.14599 3.5
      vertex 10.6252 -2.84701 3.5
      vertex 9.21938 -1.83385 1.5
    endloop
  endfacet
  facet normal 0.760625 -0.177354 -0.624495
    outer loop
      vertex 9.21938 -1.83385 1.5
      vertex 10.6252 -2.84701 3.5
      vertex 9.0797 -2.4329 1.5
    endloop
  endfacet
  facet normal 0.973894 -0.227004 0
    outer loop
      vertex 10.6252 -2.84701 7.5
      vertex 10.7886 -2.14599 3.5
      vertex 10.7886 -2.14599 7.5
    endloop
  endfacet
  facet normal 0.973894 -0.227004 0
    outer loop
      vertex 10.7886 -2.14599 3.5
      vertex 10.6252 -2.84701 7.5
      vertex 10.6252 -2.84701 3.5
    endloop
  endfacet
  facet normal 0.68882 -0.160586 0.706922
    outer loop
      vertex 10.7886 -2.14599 7.5
      vertex 10.2982 -2.04845 8
      vertex 10.1422 -2.7176 8
    endloop
  endfacet
  facet normal 0.688807 -0.160553 0.706942
    outer loop
      vertex 10.6252 -2.84701 7.5
      vertex 10.7886 -2.14599 7.5
      vertex 10.1422 -2.7176 8
    endloop
  endfacet
  facet normal 0.501245 -0.116878 -0.857376
    outer loop
      vertex 8.82707 -1.75581 0.599991
      vertex 8.69333 -2.32937 0.599991
      vertex 7.84628 -1.56072 0
    endloop
  endfacet
  facet normal 0.501251 -0.11687 -0.857373
    outer loop
      vertex 7.84628 -1.56072 0
      vertex 8.69333 -2.32937 0.599991
      vertex 7.72741 -2.07055 0
    endloop
  endfacet
  facet normal 0.874541 -0.265291 -0.405954
    outer loop
      vertex 9.0797 -2.4329 1.5
      vertex 8.90114 -3.02153 1.5
      vertex 8.69333 -2.32937 0.599991
    endloop
  endfacet
  facet normal 0.874542 -0.265289 -0.405953
    outer loop
      vertex 8.69333 -2.32937 0.599991
      vertex 8.90114 -3.02153 1.5
      vertex 8.52237 -2.89295 0.599991
    endloop
  endfacet
  facet normal 0.747384 -0.226769 -0.624494
    outer loop
      vertex 10.6252 -2.84701 3.5
      vertex 10.4162 -3.53583 3.5
      vertex 9.0797 -2.4329 1.5
    endloop
  endfacet
  facet normal 0.747406 -0.226724 -0.624484
    outer loop
      vertex 9.0797 -2.4329 1.5
      vertex 10.4162 -3.53583 3.5
      vertex 8.90114 -3.02153 1.5
    endloop
  endfacet
  facet normal 0.956922 -0.290347 0
    outer loop
      vertex 10.4162 -3.53583 7.5
      vertex 10.6252 -2.84701 3.5
      vertex 10.6252 -2.84701 7.5
    endloop
  endfacet
  facet normal 0.956922 -0.290347 0
    outer loop
      vertex 10.6252 -2.84701 3.5
      vertex 10.4162 -3.53583 7.5
      vertex 10.4162 -3.53583 3.5
    endloop
  endfacet
  facet normal 0.676822 -0.205288 0.706943
    outer loop
      vertex 10.6252 -2.84701 7.5
      vertex 10.1422 -2.7176 8
      vertex 9.94277 -3.37511 8
    endloop
  endfacet
  facet normal 0.676849 -0.205368 0.706894
    outer loop
      vertex 10.4162 -3.53583 7.5
      vertex 10.6252 -2.84701 7.5
      vertex 9.94277 -3.37511 8
    endloop
  endfacet
  facet normal 0.492532 -0.149408 -0.857374
    outer loop
      vertex 8.69333 -2.32937 0.599991
      vertex 8.52237 -2.89295 0.599991
      vertex 7.72741 -2.07055 0
    endloop
  endfacet
  facet normal 0.492531 -0.14941 -0.857374
    outer loop
      vertex 7.72741 -2.07055 0
      vertex 8.52237 -2.89295 0.599991
      vertex 7.57544 -2.57152 0
    endloop
  endfacet
  facet normal 0.855316 -0.321927 -0.405953
    outer loop
      vertex 8.90114 -3.02153 1.5
      vertex 8.68446 -3.59722 1.5
      vertex 8.52237 -2.89295 0.599991
    endloop
  endfacet
  facet normal 0.855327 -0.321911 -0.405943
    outer loop
      vertex 8.52237 -2.89295 0.599991
      vertex 8.68446 -3.59722 1.5
      vertex 8.31492 -3.44415 0.599991
    endloop
  endfacet
  facet normal 0.730998 -0.275064 -0.624485
    outer loop
      vertex 10.4162 -3.53583 3.5
      vertex 10.1627 -4.20952 3.5
      vertex 8.90114 -3.02153 1.5
    endloop
  endfacet
  facet normal 0.730964 -0.275123 -0.624499
    outer loop
      vertex 8.90114 -3.02153 1.5
      vertex 10.1627 -4.20952 3.5
      vertex 8.68446 -3.59722 1.5
    endloop
  endfacet
  facet normal 0.935933 -0.352178 0
    outer loop
      vertex 10.1627 -4.20952 7.5
      vertex 10.4162 -3.53583 3.5
      vertex 10.4162 -3.53583 7.5
    endloop
  endfacet
  facet normal 0.935933 -0.352178 0
    outer loop
      vertex 10.4162 -3.53583 3.5
      vertex 10.1627 -4.20952 7.5
      vertex 10.1627 -4.20952 3.5
    endloop
  endfacet
  facet normal 0.661982 -0.249158 0.706894
    outer loop
      vertex 10.4162 -3.53583 7.5
      vertex 9.94277 -3.37511 8
      vertex 9.70073 -4.01818 8
    endloop
  endfacet
  facet normal 0.661964 -0.249088 0.706936
    outer loop
      vertex 10.1627 -4.20952 7.5
      vertex 10.4162 -3.53583 7.5
      vertex 9.70073 -4.01818 8
    endloop
  endfacet
  facet normal 0.481707 -0.181296 -0.857374
    outer loop
      vertex 8.52237 -2.89295 0.599991
      vertex 8.31492 -3.44415 0.599991
      vertex 7.57544 -2.57152 0
    endloop
  endfacet
  facet normal 0.481706 -0.181297 -0.857375
    outer loop
      vertex 7.57544 -2.57152 0
      vertex 8.31492 -3.44415 0.599991
      vertex 7.39104 -3.06147 0
    endloop
  endfacet
  facet normal 0.832439 -0.377167 -0.405943
    outer loop
      vertex 8.68446 -3.59722 1.5
      vertex 8.4306 -4.15751 1.5
      vertex 8.31492 -3.44415 0.599991
    endloop
  endfacet
  facet normal 0.832429 -0.37718 -0.405952
    outer loop
      vertex 8.31492 -3.44415 0.599991
      vertex 8.4306 -4.15751 1.5
      vertex 8.07185 -3.9806 0.599991
    endloop
  endfacet
  facet normal 0.711398 -0.322357 -0.624498
    outer loop
      vertex 10.1627 -4.20952 3.5
      vertex 9.8656 -4.86518 3.5
      vertex 8.68446 -3.59722 1.5
    endloop
  endfacet
  facet normal 0.711415 -0.322333 -0.624493
    outer loop
      vertex 8.68446 -3.59722 1.5
      vertex 9.8656 -4.86518 3.5
      vertex 8.4306 -4.15751 1.5
    endloop
  endfacet
  facet normal 0.910851 -0.412735 0
    outer loop
      vertex 9.8656 -4.86518 7.5
      vertex 10.1627 -4.20952 3.5
      vertex 10.1627 -4.20952 7.5
    endloop
  endfacet
  facet normal 0.910851 -0.412735 0
    outer loop
      vertex 10.1627 -4.20952 3.5
      vertex 9.8656 -4.86518 7.5
      vertex 9.8656 -4.86518 3.5
    endloop
  endfacet
  facet normal 0.644233 -0.291899 0.706936
    outer loop
      vertex 10.1627 -4.20952 7.5
      vertex 9.70073 -4.01818 8
      vertex 9.41716 -4.64403 8
    endloop
  endfacet
  facet normal 0.644237 -0.291924 0.706922
    outer loop
      vertex 9.8656 -4.86518 7.5
      vertex 10.1627 -4.20952 7.5
      vertex 9.41716 -4.64403 8
    endloop
  endfacet
  facet normal 0.468813 -0.212423 -0.857374
    outer loop
      vertex 8.31492 -3.44415 0.599991
      vertex 8.07185 -3.9806 0.599991
      vertex 7.39104 -3.06147 0
    endloop
  endfacet
  facet normal 0.468813 -0.212423 -0.857374
    outer loop
      vertex 7.39104 -3.06147 0
      vertex 8.07185 -3.9806 0.599991
      vertex 7.17498 -3.53831 0
    endloop
  endfacet
  facet normal 0.805981 -0.43081 -0.405952
    outer loop
      vertex 8.4306 -4.15751 1.5
      vertex 8.14063 -4.7 1.5
      vertex 8.07185 -3.9806 0.599991
    endloop
  endfacet
  facet normal 0.805989 -0.430802 -0.405946
    outer loop
      vertex 8.07185 -3.9806 0.599991
      vertex 8.14063 -4.7 1.5
      vertex 7.79423 -4.5 0.599991
    endloop
  endfacet
  facet normal 0.688807 -0.368177 -0.624493
    outer loop
      vertex 9.8656 -4.86518 3.5
      vertex 9.52628 -5.5 3.5
      vertex 8.4306 -4.15751 1.5
    endloop
  endfacet
  facet normal 0.688806 -0.368178 -0.624493
    outer loop
      vertex 8.4306 -4.15751 1.5
      vertex 9.52628 -5.5 3.5
      vertex 8.14063 -4.7 1.5
    endloop
  endfacet
  facet normal 0.88192 -0.471399 0
    outer loop
      vertex 9.52628 -5.5 7.5
      vertex 9.8656 -4.86518 3.5
      vertex 9.8656 -4.86518 7.5
    endloop
  endfacet
  facet normal 0.88192 -0.471399 0
    outer loop
      vertex 9.8656 -4.86518 3.5
      vertex 9.52628 -5.5 7.5
      vertex 9.52628 -5.5 3.5
    endloop
  endfacet
  facet normal 0.623779 -0.333409 0.706922
    outer loop
      vertex 9.8656 -4.86518 7.5
      vertex 9.41716 -4.64403 8
      vertex 9.09327 -5.25 8
    endloop
  endfacet
  facet normal 0.62378 -0.333419 0.706916
    outer loop
      vertex 9.52628 -5.5 7.5
      vertex 9.8656 -4.86518 7.5
      vertex 9.09327 -5.25 8
    endloop
  endfacet
  facet normal 0.453921 -0.242621 -0.857374
    outer loop
      vertex 8.07185 -3.9806 0.599991
      vertex 7.79423 -4.5 0.599991
      vertex 7.17498 -3.53831 0
    endloop
  endfacet
  facet normal 0.453916 -0.242625 -0.857376
    outer loop
      vertex 7.17498 -3.53831 0
      vertex 7.79423 -4.5 0.599991
      vertex 6.9282 -4 0
    endloop
  endfacet
  facet normal 0.776086 -0.482595 -0.405946
    outer loop
      vertex 8.14063 -4.7 1.5
      vertex 7.81581 -5.22236 1.5
      vertex 7.79423 -4.5 0.599991
    endloop
  endfacet
  facet normal 0.776083 -0.482598 -0.405949
    outer loop
      vertex 7.79423 -4.5 0.599991
      vertex 7.81581 -5.22236 1.5
      vertex 7.48323 -5.00013 0.599991
    endloop
  endfacet
  facet normal 0.663249 -0.412443 -0.624493
    outer loop
      vertex 9.52628 -5.5 3.5
      vertex 9.14616 -6.11127 3.5
      vertex 8.14063 -4.7 1.5
    endloop
  endfacet
  facet normal 0.663257 -0.412434 -0.62449
    outer loop
      vertex 8.14063 -4.7 1.5
      vertex 9.14616 -6.11127 3.5
      vertex 7.81581 -5.22236 1.5
    endloop
  endfacet
  facet normal 0.849197 -0.528076 0
    outer loop
      vertex 9.14616 -6.11127 7.5
      vertex 9.52628 -5.5 3.5
      vertex 9.52628 -5.5 7.5
    endloop
  endfacet
  facet normal 0.849197 -0.528076 0
    outer loop
      vertex 9.52628 -5.5 3.5
      vertex 9.14616 -6.11127 7.5
      vertex 9.14616 -6.11127 3.5
    endloop
  endfacet
  facet normal 0.600638 -0.373503 0.706916
    outer loop
      vertex 9.52628 -5.5 7.5
      vertex 9.09327 -5.25 8
      vertex 8.73043 -5.83349 8
    endloop
  endfacet
  facet normal 0.600638 -0.373508 0.706913
    outer loop
      vertex 9.14616 -6.11127 7.5
      vertex 9.52628 -5.5 7.5
      vertex 8.73043 -5.83349 8
    endloop
  endfacet
  facet normal 0.437077 -0.271791 -0.857376
    outer loop
      vertex 7.79423 -4.5 0.599991
      vertex 7.48323 -5.00013 0.599991
      vertex 6.9282 -4 0
    endloop
  endfacet
  facet normal 0.43708 -0.271789 -0.857375
    outer loop
      vertex 6.9282 -4 0
      vertex 7.48323 -5.00013 0.599991
      vertex 6.65176 -4.44456 0
    endloop
  endfacet
  facet normal 0.742856 -0.532326 -0.405949
    outer loop
      vertex 7.48323 -5.00013 0.599991
      vertex 7.81581 -5.22236 1.5
      vertex 7.45752 -5.72235 1.5
    endloop
  endfacet
  facet normal 0.742854 -0.532328 -0.40595
    outer loop
      vertex 7.48323 -5.00013 0.599991
      vertex 7.45752 -5.72235 1.5
      vertex 7.14018 -5.47885 0.599991
    endloop
  endfacet
  facet normal 0.634863 -0.454929 -0.624491
    outer loop
      vertex 9.14616 -6.11127 3.5
      vertex 8.72689 -6.69637 3.5
      vertex 7.81581 -5.22236 1.5
    endloop
  endfacet
  facet normal 0.634857 -0.454935 -0.624492
    outer loop
      vertex 7.81581 -5.22236 1.5
      vertex 8.72689 -6.69637 3.5
      vertex 7.45752 -5.72235 1.5
    endloop
  endfacet
  facet normal 0.812851 -0.582472 0
    outer loop
      vertex 8.72689 -6.69637 7.5
      vertex 9.14616 -6.11127 3.5
      vertex 9.14616 -6.11127 7.5
    endloop
  endfacet
  facet normal 0.812851 -0.582472 0
    outer loop
      vertex 9.14616 -6.11127 3.5
      vertex 8.72689 -6.69637 7.5
      vertex 8.72689 -6.69637 3.5
    endloop
  endfacet
  facet normal 0.574925 -0.41199 0.706912
    outer loop
      vertex 9.14616 -6.11127 7.5
      vertex 8.73043 -5.83349 8
      vertex 8.33021 -6.39199 8
    endloop
  endfacet
  facet normal 0.574925 -0.411979 0.706919
    outer loop
      vertex 8.72689 -6.69637 7.5
      vertex 9.14616 -6.11127 7.5
      vertex 8.33021 -6.39199 8
    endloop
  endfacet
  facet normal 0.418365 -0.299799 -0.857375
    outer loop
      vertex 7.48323 -5.00013 0.599991
      vertex 7.14018 -5.47885 0.599991
      vertex 6.65176 -4.44456 0
    endloop
  endfacet
  facet normal 0.418368 -0.299797 -0.857374
    outer loop
      vertex 6.65176 -4.44456 0
      vertex 7.14018 -5.47885 0.599991
      vertex 6.34683 -4.87009 0
    endloop
  endfacet
  facet normal 0.706453 -0.579767 -0.40595
    outer loop
      vertex 7.14018 -5.47885 0.599991
      vertex 7.45752 -5.72235 1.5
      vertex 7.06729 -6.19785 1.5
    endloop
  endfacet
  facet normal 0.706452 -0.579767 -0.40595
    outer loop
      vertex 7.14018 -5.47885 0.599991
      vertex 7.06729 -6.19785 1.5
      vertex 6.76656 -5.93411 0.599991
    endloop
  endfacet
  facet normal 0.603745 -0.495481 -0.624492
    outer loop
      vertex 8.72689 -6.69637 3.5
      vertex 8.27024 -7.2528 3.5
      vertex 7.45752 -5.72235 1.5
    endloop
  endfacet
  facet normal 0.603747 -0.495479 -0.624492
    outer loop
      vertex 7.45752 -5.72235 1.5
      vertex 8.27024 -7.2528 3.5
      vertex 7.06729 -6.19785 1.5
    endloop
  endfacet
  facet normal 0.773011 -0.634393 0
    outer loop
      vertex 8.27024 -7.2528 7.5
      vertex 8.72689 -6.69637 3.5
      vertex 8.72689 -6.69637 7.5
    endloop
  endfacet
  facet normal 0.773011 -0.634393 0
    outer loop
      vertex 8.72689 -6.69637 3.5
      vertex 8.27024 -7.2528 7.5
      vertex 8.27024 -7.2528 3.5
    endloop
  endfacet
  facet normal 0.546749 -0.4487 0.706919
    outer loop
      vertex 8.72689 -6.69637 7.5
      vertex 8.33021 -6.39199 8
      vertex 7.89432 -6.92313 8
    endloop
  endfacet
  facet normal 0.546748 -0.448705 0.706916
    outer loop
      vertex 8.27024 -7.2528 7.5
      vertex 8.72689 -6.69637 7.5
      vertex 7.89432 -6.92313 8
    endloop
  endfacet
  facet normal 0.397865 -0.326517 -0.857374
    outer loop
      vertex 7.14018 -5.47885 0.599991
      vertex 6.76656 -5.93411 0.599991
      vertex 6.34683 -4.87009 0
    endloop
  endfacet
  facet normal 0.397865 -0.326517 -0.857374
    outer loop
      vertex 6.34683 -4.87009 0
      vertex 6.76656 -5.93411 0.599991
      vertex 6.01472 -5.27477 0
    endloop
  endfacet
  facet normal 0.667017 -0.624733 -0.405951
    outer loop
      vertex 6.76656 -5.93411 0.599991
      vertex 7.06729 -6.19785 1.5
      vertex 6.6468 -6.6468 1.5
    endloop
  endfacet
  facet normal 0.667018 -0.624733 -0.40595
    outer loop
      vertex 6.76656 -5.93411 0.599991
      vertex 6.6468 -6.6468 1.5
      vertex 6.36396 -6.36396 0.599991
    endloop
  endfacet
  facet normal 0.570043 -0.533911 -0.624492
    outer loop
      vertex 8.27024 -7.2528 3.5
      vertex 7.77817 -7.77817 3.5
      vertex 7.06729 -6.19785 1.5
    endloop
  endfacet
  facet normal 0.570046 -0.533909 -0.624491
    outer loop
      vertex 7.06729 -6.19785 1.5
      vertex 7.77817 -7.77817 3.5
      vertex 6.6468 -6.6468 1.5
    endloop
  endfacet
  facet normal 0.729859 -0.683598 0
    outer loop
      vertex 7.77817 -7.77817 7.5
      vertex 8.27024 -7.2528 3.5
      vertex 8.27024 -7.2528 7.5
    endloop
  endfacet
  facet normal 0.729859 -0.683598 0
    outer loop
      vertex 8.27024 -7.2528 3.5
      vertex 7.77817 -7.77817 7.5
      vertex 7.77817 -7.77817 3.5
    endloop
  endfacet
  facet normal 0.516229 -0.483505 0.706916
    outer loop
      vertex 8.27024 -7.2528 7.5
      vertex 7.89432 -6.92313 8
      vertex 7.42462 -7.42462 8
    endloop
  endfacet
  facet normal 0.516229 -0.483508 0.706914
    outer loop
      vertex 7.77817 -7.77817 7.5
      vertex 8.27024 -7.2528 7.5
      vertex 7.42462 -7.42462 8
    endloop
  endfacet
  facet normal 0.375656 -0.351842 -0.857374
    outer loop
      vertex 6.36396 -6.36396 0.599991
      vertex 6.01472 -5.27477 0
      vertex 6.76656 -5.93411 0.599991
    endloop
  endfacet
  facet normal 0.375648 -0.351845 -0.857376
    outer loop
      vertex 6.01472 -5.27477 0
      vertex 6.36396 -6.36396 0.599991
      vertex 5.65685 -5.65685 0
    endloop
  endfacet
  facet normal 0.624734 -0.667017 -0.40595
    outer loop
      vertex 6.36396 -6.36396 0.599991
      vertex 6.6468 -6.6468 1.5
      vertex 6.19785 -7.06729 1.5
    endloop
  endfacet
  facet normal 0.624733 -0.667018 -0.405951
    outer loop
      vertex 6.36396 -6.36396 0.599991
      vertex 6.19785 -7.06729 1.5
      vertex 5.93411 -6.76656 0.599991
    endloop
  endfacet
  facet normal 0.533912 -0.570043 -0.624491
    outer loop
      vertex 7.77817 -7.77817 3.5
      vertex 7.2528 -8.27024 3.5
      vertex 6.6468 -6.6468 1.5
    endloop
  endfacet
  facet normal 0.533909 -0.570045 -0.624492
    outer loop
      vertex 6.6468 -6.6468 1.5
      vertex 7.2528 -8.27024 3.5
      vertex 6.19785 -7.06729 1.5
    endloop
  endfacet
  facet normal 0.683598 -0.729859 0
    outer loop
      vertex 7.2528 -8.27024 3.5
      vertex 7.77817 -7.77817 7.5
      vertex 7.2528 -8.27024 7.5
    endloop
  endfacet
  facet normal 0.683598 -0.729859 0
    outer loop
      vertex 7.77817 -7.77817 7.5
      vertex 7.2528 -8.27024 3.5
      vertex 7.77817 -7.77817 3.5
    endloop
  endfacet
  facet normal 0.483506 -0.516231 0.706914
    outer loop
      vertex 7.77817 -7.77817 7.5
      vertex 7.42462 -7.42462 8
      vertex 6.92313 -7.89432 8
    endloop
  endfacet
  facet normal 0.483507 -0.516227 0.706916
    outer loop
      vertex 7.2528 -8.27024 7.5
      vertex 7.77817 -7.77817 7.5
      vertex 6.92313 -7.89432 8
    endloop
  endfacet
  facet normal 0.351839 -0.375654 -0.857376
    outer loop
      vertex 5.93411 -6.76656 0.599991
      vertex 5.65685 -5.65685 0
      vertex 6.36396 -6.36396 0.599991
    endloop
  endfacet
  facet normal 0.351848 -0.375651 -0.857374
    outer loop
      vertex 5.65685 -5.65685 0
      vertex 5.93411 -6.76656 0.599991
      vertex 5.27477 -6.01472 0
    endloop
  endfacet
  facet normal 0.579766 -0.706452 -0.40595
    outer loop
      vertex 5.93411 -6.76656 0.599991
      vertex 6.19785 -7.06729 1.5
      vertex 5.72235 -7.45752 1.5
    endloop
  endfacet
  facet normal 0.579767 -0.706452 -0.40595
    outer loop
      vertex 5.93411 -6.76656 0.599991
      vertex 5.72235 -7.45752 1.5
      vertex 5.47885 -7.14018 0.599991
    endloop
  endfacet
  facet normal 0.495481 -0.603746 -0.624492
    outer loop
      vertex 7.2528 -8.27024 3.5
      vertex 6.69637 -8.72689 3.5
      vertex 6.19785 -7.06729 1.5
    endloop
  endfacet
  facet normal 0.495479 -0.603747 -0.624492
    outer loop
      vertex 6.19785 -7.06729 1.5
      vertex 6.69637 -8.72689 3.5
      vertex 5.72235 -7.45752 1.5
    endloop
  endfacet
  facet normal 0.634393 -0.773011 0
    outer loop
      vertex 6.69637 -8.72689 3.5
      vertex 7.2528 -8.27024 7.5
      vertex 6.69637 -8.72689 7.5
    endloop
  endfacet
  facet normal 0.634393 -0.773011 0
    outer loop
      vertex 7.2528 -8.27024 7.5
      vertex 6.69637 -8.72689 3.5
      vertex 7.2528 -8.27024 3.5
    endloop
  endfacet
  facet normal 0.448701 -0.546751 0.706916
    outer loop
      vertex 7.2528 -8.27024 7.5
      vertex 6.92313 -7.89432 8
      vertex 6.39199 -8.33021 8
    endloop
  endfacet
  facet normal 0.448703 -0.546746 0.706919
    outer loop
      vertex 6.69637 -8.72689 7.5
      vertex 7.2528 -8.27024 7.5
      vertex 6.39199 -8.33021 8
    endloop
  endfacet
  facet normal 0.326517 -0.397865 -0.857374
    outer loop
      vertex 5.93411 -6.76656 0.599991
      vertex 5.47885 -7.14018 0.599991
      vertex 5.27477 -6.01472 0
    endloop
  endfacet
  facet normal 0.326517 -0.397865 -0.857374
    outer loop
      vertex 5.27477 -6.01472 0
      vertex 5.47885 -7.14018 0.599991
      vertex 4.87009 -6.34683 0
    endloop
  endfacet
  facet normal 0.532326 -0.742855 -0.40595
    outer loop
      vertex 5.47885 -7.14018 0.599991
      vertex 5.72235 -7.45752 1.5
      vertex 5.22236 -7.81581 1.5
    endloop
  endfacet
  facet normal 0.532328 -0.742854 -0.405949
    outer loop
      vertex 5.47885 -7.14018 0.599991
      vertex 5.22236 -7.81581 1.5
      vertex 5.00013 -7.48323 0.599991
    endloop
  endfacet
  facet normal 0.454928 -0.634862 -0.624492
    outer loop
      vertex 6.69637 -8.72689 3.5
      vertex 6.11127 -9.14616 3.5
      vertex 5.72235 -7.45752 1.5
    endloop
  endfacet
  facet normal 0.454936 -0.634858 -0.62449
    outer loop
      vertex 5.72235 -7.45752 1.5
      vertex 6.11127 -9.14616 3.5
      vertex 5.22236 -7.81581 1.5
    endloop
  endfacet
  facet normal 0.582472 -0.812851 0
    outer loop
      vertex 6.11127 -9.14616 3.5
      vertex 6.69637 -8.72689 7.5
      vertex 6.11127 -9.14616 7.5
    endloop
  endfacet
  facet normal 0.582472 -0.812851 0
    outer loop
      vertex 6.69637 -8.72689 7.5
      vertex 6.11127 -9.14616 3.5
      vertex 6.69637 -8.72689 3.5
    endloop
  endfacet
  facet normal 0.411986 -0.57492 0.706919
    outer loop
      vertex 6.69637 -8.72689 7.5
      vertex 6.39199 -8.33021 8
      vertex 5.83349 -8.73043 8
    endloop
  endfacet
  facet normal 0.411983 -0.57493 0.706913
    outer loop
      vertex 6.11127 -9.14616 7.5
      vertex 6.69637 -8.72689 7.5
      vertex 5.83349 -8.73043 8
    endloop
  endfacet
  facet normal 0.2998 -0.418366 -0.857374
    outer loop
      vertex 5.47885 -7.14018 0.599991
      vertex 5.00013 -7.48323 0.599991
      vertex 4.87009 -6.34683 0
    endloop
  endfacet
  facet normal 0.299797 -0.418366 -0.857375
    outer loop
      vertex 4.87009 -6.34683 0
      vertex 5.00013 -7.48323 0.599991
      vertex 4.44456 -6.65176 0
    endloop
  endfacet
  facet normal 0.482594 -0.776085 -0.405949
    outer loop
      vertex 5.00013 -7.48323 0.599991
      vertex 5.22236 -7.81581 1.5
      vertex 4.7 -8.14063 1.5
    endloop
  endfacet
  facet normal 0.482599 -0.776084 -0.405946
    outer loop
      vertex 5.00013 -7.48323 0.599991
      vertex 4.7 -8.14063 1.5
      vertex 4.5 -7.79423 0.599991
    endloop
  endfacet
  facet normal 0.412444 -0.663251 -0.624491
    outer loop
      vertex 6.11127 -9.14616 3.5
      vertex 5.5 -9.52628 3.5
      vertex 5.22236 -7.81581 1.5
    endloop
  endfacet
  facet normal 0.412433 -0.663255 -0.624493
    outer loop
      vertex 5.22236 -7.81581 1.5
      vertex 5.5 -9.52628 3.5
      vertex 4.7 -8.14063 1.5
    endloop
  endfacet
  facet normal 0.528076 -0.849197 0
    outer loop
      vertex 5.5 -9.52628 3.5
      vertex 6.11127 -9.14616 7.5
      vertex 5.5 -9.52628 7.5
    endloop
  endfacet
  facet normal 0.528076 -0.849197 0
    outer loop
      vertex 6.11127 -9.14616 7.5
      vertex 5.5 -9.52628 3.5
      vertex 6.11127 -9.14616 3.5
    endloop
  endfacet
  facet normal 0.373505 -0.60064 0.706913
    outer loop
      vertex 6.11127 -9.14616 7.5
      vertex 5.83349 -8.73043 8
      vertex 5.25 -9.09327 8
    endloop
  endfacet
  facet normal 0.373507 -0.600635 0.706916
    outer loop
      vertex 5.5 -9.52628 7.5
      vertex 6.11127 -9.14616 7.5
      vertex 5.25 -9.09327 8
    endloop
  endfacet
  facet normal 0.271792 -0.437078 -0.857375
    outer loop
      vertex 5.00013 -7.48323 0.599991
      vertex 4.5 -7.79423 0.599991
      vertex 4.44456 -6.65176 0
    endloop
  endfacet
  facet normal 0.271788 -0.437079 -0.857376
    outer loop
      vertex 4.44456 -6.65176 0
      vertex 4.5 -7.79423 0.599991
      vertex 4 -6.9282 0
    endloop
  endfacet
  facet normal 0.430812 -0.805983 -0.405946
    outer loop
      vertex 4.5 -7.79423 0.599991
      vertex 4.7 -8.14063 1.5
      vertex 4.15751 -8.4306 1.5
    endloop
  endfacet
  facet normal 0.430801 -0.805986 -0.405952
    outer loop
      vertex 4.5 -7.79423 0.599991
      vertex 4.15751 -8.4306 1.5
      vertex 3.9806 -8.07185 0.599991
    endloop
  endfacet
  facet normal 0.368177 -0.688807 -0.624493
    outer loop
      vertex 5.5 -9.52628 3.5
      vertex 4.86518 -9.8656 3.5
      vertex 4.7 -8.14063 1.5
    endloop
  endfacet
  facet normal 0.368178 -0.688806 -0.624493
    outer loop
      vertex 4.7 -8.14063 1.5
      vertex 4.86518 -9.8656 3.5
      vertex 4.15751 -8.4306 1.5
    endloop
  endfacet
  facet normal 0.471399 -0.88192 0
    outer loop
      vertex 4.86518 -9.8656 3.5
      vertex 5.5 -9.52628 7.5
      vertex 4.86518 -9.8656 7.5
    endloop
  endfacet
  facet normal 0.471399 -0.88192 0
    outer loop
      vertex 5.5 -9.52628 7.5
      vertex 4.86518 -9.8656 3.5
      vertex 5.5 -9.52628 3.5
    endloop
  endfacet
  facet normal 0.333412 -0.623784 0.706916
    outer loop
      vertex 5.5 -9.52628 7.5
      vertex 5.25 -9.09327 8
      vertex 4.64403 -9.41716 8
    endloop
  endfacet
  facet normal 0.333416 -0.623775 0.706922
    outer loop
      vertex 4.86518 -9.8656 7.5
      vertex 5.5 -9.52628 7.5
      vertex 4.64403 -9.41716 8
    endloop
  endfacet
  facet normal 0.24262 -0.453919 -0.857376
    outer loop
      vertex 4 -6.9282 0
      vertex 4.5 -7.79423 0.599991
      vertex 3.9806 -8.07185 0.599991
    endloop
  endfacet
  facet normal 0.242626 -0.453918 -0.857374
    outer loop
      vertex 4 -6.9282 0
      vertex 3.9806 -8.07185 0.599991
      vertex 3.53831 -7.17498 0
    endloop
  endfacet
  facet normal 0.377166 -0.832436 -0.405952
    outer loop
      vertex 3.9806 -8.07185 0.599991
      vertex 4.15751 -8.4306 1.5
      vertex 3.59722 -8.68446 1.5
    endloop
  endfacet
  facet normal 0.377182 -0.832433 -0.405943
    outer loop
      vertex 3.9806 -8.07185 0.599991
      vertex 3.59722 -8.68446 1.5
      vertex 3.44415 -8.31492 0.599991
    endloop
  endfacet
  facet normal 0.322359 -0.711402 -0.624493
    outer loop
      vertex 4.86518 -9.8656 3.5
      vertex 4.20952 -10.1627 3.5
      vertex 4.15751 -8.4306 1.5
    endloop
  endfacet
  facet normal 0.32233 -0.71141 -0.624499
    outer loop
      vertex 4.15751 -8.4306 1.5
      vertex 4.20952 -10.1627 3.5
      vertex 3.59722 -8.68446 1.5
    endloop
  endfacet
  facet normal 0.412735 -0.910851 0
    outer loop
      vertex 4.20952 -10.1627 3.5
      vertex 4.86518 -9.8656 7.5
      vertex 4.20952 -10.1627 7.5
    endloop
  endfacet
  facet normal 0.412735 -0.910851 0
    outer loop
      vertex 4.86518 -9.8656 7.5
      vertex 4.20952 -10.1627 3.5
      vertex 4.86518 -9.8656 3.5
    endloop
  endfacet
  facet normal 0.291905 -0.644246 0.706921
    outer loop
      vertex 4.86518 -9.8656 7.5
      vertex 4.64403 -9.41716 8
      vertex 4.01818 -9.70073 8
    endloop
  endfacet
  facet normal 0.291918 -0.644224 0.706936
    outer loop
      vertex 4.20952 -10.1627 7.5
      vertex 4.86518 -9.8656 7.5
      vertex 4.01818 -9.70073 8
    endloop
  endfacet
  facet normal 0.212423 -0.468813 -0.857374
    outer loop
      vertex 3.53831 -7.17498 0
      vertex 3.9806 -8.07185 0.599991
      vertex 3.44415 -8.31492 0.599991
    endloop
  endfacet
  facet normal 0.212423 -0.468813 -0.857374
    outer loop
      vertex 3.53831 -7.17498 0
      vertex 3.44415 -8.31492 0.599991
      vertex 3.06147 -7.39104 0
    endloop
  endfacet
  facet normal 0.321928 -0.85532 -0.405943
    outer loop
      vertex 3.44415 -8.31492 0.599991
      vertex 3.59722 -8.68446 1.5
      vertex 3.02153 -8.90114 1.5
    endloop
  endfacet
  facet normal 0.32191 -0.855322 -0.405953
    outer loop
      vertex 3.44415 -8.31492 0.599991
      vertex 3.02153 -8.90114 1.5
      vertex 2.89295 -8.52237 0.599991
    endloop
  endfacet
  facet normal 0.275061 -0.730988 -0.624498
    outer loop
      vertex 3.59722 -8.68446 1.5
      vertex 4.20952 -10.1627 3.5
      vertex 3.53583 -10.4162 3.5
    endloop
  endfacet
  facet normal 0.275127 -0.730975 -0.624484
    outer loop
      vertex 3.59722 -8.68446 1.5
      vertex 3.53583 -10.4162 3.5
      vertex 3.02153 -8.90114 1.5
    endloop
  endfacet
  facet normal 0.352178 -0.935933 0
    outer loop
      vertex 3.53583 -10.4162 3.5
      vertex 4.20952 -10.1627 7.5
      vertex 3.53583 -10.4162 7.5
    endloop
  endfacet
  facet normal 0.352178 -0.935933 0
    outer loop
      vertex 4.20952 -10.1627 7.5
      vertex 3.53583 -10.4162 3.5
      vertex 4.20952 -10.1627 3.5
    endloop
  endfacet
  facet normal 0.249143 -0.661942 0.706937
    outer loop
      vertex 4.20952 -10.1627 7.5
      vertex 4.01818 -9.70073 8
      vertex 3.37511 -9.94277 8
    endloop
  endfacet
  facet normal 0.249102 -0.662003 0.706895
    outer loop
      vertex 3.53583 -10.4162 7.5
      vertex 4.20952 -10.1627 7.5
      vertex 3.37511 -9.94277 8
    endloop
  endfacet
  facet normal 0.181295 -0.481706 -0.857374
    outer loop
      vertex 3.06147 -7.39104 0
      vertex 3.44415 -8.31492 0.599991
      vertex 2.89295 -8.52237 0.599991
    endloop
  endfacet
  facet normal 0.181297 -0.481706 -0.857374
    outer loop
      vertex 3.06147 -7.39104 0
      vertex 2.89295 -8.52237 0.599991
      vertex 2.57152 -7.57544 0
    endloop
  endfacet
  facet normal 0.265291 -0.874542 -0.405953
    outer loop
      vertex 2.89295 -8.52237 0.599991
      vertex 3.02153 -8.90114 1.5
      vertex 2.4329 -9.0797 1.5
    endloop
  endfacet
  facet normal 0.265289 -0.874542 -0.405954
    outer loop
      vertex 2.89295 -8.52237 0.599991
      vertex 2.4329 -9.0797 1.5
      vertex 2.32937 -8.69333 0.599991
    endloop
  endfacet
  facet normal 0.226771 -0.747391 -0.624485
    outer loop
      vertex 3.02153 -8.90114 1.5
      vertex 3.53583 -10.4162 3.5
      vertex 2.84701 -10.6252 3.5
    endloop
  endfacet
  facet normal 0.226722 -0.747397 -0.624495
    outer loop
      vertex 3.02153 -8.90114 1.5
      vertex 2.84701 -10.6252 3.5
      vertex 2.4329 -9.0797 1.5
    endloop
  endfacet
  facet normal 0.290347 -0.956922 0
    outer loop
      vertex 2.84701 -10.6252 3.5
      vertex 3.53583 -10.4162 7.5
      vertex 2.84701 -10.6252 7.5
    endloop
  endfacet
  facet normal 0.290347 -0.956922 0
    outer loop
      vertex 3.53583 -10.4162 7.5
      vertex 2.84701 -10.6252 3.5
      vertex 3.53583 -10.4162 3.5
    endloop
  endfacet
  facet normal 0.205302 -0.67687 0.706893
    outer loop
      vertex 3.53583 -10.4162 7.5
      vertex 3.37511 -9.94277 8
      vertex 2.7176 -10.1422 8
    endloop
  endfacet
  facet normal 0.205354 -0.676803 0.706942
    outer loop
      vertex 2.84701 -10.6252 7.5
      vertex 3.53583 -10.4162 7.5
      vertex 2.7176 -10.1422 8
    endloop
  endfacet
  facet normal 0.149408 -0.492531 -0.857374
    outer loop
      vertex 2.57152 -7.57544 0
      vertex 2.89295 -8.52237 0.599991
      vertex 2.32937 -8.69333 0.599991
    endloop
  endfacet
  facet normal 0.14941 -0.492532 -0.857373
    outer loop
      vertex 2.57152 -7.57544 0
      vertex 2.32937 -8.69333 0.599991
      vertex 2.07055 -7.72741 0
    endloop
  endfacet
  facet normal 0.207525 -0.89002 -0.405954
    outer loop
      vertex 2.32937 -8.69333 0.599991
      vertex 2.4329 -9.0797 1.5
      vertex 1.83385 -9.21938 1.5
    endloop
  endfacet
  facet normal 0.207531 -0.89002 -0.405951
    outer loop
      vertex 2.32937 -8.69333 0.599991
      vertex 1.83385 -9.21938 1.5
      vertex 1.75581 -8.82707 0.599991
    endloop
  endfacet
  facet normal 0.177297 -0.76064 -0.624494
    outer loop
      vertex 2.4329 -9.0797 1.5
      vertex 2.84701 -10.6252 3.5
      vertex 2.14599 -10.7886 3.5
    endloop
  endfacet
  facet normal 0.177357 -0.760636 -0.624482
    outer loop
      vertex 2.4329 -9.0797 1.5
      vertex 2.14599 -10.7886 3.5
      vertex 1.83385 -9.21938 1.5
    endloop
  endfacet
  facet normal 0.227004 -0.973894 0
    outer loop
      vertex 2.14599 -10.7886 3.5
      vertex 2.84701 -10.6252 7.5
      vertex 2.14599 -10.7886 7.5
    endloop
  endfacet
  facet normal 0.227004 -0.973894 0
    outer loop
      vertex 2.84701 -10.6252 7.5
      vertex 2.14599 -10.7886 3.5
      vertex 2.84701 -10.6252 3.5
    endloop
  endfacet
  facet normal 0.160581 -0.6888 0.706943
    outer loop
      vertex 2.84701 -10.6252 7.5
      vertex 2.7176 -10.1422 8
      vertex 2.04845 -10.2982 8
    endloop
  endfacet
  facet normal 0.160558 -0.688826 0.706923
    outer loop
      vertex 2.14599 -10.7886 7.5
      vertex 2.84701 -10.6252 7.5
      vertex 2.04845 -10.2982 8
    endloop
  endfacet
  facet normal 0.116879 -0.501248 -0.857374
    outer loop
      vertex 2.07055 -7.72741 0
      vertex 2.32937 -8.69333 0.599991
      vertex 1.75581 -8.82707 0.599991
    endloop
  endfacet
  facet normal 0.116869 -0.501247 -0.857376
    outer loop
      vertex 2.07055 -7.72741 0
      vertex 1.75581 -8.82707 0.599991
      vertex 1.56072 -7.84628 0
    endloop
  endfacet
  facet normal 0.148868 -0.901689 -0.405951
    outer loop
      vertex 1.75581 -8.82707 0.599991
      vertex 1.83385 -9.21938 1.5
      vertex 1.22694 -9.31958 1.5
    endloop
  endfacet
  facet normal 0.148862 -0.901688 -0.405954
    outer loop
      vertex 1.75581 -8.82707 0.599991
      vertex 1.22694 -9.31958 1.5
      vertex 1.17474 -8.923 0.599991
    endloop
  endfacet
  facet normal 0.127276 -0.770598 -0.624483
    outer loop
      vertex 1.83385 -9.21938 1.5
      vertex 2.14599 -10.7886 3.5
      vertex 1.43579 -10.9059 3.5
    endloop
  endfacet
  facet normal 0.127225 -0.770598 -0.624493
    outer loop
      vertex 1.83385 -9.21938 1.5
      vertex 1.43579 -10.9059 3.5
      vertex 1.22694 -9.31958 1.5
    endloop
  endfacet
  facet normal 0.162957 -0.986633 0
    outer loop
      vertex 1.43579 -10.9059 3.5
      vertex 2.14599 -10.7886 7.5
      vertex 1.43579 -10.9059 7.5
    endloop
  endfacet
  facet normal 0.162957 -0.986633 0
    outer loop
      vertex 2.14599 -10.7886 7.5
      vertex 1.43579 -10.9059 3.5
      vertex 2.14599 -10.7886 3.5
    endloop
  endfacet
  facet normal 0.115288 -0.697831 0.706923
    outer loop
      vertex 2.14599 -10.7886 7.5
      vertex 2.04845 -10.2982 8
      vertex 1.37052 -10.4102 8
    endloop
  endfacet
  facet normal 0.115261 -0.697857 0.706902
    outer loop
      vertex 1.43579 -10.9059 7.5
      vertex 2.14599 -10.7886 7.5
      vertex 1.37052 -10.4102 8
    endloop
  endfacet
  facet normal 0.0838366 -0.507817 -0.857376
    outer loop
      vertex 1.56072 -7.84628 0
      vertex 1.75581 -8.82707 0.599991
      vertex 1.17474 -8.923 0.599991
    endloop
  endfacet
  facet normal 0.0838451 -0.507819 -0.857374
    outer loop
      vertex 1.56072 -7.84628 0
      vertex 1.17474 -8.923 0.599991
      vertex 1.04421 -7.93156 0
    endloop
  endfacet
  facet normal 0.0895748 -0.909493 -0.405954
    outer loop
      vertex 1.17474 -8.923 0.599991
      vertex 1.22694 -9.31958 1.5
      vertex 0.614789 -9.37987 1.5
    endloop
  endfacet
  facet normal 0.089582 -0.909494 -0.40595
    outer loop
      vertex 1.17474 -8.923 0.599991
      vertex 0.614789 -9.37987 1.5
      vertex 0.588628 -8.98073 0.599991
    endloop
  endfacet
  facet normal 0.0764954 -0.777276 -0.624492
    outer loop
      vertex 1.22694 -9.31958 1.5
      vertex 1.43579 -10.9059 3.5
      vertex 0.719434 -10.9764 3.5
    endloop
  endfacet
  facet normal 0.0765533 -0.77728 -0.624481
    outer loop
      vertex 1.22694 -9.31958 1.5
      vertex 0.719434 -10.9764 3.5
      vertex 0.614789 -9.37987 1.5
    endloop
  endfacet
  facet normal 0.0979416 -0.995192 0
    outer loop
      vertex 0.719434 -10.9764 3.5
      vertex 1.43579 -10.9059 7.5
      vertex 0.719434 -10.9764 7.5
    endloop
  endfacet
  facet normal 0.0979416 -0.995192 0
    outer loop
      vertex 1.43579 -10.9059 7.5
      vertex 0.719434 -10.9764 3.5
      vertex 1.43579 -10.9059 3.5
    endloop
  endfacet
  facet normal 0.0692806 -0.703911 0.706901
    outer loop
      vertex 1.43579 -10.9059 7.5
      vertex 1.37052 -10.4102 8
      vertex 0.686732 -10.4775 8
    endloop
  endfacet
  facet normal 0.0692756 -0.703915 0.706898
    outer loop
      vertex 0.719434 -10.9764 7.5
      vertex 1.43579 -10.9059 7.5
      vertex 0.686732 -10.4775 8
    endloop
  endfacet
  facet normal 0.0504515 -0.512216 -0.857374
    outer loop
      vertex 1.04421 -7.93156 0
      vertex 1.17474 -8.923 0.599991
      vertex 0.588628 -8.98073 0.599991
    endloop
  endfacet
  facet normal 0.0504462 -0.512214 -0.857375
    outer loop
      vertex 1.04421 -7.93156 0
      vertex 0.588628 -8.98073 0.599991
      vertex 0.523225 -7.98287 0
    endloop
  endfacet
  facet normal 0.0298927 -0.913406 -0.40595
    outer loop
      vertex 0.588628 -8.98073 0.599991
      vertex 0.614789 -9.37987 1.5
      vertex 0 -9.39999 1.5
    endloop
  endfacet
  facet normal 0.0299024 -0.913408 -0.405945
    outer loop
      vertex 0 -9 0.599991
      vertex 0.588628 -8.98073 0.599991
      vertex 0 -9.39999 1.5
    endloop
  endfacet
  facet normal 0.0256071 -0.78062 -0.624481
    outer loop
      vertex 0.614789 -9.37987 1.5
      vertex 0.719434 -10.9764 3.5
      vertex 0 -11 3.5
    endloop
  endfacet
  facet normal 0.0255468 -0.780612 -0.624494
    outer loop
      vertex 0 -9.39999 1.5
      vertex 0.614789 -9.37987 1.5
      vertex 0 -11 3.5
    endloop
  endfacet
  facet normal 0.0327859 -0.999462 0
    outer loop
      vertex 0 -11 3.5
      vertex 0.719434 -10.9764 7.5
      vertex 0 -11 7.5
    endloop
  endfacet
  facet normal 0.0327859 -0.999462 0
    outer loop
      vertex 0.719434 -10.9764 7.5
      vertex 0 -11 3.5
      vertex 0.719434 -10.9764 3.5
    endloop
  endfacet
  facet normal 0.023162 -0.706937 0.706897
    outer loop
      vertex 0.719434 -10.9764 7.5
      vertex 0.686732 -10.4775 8
      vertex 0 -10.5 8
    endloop
  endfacet
  facet normal 0.0231894 -0.706917 0.706917
    outer loop
      vertex 0.719434 -10.9764 7.5
      vertex 0 -10.5 8
      vertex 0 -11 7.5
    endloop
  endfacet
  facet normal 0.0168405 -0.514417 -0.857375
    outer loop
      vertex 0.523225 -7.98287 0
      vertex 0.588628 -8.98073 0.599991
      vertex 0 -9 0.599991
    endloop
  endfacet
  facet normal 0.0168416 -0.514417 -0.857375
    outer loop
      vertex 0 -8 0
      vertex 0.523225 -7.98287 0
      vertex 0 -9 0.599991
    endloop
  endfacet
  facet normal -0.0298928 -0.913408 -0.405945
    outer loop
      vertex 0 -9 0.599991
      vertex 0 -9.39999 1.5
      vertex -0.614789 -9.37987 1.5
    endloop
  endfacet
  facet normal -0.0299023 -0.913406 -0.40595
    outer loop
      vertex -0.588628 -8.98073 0.599991
      vertex 0 -9 0.599991
      vertex -0.614789 -9.37987 1.5
    endloop
  endfacet
  facet normal -0.0256068 -0.780611 -0.624493
    outer loop
      vertex 0 -9.39999 1.5
      vertex 0 -11 3.5
      vertex -0.719434 -10.9764 3.5
    endloop
  endfacet
  facet normal -0.0255472 -0.780623 -0.62448
    outer loop
      vertex -0.614789 -9.37987 1.5
      vertex 0 -9.39999 1.5
      vertex -0.719434 -10.9764 3.5
    endloop
  endfacet
  facet normal -0.0327859 -0.999462 0
    outer loop
      vertex -0.719434 -10.9764 3.5
      vertex 0 -11 7.5
      vertex -0.719434 -10.9764 7.5
    endloop
  endfacet
  facet normal -0.0327859 -0.999462 -0
    outer loop
      vertex 0 -11 7.5
      vertex -0.719434 -10.9764 3.5
      vertex 0 -11 3.5
    endloop
  endfacet
  facet normal -0.0231613 -0.706917 0.706917
    outer loop
      vertex 0 -11 7.5
      vertex 0 -10.5 8
      vertex -0.686732 -10.4775 8
    endloop
  endfacet
  facet normal -0.02319 -0.706936 0.706897
    outer loop
      vertex 0 -11 7.5
      vertex -0.686732 -10.4775 8
      vertex -0.719434 -10.9764 7.5
    endloop
  endfacet
  facet normal -0.0168405 -0.514417 -0.857375
    outer loop
      vertex 0 -8 0
      vertex 0 -9 0.599991
      vertex -0.588628 -8.98073 0.599991
    endloop
  endfacet
  facet normal -0.0168416 -0.514417 -0.857375
    outer loop
      vertex -0.523225 -7.98287 0
      vertex 0 -8 0
      vertex -0.588628 -8.98073 0.599991
    endloop
  endfacet
  facet normal -0.089575 -0.909495 -0.40595
    outer loop
      vertex -0.588628 -8.98073 0.599991
      vertex -0.614789 -9.37987 1.5
      vertex -1.22694 -9.31958 1.5
    endloop
  endfacet
  facet normal -0.0895818 -0.909492 -0.405954
    outer loop
      vertex -1.17474 -8.923 0.599991
      vertex -0.588628 -8.98073 0.599991
      vertex -1.22694 -9.31958 1.5
    endloop
  endfacet
  facet normal -0.0764963 -0.777284 -0.624481
    outer loop
      vertex -0.614789 -9.37987 1.5
      vertex -0.719434 -10.9764 3.5
      vertex -1.43579 -10.9059 3.5
    endloop
  endfacet
  facet normal -0.0765523 -0.77727 -0.624493
    outer loop
      vertex -1.22694 -9.31958 1.5
      vertex -0.614789 -9.37987 1.5
      vertex -1.43579 -10.9059 3.5
    endloop
  endfacet
  facet normal -0.0979416 -0.995192 0
    outer loop
      vertex -1.43579 -10.9059 3.5
      vertex -0.719434 -10.9764 7.5
      vertex -1.43579 -10.9059 7.5
    endloop
  endfacet
  facet normal -0.0979416 -0.995192 -0
    outer loop
      vertex -0.719434 -10.9764 7.5
      vertex -1.43579 -10.9059 3.5
      vertex -0.719434 -10.9764 3.5
    endloop
  endfacet
  facet normal -0.0692809 -0.703915 0.706897
    outer loop
      vertex -0.719434 -10.9764 7.5
      vertex -0.686732 -10.4775 8
      vertex -1.37052 -10.4102 8
    endloop
  endfacet
  facet normal -0.0692753 -0.703912 0.706901
    outer loop
      vertex -0.719434 -10.9764 7.5
      vertex -1.37052 -10.4102 8
      vertex -1.43579 -10.9059 7.5
    endloop
  endfacet
  facet normal -0.0504513 -0.512214 -0.857375
    outer loop
      vertex -0.523225 -7.98287 0
      vertex -0.588628 -8.98073 0.599991
      vertex -1.17474 -8.923 0.599991
    endloop
  endfacet
  facet normal -0.0504464 -0.512216 -0.857374
    outer loop
      vertex -1.04421 -7.93156 0
      vertex -0.523225 -7.98287 0
      vertex -1.17474 -8.923 0.599991
    endloop
  endfacet
  facet normal -0.148867 -0.901687 -0.405954
    outer loop
      vertex -1.17474 -8.923 0.599991
      vertex -1.22694 -9.31958 1.5
      vertex -1.83385 -9.21938 1.5
    endloop
  endfacet
  facet normal -0.148862 -0.90169 -0.40595
    outer loop
      vertex -1.75581 -8.82707 0.599991
      vertex -1.17474 -8.923 0.599991
      vertex -1.83385 -9.21938 1.5
    endloop
  endfacet
  facet normal -0.127274 -0.770591 -0.624493
    outer loop
      vertex -1.22694 -9.31958 1.5
      vertex -1.43579 -10.9059 3.5
      vertex -2.14599 -10.7886 3.5
    endloop
  endfacet
  facet normal -0.127226 -0.770607 -0.624482
    outer loop
      vertex -1.83385 -9.21938 1.5
      vertex -1.22694 -9.31958 1.5
      vertex -2.14599 -10.7886 3.5
    endloop
  endfacet
  facet normal -0.162957 -0.986633 0
    outer loop
      vertex -2.14599 -10.7886 3.5
      vertex -1.43579 -10.9059 7.5
      vertex -2.14599 -10.7886 7.5
    endloop
  endfacet
  facet normal -0.162957 -0.986633 -0
    outer loop
      vertex -1.43579 -10.9059 7.5
      vertex -2.14599 -10.7886 3.5
      vertex -1.43579 -10.9059 3.5
    endloop
  endfacet
  facet normal -0.115291 -0.697853 0.706901
    outer loop
      vertex -1.43579 -10.9059 7.5
      vertex -1.37052 -10.4102 8
      vertex -2.04845 -10.2982 8
    endloop
  endfacet
  facet normal -0.115258 -0.697837 0.706923
    outer loop
      vertex -1.43579 -10.9059 7.5
      vertex -2.04845 -10.2982 8
      vertex -2.14599 -10.7886 7.5
    endloop
  endfacet
  facet normal -0.0838371 -0.50782 -0.857374
    outer loop
      vertex -1.04421 -7.93156 0
      vertex -1.17474 -8.923 0.599991
      vertex -1.75581 -8.82707 0.599991
    endloop
  endfacet
  facet normal -0.0838445 -0.507816 -0.857376
    outer loop
      vertex -1.56072 -7.84628 0
      vertex -1.04421 -7.93156 0
      vertex -1.75581 -8.82707 0.599991
    endloop
  endfacet
  facet normal -0.207525 -0.890021 -0.405951
    outer loop
      vertex -1.75581 -8.82707 0.599991
      vertex -1.83385 -9.21938 1.5
      vertex -2.4329 -9.0797 1.5
    endloop
  endfacet
  facet normal -0.20753 -0.890018 -0.405954
    outer loop
      vertex -2.32937 -8.69333 0.599991
      vertex -1.75581 -8.82707 0.599991
      vertex -2.4329 -9.0797 1.5
    endloop
  endfacet
  facet normal -0.177299 -0.760648 -0.624483
    outer loop
      vertex -1.83385 -9.21938 1.5
      vertex -2.14599 -10.7886 3.5
      vertex -2.84701 -10.6252 3.5
    endloop
  endfacet
  facet normal -0.177354 -0.760625 -0.624495
    outer loop
      vertex -2.4329 -9.0797 1.5
      vertex -1.83385 -9.21938 1.5
      vertex -2.84701 -10.6252 3.5
    endloop
  endfacet
  facet normal -0.227004 -0.973894 0
    outer loop
      vertex -2.84701 -10.6252 3.5
      vertex -2.14599 -10.7886 7.5
      vertex -2.84701 -10.6252 7.5
    endloop
  endfacet
  facet normal -0.227004 -0.973894 -0
    outer loop
      vertex -2.14599 -10.7886 7.5
      vertex -2.84701 -10.6252 3.5
      vertex -2.14599 -10.7886 3.5
    endloop
  endfacet
  facet normal -0.160586 -0.68882 0.706922
    outer loop
      vertex -2.14599 -10.7886 7.5
      vertex -2.04845 -10.2982 8
      vertex -2.7176 -10.1422 8
    endloop
  endfacet
  facet normal -0.160553 -0.688807 0.706942
    outer loop
      vertex -2.14599 -10.7886 7.5
      vertex -2.7176 -10.1422 8
      vertex -2.84701 -10.6252 7.5
    endloop
  endfacet
  facet normal -0.116878 -0.501245 -0.857376
    outer loop
      vertex -1.56072 -7.84628 0
      vertex -1.75581 -8.82707 0.599991
      vertex -2.32937 -8.69333 0.599991
    endloop
  endfacet
  facet normal -0.11687 -0.501251 -0.857373
    outer loop
      vertex -2.07055 -7.72741 0
      vertex -1.56072 -7.84628 0
      vertex -2.32937 -8.69333 0.599991
    endloop
  endfacet
  facet normal -0.265291 -0.874541 -0.405954
    outer loop
      vertex -2.32937 -8.69333 0.599991
      vertex -2.4329 -9.0797 1.5
      vertex -3.02153 -8.90114 1.5
    endloop
  endfacet
  facet normal -0.265289 -0.874542 -0.405953
    outer loop
      vertex -2.89295 -8.52237 0.599991
      vertex -2.32937 -8.69333 0.599991
      vertex -3.02153 -8.90114 1.5
    endloop
  endfacet
  facet normal -0.226769 -0.747384 -0.624494
    outer loop
      vertex -2.4329 -9.0797 1.5
      vertex -2.84701 -10.6252 3.5
      vertex -3.53583 -10.4162 3.5
    endloop
  endfacet
  facet normal -0.226724 -0.747406 -0.624484
    outer loop
      vertex -3.02153 -8.90114 1.5
      vertex -2.4329 -9.0797 1.5
      vertex -3.53583 -10.4162 3.5
    endloop
  endfacet
  facet normal -0.290347 -0.956922 0
    outer loop
      vertex -3.53583 -10.4162 3.5
      vertex -2.84701 -10.6252 7.5
      vertex -3.53583 -10.4162 7.5
    endloop
  endfacet
  facet normal -0.290347 -0.956922 -0
    outer loop
      vertex -2.84701 -10.6252 7.5
      vertex -3.53583 -10.4162 3.5
      vertex -2.84701 -10.6252 3.5
    endloop
  endfacet
  facet normal -0.205288 -0.676822 0.706943
    outer loop
      vertex -2.84701 -10.6252 7.5
      vertex -2.7176 -10.1422 8
      vertex -3.37511 -9.94277 8
    endloop
  endfacet
  facet normal -0.205368 -0.676849 0.706894
    outer loop
      vertex -2.84701 -10.6252 7.5
      vertex -3.37511 -9.94277 8
      vertex -3.53583 -10.4162 7.5
    endloop
  endfacet
  facet normal -0.149408 -0.492532 -0.857374
    outer loop
      vertex -2.07055 -7.72741 0
      vertex -2.32937 -8.69333 0.599991
      vertex -2.89295 -8.52237 0.599991
    endloop
  endfacet
  facet normal -0.14941 -0.492531 -0.857374
    outer loop
      vertex -2.57152 -7.57544 0
      vertex -2.07055 -7.72741 0
      vertex -2.89295 -8.52237 0.599991
    endloop
  endfacet
  facet normal -0.321927 -0.855316 -0.405953
    outer loop
      vertex -2.89295 -8.52237 0.599991
      vertex -3.02153 -8.90114 1.5
      vertex -3.59722 -8.68446 1.5
    endloop
  endfacet
  facet normal -0.321911 -0.855327 -0.405943
    outer loop
      vertex -3.44415 -8.31492 0.599991
      vertex -2.89295 -8.52237 0.599991
      vertex -3.59722 -8.68446 1.5
    endloop
  endfacet
  facet normal -0.275064 -0.730998 -0.624485
    outer loop
      vertex -3.02153 -8.90114 1.5
      vertex -3.53583 -10.4162 3.5
      vertex -4.20952 -10.1627 3.5
    endloop
  endfacet
  facet normal -0.275123 -0.730964 -0.624499
    outer loop
      vertex -3.59722 -8.68446 1.5
      vertex -3.02153 -8.90114 1.5
      vertex -4.20952 -10.1627 3.5
    endloop
  endfacet
  facet normal -0.352178 -0.935933 0
    outer loop
      vertex -4.20952 -10.1627 3.5
      vertex -3.53583 -10.4162 7.5
      vertex -4.20952 -10.1627 7.5
    endloop
  endfacet
  facet normal -0.352178 -0.935933 -0
    outer loop
      vertex -3.53583 -10.4162 7.5
      vertex -4.20952 -10.1627 3.5
      vertex -3.53583 -10.4162 3.5
    endloop
  endfacet
  facet normal -0.249158 -0.661982 0.706894
    outer loop
      vertex -3.53583 -10.4162 7.5
      vertex -3.37511 -9.94277 8
      vertex -4.01818 -9.70073 8
    endloop
  endfacet
  facet normal -0.249088 -0.661964 0.706936
    outer loop
      vertex -3.53583 -10.4162 7.5
      vertex -4.01818 -9.70073 8
      vertex -4.20952 -10.1627 7.5
    endloop
  endfacet
  facet normal -0.181296 -0.481707 -0.857374
    outer loop
      vertex -2.57152 -7.57544 0
      vertex -2.89295 -8.52237 0.599991
      vertex -3.44415 -8.31492 0.599991
    endloop
  endfacet
  facet normal -0.181297 -0.481706 -0.857375
    outer loop
      vertex -3.06147 -7.39104 0
      vertex -2.57152 -7.57544 0
      vertex -3.44415 -8.31492 0.599991
    endloop
  endfacet
  facet normal -0.377167 -0.832439 -0.405943
    outer loop
      vertex -3.44415 -8.31492 0.599991
      vertex -3.59722 -8.68446 1.5
      vertex -4.15751 -8.4306 1.5
    endloop
  endfacet
  facet normal -0.37718 -0.832429 -0.405952
    outer loop
      vertex -3.9806 -8.07185 0.599991
      vertex -3.44415 -8.31492 0.599991
      vertex -4.15751 -8.4306 1.5
    endloop
  endfacet
  facet normal -0.322357 -0.711398 -0.624498
    outer loop
      vertex -3.59722 -8.68446 1.5
      vertex -4.20952 -10.1627 3.5
      vertex -4.86518 -9.8656 3.5
    endloop
  endfacet
  facet normal -0.322333 -0.711415 -0.624493
    outer loop
      vertex -4.15751 -8.4306 1.5
      vertex -3.59722 -8.68446 1.5
      vertex -4.86518 -9.8656 3.5
    endloop
  endfacet
  facet normal -0.412735 -0.910851 0
    outer loop
      vertex -4.86518 -9.8656 3.5
      vertex -4.20952 -10.1627 7.5
      vertex -4.86518 -9.8656 7.5
    endloop
  endfacet
  facet normal -0.412735 -0.910851 -0
    outer loop
      vertex -4.20952 -10.1627 7.5
      vertex -4.86518 -9.8656 3.5
      vertex -4.20952 -10.1627 3.5
    endloop
  endfacet
  facet normal -0.291899 -0.644233 0.706936
    outer loop
      vertex -4.20952 -10.1627 7.5
      vertex -4.01818 -9.70073 8
      vertex -4.64403 -9.41716 8
    endloop
  endfacet
  facet normal -0.291924 -0.644237 0.706922
    outer loop
      vertex -4.20952 -10.1627 7.5
      vertex -4.64403 -9.41716 8
      vertex -4.86518 -9.8656 7.5
    endloop
  endfacet
  facet normal -0.212423 -0.468813 -0.857374
    outer loop
      vertex -3.06147 -7.39104 0
      vertex -3.44415 -8.31492 0.599991
      vertex -3.9806 -8.07185 0.599991
    endloop
  endfacet
  facet normal -0.212423 -0.468813 -0.857374
    outer loop
      vertex -3.53831 -7.17498 0
      vertex -3.06147 -7.39104 0
      vertex -3.9806 -8.07185 0.599991
    endloop
  endfacet
  facet normal -0.43081 -0.805981 -0.405952
    outer loop
      vertex -3.9806 -8.07185 0.599991
      vertex -4.15751 -8.4306 1.5
      vertex -4.7 -8.14063 1.5
    endloop
  endfacet
  facet normal -0.430802 -0.805989 -0.405946
    outer loop
      vertex -4.5 -7.79423 0.599991
      vertex -3.9806 -8.07185 0.599991
      vertex -4.7 -8.14063 1.5
    endloop
  endfacet
  facet normal -0.368177 -0.688807 -0.624493
    outer loop
      vertex -4.15751 -8.4306 1.5
      vertex -4.86518 -9.8656 3.5
      vertex -5.5 -9.52628 3.5
    endloop
  endfacet
  facet normal -0.368178 -0.688806 -0.624493
    outer loop
      vertex -4.7 -8.14063 1.5
      vertex -4.15751 -8.4306 1.5
      vertex -5.5 -9.52628 3.5
    endloop
  endfacet
  facet normal -0.471399 -0.88192 0
    outer loop
      vertex -5.5 -9.52628 3.5
      vertex -4.86518 -9.8656 7.5
      vertex -5.5 -9.52628 7.5
    endloop
  endfacet
  facet normal -0.471399 -0.88192 -0
    outer loop
      vertex -4.86518 -9.8656 7.5
      vertex -5.5 -9.52628 3.5
      vertex -4.86518 -9.8656 3.5
    endloop
  endfacet
  facet normal -0.333409 -0.623779 0.706922
    outer loop
      vertex -4.86518 -9.8656 7.5
      vertex -4.64403 -9.41716 8
      vertex -5.25 -9.09327 8
    endloop
  endfacet
  facet normal -0.333419 -0.62378 0.706916
    outer loop
      vertex -4.86518 -9.8656 7.5
      vertex -5.25 -9.09327 8
      vertex -5.5 -9.52628 7.5
    endloop
  endfacet
  facet normal -0.242621 -0.453921 -0.857374
    outer loop
      vertex -3.53831 -7.17498 0
      vertex -3.9806 -8.07185 0.599991
      vertex -4.5 -7.79423 0.599991
    endloop
  endfacet
  facet normal -0.242625 -0.453916 -0.857376
    outer loop
      vertex -4 -6.9282 0
      vertex -3.53831 -7.17498 0
      vertex -4.5 -7.79423 0.599991
    endloop
  endfacet
  facet normal -0.482595 -0.776086 -0.405946
    outer loop
      vertex -4.5 -7.79423 0.599991
      vertex -4.7 -8.14063 1.5
      vertex -5.22236 -7.81581 1.5
    endloop
  endfacet
  facet normal -0.482598 -0.776083 -0.405949
    outer loop
      vertex -5.00013 -7.48323 0.599991
      vertex -4.5 -7.79423 0.599991
      vertex -5.22236 -7.81581 1.5
    endloop
  endfacet
  facet normal -0.412443 -0.663249 -0.624493
    outer loop
      vertex -4.7 -8.14063 1.5
      vertex -5.5 -9.52628 3.5
      vertex -6.11127 -9.14616 3.5
    endloop
  endfacet
  facet normal -0.412434 -0.663257 -0.62449
    outer loop
      vertex -5.22236 -7.81581 1.5
      vertex -4.7 -8.14063 1.5
      vertex -6.11127 -9.14616 3.5
    endloop
  endfacet
  facet normal -0.528076 -0.849197 0
    outer loop
      vertex -6.11127 -9.14616 3.5
      vertex -5.5 -9.52628 7.5
      vertex -6.11127 -9.14616 7.5
    endloop
  endfacet
  facet normal -0.528076 -0.849197 -0
    outer loop
      vertex -5.5 -9.52628 7.5
      vertex -6.11127 -9.14616 3.5
      vertex -5.5 -9.52628 3.5
    endloop
  endfacet
  facet normal -0.373503 -0.600638 0.706916
    outer loop
      vertex -5.5 -9.52628 7.5
      vertex -5.25 -9.09327 8
      vertex -5.83349 -8.73043 8
    endloop
  endfacet
  facet normal -0.373508 -0.600638 0.706913
    outer loop
      vertex -5.5 -9.52628 7.5
      vertex -5.83349 -8.73043 8
      vertex -6.11127 -9.14616 7.5
    endloop
  endfacet
  facet normal -0.271791 -0.437077 -0.857376
    outer loop
      vertex -4 -6.9282 0
      vertex -4.5 -7.79423 0.599991
      vertex -5.00013 -7.48323 0.599991
    endloop
  endfacet
  facet normal -0.271789 -0.43708 -0.857375
    outer loop
      vertex -4.44456 -6.65176 0
      vertex -4 -6.9282 0
      vertex -5.00013 -7.48323 0.599991
    endloop
  endfacet
  facet normal -0.532326 -0.742856 -0.405949
    outer loop
      vertex -5.00013 -7.48323 0.599991
      vertex -5.22236 -7.81581 1.5
      vertex -5.72235 -7.45752 1.5
    endloop
  endfacet
  facet normal -0.532328 -0.742854 -0.40595
    outer loop
      vertex -5.47885 -7.14018 0.599991
      vertex -5.00013 -7.48323 0.599991
      vertex -5.72235 -7.45752 1.5
    endloop
  endfacet
  facet normal -0.454929 -0.634863 -0.624491
    outer loop
      vertex -5.22236 -7.81581 1.5
      vertex -6.11127 -9.14616 3.5
      vertex -6.69637 -8.72689 3.5
    endloop
  endfacet
  facet normal -0.454935 -0.634857 -0.624492
    outer loop
      vertex -5.72235 -7.45752 1.5
      vertex -5.22236 -7.81581 1.5
      vertex -6.69637 -8.72689 3.5
    endloop
  endfacet
  facet normal -0.582472 -0.812851 0
    outer loop
      vertex -6.69637 -8.72689 3.5
      vertex -6.11127 -9.14616 7.5
      vertex -6.69637 -8.72689 7.5
    endloop
  endfacet
  facet normal -0.582472 -0.812851 -0
    outer loop
      vertex -6.11127 -9.14616 7.5
      vertex -6.69637 -8.72689 3.5
      vertex -6.11127 -9.14616 3.5
    endloop
  endfacet
  facet normal -0.41199 -0.574925 0.706912
    outer loop
      vertex -6.11127 -9.14616 7.5
      vertex -5.83349 -8.73043 8
      vertex -6.39199 -8.33021 8
    endloop
  endfacet
  facet normal -0.411979 -0.574925 0.706919
    outer loop
      vertex -6.11127 -9.14616 7.5
      vertex -6.39199 -8.33021 8
      vertex -6.69637 -8.72689 7.5
    endloop
  endfacet
  facet normal -0.299799 -0.418365 -0.857375
    outer loop
      vertex -4.44456 -6.65176 0
      vertex -5.00013 -7.48323 0.599991
      vertex -5.47885 -7.14018 0.599991
    endloop
  endfacet
  facet normal -0.299797 -0.418368 -0.857374
    outer loop
      vertex -4.87009 -6.34683 0
      vertex -4.44456 -6.65176 0
      vertex -5.47885 -7.14018 0.599991
    endloop
  endfacet
  facet normal -0.579767 -0.706453 -0.40595
    outer loop
      vertex -5.47885 -7.14018 0.599991
      vertex -5.72235 -7.45752 1.5
      vertex -6.19785 -7.06729 1.5
    endloop
  endfacet
  facet normal -0.579767 -0.706452 -0.40595
    outer loop
      vertex -5.93411 -6.76656 0.599991
      vertex -5.47885 -7.14018 0.599991
      vertex -6.19785 -7.06729 1.5
    endloop
  endfacet
  facet normal -0.495481 -0.603745 -0.624492
    outer loop
      vertex -5.72235 -7.45752 1.5
      vertex -6.69637 -8.72689 3.5
      vertex -7.2528 -8.27024 3.5
    endloop
  endfacet
  facet normal -0.495479 -0.603747 -0.624492
    outer loop
      vertex -6.19785 -7.06729 1.5
      vertex -5.72235 -7.45752 1.5
      vertex -7.2528 -8.27024 3.5
    endloop
  endfacet
  facet normal -0.634393 -0.773011 0
    outer loop
      vertex -7.2528 -8.27024 3.5
      vertex -6.69637 -8.72689 7.5
      vertex -7.2528 -8.27024 7.5
    endloop
  endfacet
  facet normal -0.634393 -0.773011 -0
    outer loop
      vertex -6.69637 -8.72689 7.5
      vertex -7.2528 -8.27024 3.5
      vertex -6.69637 -8.72689 3.5
    endloop
  endfacet
  facet normal -0.4487 -0.546749 0.706919
    outer loop
      vertex -6.69637 -8.72689 7.5
      vertex -6.39199 -8.33021 8
      vertex -6.92313 -7.89432 8
    endloop
  endfacet
  facet normal -0.448705 -0.546748 0.706916
    outer loop
      vertex -6.69637 -8.72689 7.5
      vertex -6.92313 -7.89432 8
      vertex -7.2528 -8.27024 7.5
    endloop
  endfacet
  facet normal -0.326517 -0.397865 -0.857374
    outer loop
      vertex -4.87009 -6.34683 0
      vertex -5.47885 -7.14018 0.599991
      vertex -5.93411 -6.76656 0.599991
    endloop
  endfacet
  facet normal -0.326517 -0.397865 -0.857374
    outer loop
      vertex -5.27477 -6.01472 0
      vertex -4.87009 -6.34683 0
      vertex -5.93411 -6.76656 0.599991
    endloop
  endfacet
  facet normal -0.624733 -0.667017 -0.405951
    outer loop
      vertex -5.93411 -6.76656 0.599991
      vertex -6.19785 -7.06729 1.5
      vertex -6.6468 -6.6468 1.5
    endloop
  endfacet
  facet normal -0.624733 -0.667018 -0.40595
    outer loop
      vertex -6.36396 -6.36396 0.599991
      vertex -5.93411 -6.76656 0.599991
      vertex -6.6468 -6.6468 1.5
    endloop
  endfacet
  facet normal -0.533911 -0.570043 -0.624492
    outer loop
      vertex -6.19785 -7.06729 1.5
      vertex -7.2528 -8.27024 3.5
      vertex -7.77817 -7.77817 3.5
    endloop
  endfacet
  facet normal -0.533909 -0.570046 -0.624491
    outer loop
      vertex -6.6468 -6.6468 1.5
      vertex -6.19785 -7.06729 1.5
      vertex -7.77817 -7.77817 3.5
    endloop
  endfacet
  facet normal -0.683598 -0.729859 0
    outer loop
      vertex -7.77817 -7.77817 3.5
      vertex -7.2528 -8.27024 7.5
      vertex -7.77817 -7.77817 7.5
    endloop
  endfacet
  facet normal -0.683598 -0.729859 -0
    outer loop
      vertex -7.2528 -8.27024 7.5
      vertex -7.77817 -7.77817 3.5
      vertex -7.2528 -8.27024 3.5
    endloop
  endfacet
  facet normal -0.483505 -0.516229 0.706916
    outer loop
      vertex -7.2528 -8.27024 7.5
      vertex -6.92313 -7.89432 8
      vertex -7.42462 -7.42462 8
    endloop
  endfacet
  facet normal -0.483508 -0.516229 0.706914
    outer loop
      vertex -7.2528 -8.27024 7.5
      vertex -7.42462 -7.42462 8
      vertex -7.77817 -7.77817 7.5
    endloop
  endfacet
  facet normal -0.351848 -0.375651 -0.857374
    outer loop
      vertex -5.93411 -6.76656 0.599991
      vertex -5.65685 -5.65685 0
      vertex -5.27477 -6.01472 0
    endloop
  endfacet
  facet normal -0.351839 -0.375654 -0.857376
    outer loop
      vertex -5.65685 -5.65685 0
      vertex -5.93411 -6.76656 0.599991
      vertex -6.36396 -6.36396 0.599991
    endloop
  endfacet
  facet normal -0.667017 -0.624734 -0.40595
    outer loop
      vertex -6.36396 -6.36396 0.599991
      vertex -6.6468 -6.6468 1.5
      vertex -7.06729 -6.19785 1.5
    endloop
  endfacet
  facet normal -0.667018 -0.624733 -0.405951
    outer loop
      vertex -6.76656 -5.93411 0.599991
      vertex -6.36396 -6.36396 0.599991
      vertex -7.06729 -6.19785 1.5
    endloop
  endfacet
  facet normal -0.570043 -0.533912 -0.624491
    outer loop
      vertex -6.6468 -6.6468 1.5
      vertex -7.77817 -7.77817 3.5
      vertex -8.27024 -7.2528 3.5
    endloop
  endfacet
  facet normal -0.570045 -0.533909 -0.624492
    outer loop
      vertex -7.06729 -6.19785 1.5
      vertex -6.6468 -6.6468 1.5
      vertex -8.27024 -7.2528 3.5
    endloop
  endfacet
  facet normal -0.729859 -0.683598 0
    outer loop
      vertex -7.77817 -7.77817 3.5
      vertex -8.27024 -7.2528 7.5
      vertex -8.27024 -7.2528 3.5
    endloop
  endfacet
  facet normal -0.729859 -0.683598 0
    outer loop
      vertex -8.27024 -7.2528 7.5
      vertex -7.77817 -7.77817 3.5
      vertex -7.77817 -7.77817 7.5
    endloop
  endfacet
  facet normal -0.516231 -0.483506 0.706914
    outer loop
      vertex -7.77817 -7.77817 7.5
      vertex -7.42462 -7.42462 8
      vertex -7.89432 -6.92313 8
    endloop
  endfacet
  facet normal -0.516227 -0.483507 0.706916
    outer loop
      vertex -7.77817 -7.77817 7.5
      vertex -7.89432 -6.92313 8
      vertex -8.27024 -7.2528 7.5
    endloop
  endfacet
  facet normal -0.375648 -0.351845 -0.857376
    outer loop
      vertex -6.36396 -6.36396 0.599991
      vertex -6.01472 -5.27477 0
      vertex -5.65685 -5.65685 0
    endloop
  endfacet
  facet normal -0.375656 -0.351842 -0.857374
    outer loop
      vertex -6.01472 -5.27477 0
      vertex -6.36396 -6.36396 0.599991
      vertex -6.76656 -5.93411 0.599991
    endloop
  endfacet
  facet normal -0.706452 -0.579766 -0.40595
    outer loop
      vertex -6.76656 -5.93411 0.599991
      vertex -7.06729 -6.19785 1.5
      vertex -7.45752 -5.72235 1.5
    endloop
  endfacet
  facet normal -0.706452 -0.579767 -0.40595
    outer loop
      vertex -7.14018 -5.47885 0.599991
      vertex -6.76656 -5.93411 0.599991
      vertex -7.45752 -5.72235 1.5
    endloop
  endfacet
  facet normal -0.603746 -0.495481 -0.624492
    outer loop
      vertex -7.06729 -6.19785 1.5
      vertex -8.27024 -7.2528 3.5
      vertex -8.72689 -6.69637 3.5
    endloop
  endfacet
  facet normal -0.603747 -0.495479 -0.624492
    outer loop
      vertex -7.45752 -5.72235 1.5
      vertex -7.06729 -6.19785 1.5
      vertex -8.72689 -6.69637 3.5
    endloop
  endfacet
  facet normal -0.773011 -0.634393 0
    outer loop
      vertex -8.27024 -7.2528 3.5
      vertex -8.72689 -6.69637 7.5
      vertex -8.72689 -6.69637 3.5
    endloop
  endfacet
  facet normal -0.773011 -0.634393 0
    outer loop
      vertex -8.72689 -6.69637 7.5
      vertex -8.27024 -7.2528 3.5
      vertex -8.27024 -7.2528 7.5
    endloop
  endfacet
  facet normal -0.546751 -0.448701 0.706916
    outer loop
      vertex -8.27024 -7.2528 7.5
      vertex -7.89432 -6.92313 8
      vertex -8.33021 -6.39199 8
    endloop
  endfacet
  facet normal -0.546746 -0.448703 0.706919
    outer loop
      vertex -8.27024 -7.2528 7.5
      vertex -8.33021 -6.39199 8
      vertex -8.72689 -6.69637 7.5
    endloop
  endfacet
  facet normal -0.397865 -0.326517 -0.857374
    outer loop
      vertex -6.01472 -5.27477 0
      vertex -6.76656 -5.93411 0.599991
      vertex -7.14018 -5.47885 0.599991
    endloop
  endfacet
  facet normal -0.397865 -0.326517 -0.857374
    outer loop
      vertex -6.34683 -4.87009 0
      vertex -6.01472 -5.27477 0
      vertex -7.14018 -5.47885 0.599991
    endloop
  endfacet
  facet normal -0.742855 -0.532326 -0.40595
    outer loop
      vertex -7.14018 -5.47885 0.599991
      vertex -7.45752 -5.72235 1.5
      vertex -7.81581 -5.22236 1.5
    endloop
  endfacet
  facet normal -0.742854 -0.532328 -0.405949
    outer loop
      vertex -7.48323 -5.00013 0.599991
      vertex -7.14018 -5.47885 0.599991
      vertex -7.81581 -5.22236 1.5
    endloop
  endfacet
  facet normal -0.634862 -0.454928 -0.624492
    outer loop
      vertex -7.45752 -5.72235 1.5
      vertex -8.72689 -6.69637 3.5
      vertex -9.14616 -6.11127 3.5
    endloop
  endfacet
  facet normal -0.634858 -0.454936 -0.62449
    outer loop
      vertex -7.81581 -5.22236 1.5
      vertex -7.45752 -5.72235 1.5
      vertex -9.14616 -6.11127 3.5
    endloop
  endfacet
  facet normal -0.812851 -0.582472 0
    outer loop
      vertex -8.72689 -6.69637 3.5
      vertex -9.14616 -6.11127 7.5
      vertex -9.14616 -6.11127 3.5
    endloop
  endfacet
  facet normal -0.812851 -0.582472 0
    outer loop
      vertex -9.14616 -6.11127 7.5
      vertex -8.72689 -6.69637 3.5
      vertex -8.72689 -6.69637 7.5
    endloop
  endfacet
  facet normal -0.57492 -0.411986 0.706919
    outer loop
      vertex -8.72689 -6.69637 7.5
      vertex -8.33021 -6.39199 8
      vertex -8.73043 -5.83349 8
    endloop
  endfacet
  facet normal -0.57493 -0.411983 0.706913
    outer loop
      vertex -8.72689 -6.69637 7.5
      vertex -8.73043 -5.83349 8
      vertex -9.14616 -6.11127 7.5
    endloop
  endfacet
  facet normal -0.418366 -0.2998 -0.857374
    outer loop
      vertex -6.34683 -4.87009 0
      vertex -7.14018 -5.47885 0.599991
      vertex -7.48323 -5.00013 0.599991
    endloop
  endfacet
  facet normal -0.418366 -0.299797 -0.857375
    outer loop
      vertex -6.65176 -4.44456 0
      vertex -6.34683 -4.87009 0
      vertex -7.48323 -5.00013 0.599991
    endloop
  endfacet
  facet normal -0.776085 -0.482594 -0.405949
    outer loop
      vertex -7.48323 -5.00013 0.599991
      vertex -7.81581 -5.22236 1.5
      vertex -8.14063 -4.7 1.5
    endloop
  endfacet
  facet normal -0.776084 -0.482599 -0.405946
    outer loop
      vertex -7.79423 -4.5 0.599991
      vertex -7.48323 -5.00013 0.599991
      vertex -8.14063 -4.7 1.5
    endloop
  endfacet
  facet normal -0.663251 -0.412444 -0.624491
    outer loop
      vertex -7.81581 -5.22236 1.5
      vertex -9.14616 -6.11127 3.5
      vertex -9.52628 -5.5 3.5
    endloop
  endfacet
  facet normal -0.663255 -0.412433 -0.624493
    outer loop
      vertex -8.14063 -4.7 1.5
      vertex -7.81581 -5.22236 1.5
      vertex -9.52628 -5.5 3.5
    endloop
  endfacet
  facet normal -0.849197 -0.528076 0
    outer loop
      vertex -9.14616 -6.11127 3.5
      vertex -9.52628 -5.5 7.5
      vertex -9.52628 -5.5 3.5
    endloop
  endfacet
  facet normal -0.849197 -0.528076 0
    outer loop
      vertex -9.52628 -5.5 7.5
      vertex -9.14616 -6.11127 3.5
      vertex -9.14616 -6.11127 7.5
    endloop
  endfacet
  facet normal -0.60064 -0.373505 0.706913
    outer loop
      vertex -8.73043 -5.83349 8
      vertex -9.09327 -5.25 8
      vertex -9.14616 -6.11127 7.5
    endloop
  endfacet
  facet normal -0.600635 -0.373507 0.706916
    outer loop
      vertex -9.14616 -6.11127 7.5
      vertex -9.09327 -5.25 8
      vertex -9.52628 -5.5 7.5
    endloop
  endfacet
  facet normal -0.437078 -0.271792 -0.857375
    outer loop
      vertex -6.65176 -4.44456 0
      vertex -7.48323 -5.00013 0.599991
      vertex -7.79423 -4.5 0.599991
    endloop
  endfacet
  facet normal -0.437079 -0.271788 -0.857376
    outer loop
      vertex -6.9282 -4 0
      vertex -6.65176 -4.44456 0
      vertex -7.79423 -4.5 0.599991
    endloop
  endfacet
  facet normal -0.805983 -0.430812 -0.405946
    outer loop
      vertex -7.79423 -4.5 0.599991
      vertex -8.14063 -4.7 1.5
      vertex -8.4306 -4.15751 1.5
    endloop
  endfacet
  facet normal -0.805986 -0.430801 -0.405952
    outer loop
      vertex -8.07185 -3.9806 0.599991
      vertex -7.79423 -4.5 0.599991
      vertex -8.4306 -4.15751 1.5
    endloop
  endfacet
  facet normal -0.688807 -0.368177 -0.624493
    outer loop
      vertex -8.14063 -4.7 1.5
      vertex -9.52628 -5.5 3.5
      vertex -9.8656 -4.86518 3.5
    endloop
  endfacet
  facet normal -0.688806 -0.368178 -0.624493
    outer loop
      vertex -8.4306 -4.15751 1.5
      vertex -8.14063 -4.7 1.5
      vertex -9.8656 -4.86518 3.5
    endloop
  endfacet
  facet normal -0.88192 -0.471399 0
    outer loop
      vertex -9.52628 -5.5 3.5
      vertex -9.8656 -4.86518 7.5
      vertex -9.8656 -4.86518 3.5
    endloop
  endfacet
  facet normal -0.88192 -0.471399 0
    outer loop
      vertex -9.8656 -4.86518 7.5
      vertex -9.52628 -5.5 3.5
      vertex -9.52628 -5.5 7.5
    endloop
  endfacet
  facet normal -0.623784 -0.333412 0.706916
    outer loop
      vertex -9.09327 -5.25 8
      vertex -9.41716 -4.64403 8
      vertex -9.52628 -5.5 7.5
    endloop
  endfacet
  facet normal -0.623775 -0.333416 0.706922
    outer loop
      vertex -9.52628 -5.5 7.5
      vertex -9.41716 -4.64403 8
      vertex -9.8656 -4.86518 7.5
    endloop
  endfacet
  facet normal -0.453919 -0.24262 -0.857376
    outer loop
      vertex -6.9282 -4 0
      vertex -7.79423 -4.5 0.599991
      vertex -8.07185 -3.9806 0.599991
    endloop
  endfacet
  facet normal -0.453918 -0.242626 -0.857374
    outer loop
      vertex -7.17498 -3.53831 0
      vertex -6.9282 -4 0
      vertex -8.07185 -3.9806 0.599991
    endloop
  endfacet
  facet normal -0.832436 -0.377166 -0.405952
    outer loop
      vertex -8.07185 -3.9806 0.599991
      vertex -8.4306 -4.15751 1.5
      vertex -8.68446 -3.59722 1.5
    endloop
  endfacet
  facet normal -0.832433 -0.377182 -0.405943
    outer loop
      vertex -8.31492 -3.44415 0.599991
      vertex -8.07185 -3.9806 0.599991
      vertex -8.68446 -3.59722 1.5
    endloop
  endfacet
  facet normal -0.711402 -0.322359 -0.624493
    outer loop
      vertex -8.4306 -4.15751 1.5
      vertex -9.8656 -4.86518 3.5
      vertex -10.1627 -4.20952 3.5
    endloop
  endfacet
  facet normal -0.71141 -0.32233 -0.624499
    outer loop
      vertex -8.68446 -3.59722 1.5
      vertex -8.4306 -4.15751 1.5
      vertex -10.1627 -4.20952 3.5
    endloop
  endfacet
  facet normal -0.910851 -0.412735 0
    outer loop
      vertex -9.8656 -4.86518 3.5
      vertex -10.1627 -4.20952 7.5
      vertex -10.1627 -4.20952 3.5
    endloop
  endfacet
  facet normal -0.910851 -0.412735 0
    outer loop
      vertex -10.1627 -4.20952 7.5
      vertex -9.8656 -4.86518 3.5
      vertex -9.8656 -4.86518 7.5
    endloop
  endfacet
  facet normal -0.644246 -0.291905 0.706921
    outer loop
      vertex -9.41716 -4.64403 8
      vertex -9.70073 -4.01818 8
      vertex -9.8656 -4.86518 7.5
    endloop
  endfacet
  facet normal -0.644224 -0.291918 0.706936
    outer loop
      vertex -9.8656 -4.86518 7.5
      vertex -9.70073 -4.01818 8
      vertex -10.1627 -4.20952 7.5
    endloop
  endfacet
  facet normal -0.468813 -0.212423 -0.857374
    outer loop
      vertex -7.17498 -3.53831 0
      vertex -8.07185 -3.9806 0.599991
      vertex -8.31492 -3.44415 0.599991
    endloop
  endfacet
  facet normal -0.468813 -0.212423 -0.857374
    outer loop
      vertex -7.39104 -3.06147 0
      vertex -7.17498 -3.53831 0
      vertex -8.31492 -3.44415 0.599991
    endloop
  endfacet
  facet normal -0.85532 -0.321928 -0.405943
    outer loop
      vertex -8.31492 -3.44415 0.599991
      vertex -8.68446 -3.59722 1.5
      vertex -8.90114 -3.02153 1.5
    endloop
  endfacet
  facet normal -0.855322 -0.32191 -0.405953
    outer loop
      vertex -8.52237 -2.89295 0.599991
      vertex -8.31492 -3.44415 0.599991
      vertex -8.90114 -3.02153 1.5
    endloop
  endfacet
  facet normal -0.730988 -0.275061 -0.624498
    outer loop
      vertex -8.68446 -3.59722 1.5
      vertex -10.1627 -4.20952 3.5
      vertex -10.4162 -3.53583 3.5
    endloop
  endfacet
  facet normal -0.730975 -0.275127 -0.624484
    outer loop
      vertex -8.90114 -3.02153 1.5
      vertex -8.68446 -3.59722 1.5
      vertex -10.4162 -3.53583 3.5
    endloop
  endfacet
  facet normal -0.935933 -0.352178 0
    outer loop
      vertex -10.1627 -4.20952 3.5
      vertex -10.4162 -3.53583 7.5
      vertex -10.4162 -3.53583 3.5
    endloop
  endfacet
  facet normal -0.935933 -0.352178 0
    outer loop
      vertex -10.4162 -3.53583 7.5
      vertex -10.1627 -4.20952 3.5
      vertex -10.1627 -4.20952 7.5
    endloop
  endfacet
  facet normal -0.661942 -0.249143 0.706937
    outer loop
      vertex -9.70073 -4.01818 8
      vertex -9.94277 -3.37511 8
      vertex -10.1627 -4.20952 7.5
    endloop
  endfacet
  facet normal -0.662003 -0.249102 0.706895
    outer loop
      vertex -10.1627 -4.20952 7.5
      vertex -9.94277 -3.37511 8
      vertex -10.4162 -3.53583 7.5
    endloop
  endfacet
  facet normal -0.481706 -0.181295 -0.857374
    outer loop
      vertex -7.39104 -3.06147 0
      vertex -8.31492 -3.44415 0.599991
      vertex -8.52237 -2.89295 0.599991
    endloop
  endfacet
  facet normal -0.481706 -0.181297 -0.857374
    outer loop
      vertex -7.57544 -2.57152 0
      vertex -7.39104 -3.06147 0
      vertex -8.52237 -2.89295 0.599991
    endloop
  endfacet
  facet normal -0.874542 -0.265291 -0.405953
    outer loop
      vertex -8.52237 -2.89295 0.599991
      vertex -8.90114 -3.02153 1.5
      vertex -9.0797 -2.4329 1.5
    endloop
  endfacet
  facet normal -0.874542 -0.265289 -0.405954
    outer loop
      vertex -8.69333 -2.32937 0.599991
      vertex -8.52237 -2.89295 0.599991
      vertex -9.0797 -2.4329 1.5
    endloop
  endfacet
  facet normal -0.747391 -0.226771 -0.624485
    outer loop
      vertex -8.90114 -3.02153 1.5
      vertex -10.4162 -3.53583 3.5
      vertex -10.6252 -2.84701 3.5
    endloop
  endfacet
  facet normal -0.747397 -0.226722 -0.624495
    outer loop
      vertex -9.0797 -2.4329 1.5
      vertex -8.90114 -3.02153 1.5
      vertex -10.6252 -2.84701 3.5
    endloop
  endfacet
  facet normal -0.956922 -0.290347 0
    outer loop
      vertex -10.4162 -3.53583 3.5
      vertex -10.6252 -2.84701 7.5
      vertex -10.6252 -2.84701 3.5
    endloop
  endfacet
  facet normal -0.956922 -0.290347 0
    outer loop
      vertex -10.6252 -2.84701 7.5
      vertex -10.4162 -3.53583 3.5
      vertex -10.4162 -3.53583 7.5
    endloop
  endfacet
  facet normal -0.67687 -0.205302 0.706893
    outer loop
      vertex -9.94277 -3.37511 8
      vertex -10.1422 -2.7176 8
      vertex -10.4162 -3.53583 7.5
    endloop
  endfacet
  facet normal -0.676803 -0.205354 0.706942
    outer loop
      vertex -10.4162 -3.53583 7.5
      vertex -10.1422 -2.7176 8
      vertex -10.6252 -2.84701 7.5
    endloop
  endfacet
  facet normal -0.492531 -0.149408 -0.857374
    outer loop
      vertex -7.57544 -2.57152 0
      vertex -8.52237 -2.89295 0.599991
      vertex -8.69333 -2.32937 0.599991
    endloop
  endfacet
  facet normal -0.492532 -0.14941 -0.857373
    outer loop
      vertex -7.72741 -2.07055 0
      vertex -7.57544 -2.57152 0
      vertex -8.69333 -2.32937 0.599991
    endloop
  endfacet
  facet normal -0.89002 -0.207525 -0.405954
    outer loop
      vertex -8.69333 -2.32937 0.599991
      vertex -9.0797 -2.4329 1.5
      vertex -9.21938 -1.83385 1.5
    endloop
  endfacet
  facet normal -0.89002 -0.207531 -0.405951
    outer loop
      vertex -8.82707 -1.75581 0.599991
      vertex -8.69333 -2.32937 0.599991
      vertex -9.21938 -1.83385 1.5
    endloop
  endfacet
  facet normal -0.76064 -0.177297 -0.624494
    outer loop
      vertex -9.0797 -2.4329 1.5
      vertex -10.6252 -2.84701 3.5
      vertex -10.7886 -2.14599 3.5
    endloop
  endfacet
  facet normal -0.760636 -0.177357 -0.624482
    outer loop
      vertex -9.21938 -1.83385 1.5
      vertex -9.0797 -2.4329 1.5
      vertex -10.7886 -2.14599 3.5
    endloop
  endfacet
  facet normal -0.973894 -0.227004 0
    outer loop
      vertex -10.6252 -2.84701 3.5
      vertex -10.7886 -2.14599 7.5
      vertex -10.7886 -2.14599 3.5
    endloop
  endfacet
  facet normal -0.973894 -0.227004 0
    outer loop
      vertex -10.7886 -2.14599 7.5
      vertex -10.6252 -2.84701 3.5
      vertex -10.6252 -2.84701 7.5
    endloop
  endfacet
  facet normal -0.6888 -0.160581 0.706943
    outer loop
      vertex -10.1422 -2.7176 8
      vertex -10.2982 -2.04845 8
      vertex -10.6252 -2.84701 7.5
    endloop
  endfacet
  facet normal -0.688826 -0.160558 0.706923
    outer loop
      vertex -10.6252 -2.84701 7.5
      vertex -10.2982 -2.04845 8
      vertex -10.7886 -2.14599 7.5
    endloop
  endfacet
  facet normal -0.501248 -0.116879 -0.857374
    outer loop
      vertex -7.72741 -2.07055 0
      vertex -8.69333 -2.32937 0.599991
      vertex -8.82707 -1.75581 0.599991
    endloop
  endfacet
  facet normal -0.501247 -0.116869 -0.857376
    outer loop
      vertex -7.84628 -1.56072 0
      vertex -7.72741 -2.07055 0
      vertex -8.82707 -1.75581 0.599991
    endloop
  endfacet
  facet normal -0.901689 -0.148868 -0.405951
    outer loop
      vertex -8.82707 -1.75581 0.599991
      vertex -9.21938 -1.83385 1.5
      vertex -9.31958 -1.22694 1.5
    endloop
  endfacet
  facet normal -0.901688 -0.148862 -0.405954
    outer loop
      vertex -8.923 -1.17474 0.599991
      vertex -8.82707 -1.75581 0.599991
      vertex -9.31958 -1.22694 1.5
    endloop
  endfacet
  facet normal -0.770598 -0.127276 -0.624483
    outer loop
      vertex -9.21938 -1.83385 1.5
      vertex -10.7886 -2.14599 3.5
      vertex -10.9059 -1.43579 3.5
    endloop
  endfacet
  facet normal -0.770598 -0.127225 -0.624493
    outer loop
      vertex -9.31958 -1.22694 1.5
      vertex -9.21938 -1.83385 1.5
      vertex -10.9059 -1.43579 3.5
    endloop
  endfacet
  facet normal -0.986633 -0.162957 0
    outer loop
      vertex -10.7886 -2.14599 3.5
      vertex -10.9059 -1.43579 7.5
      vertex -10.9059 -1.43579 3.5
    endloop
  endfacet
  facet normal -0.986633 -0.162957 0
    outer loop
      vertex -10.9059 -1.43579 7.5
      vertex -10.7886 -2.14599 3.5
      vertex -10.7886 -2.14599 7.5
    endloop
  endfacet
  facet normal -0.697831 -0.115288 0.706923
    outer loop
      vertex -10.2982 -2.04845 8
      vertex -10.4102 -1.37052 8
      vertex -10.7886 -2.14599 7.5
    endloop
  endfacet
  facet normal -0.697857 -0.115261 0.706902
    outer loop
      vertex -10.7886 -2.14599 7.5
      vertex -10.4102 -1.37052 8
      vertex -10.9059 -1.43579 7.5
    endloop
  endfacet
  facet normal -0.507817 -0.0838366 -0.857376
    outer loop
      vertex -7.84628 -1.56072 0
      vertex -8.82707 -1.75581 0.599991
      vertex -8.923 -1.17474 0.599991
    endloop
  endfacet
  facet normal -0.507819 -0.0838451 -0.857374
    outer loop
      vertex -7.93156 -1.04421 0
      vertex -7.84628 -1.56072 0
      vertex -8.923 -1.17474 0.599991
    endloop
  endfacet
  facet normal -0.909493 -0.0895748 -0.405954
    outer loop
      vertex -8.923 -1.17474 0.599991
      vertex -9.31958 -1.22694 1.5
      vertex -9.37987 -0.614789 1.5
    endloop
  endfacet
  facet normal -0.909494 -0.089582 -0.40595
    outer loop
      vertex -8.98073 -0.588628 0.599991
      vertex -8.923 -1.17474 0.599991
      vertex -9.37987 -0.614789 1.5
    endloop
  endfacet
  facet normal -0.777276 -0.0764954 -0.624492
    outer loop
      vertex -9.31958 -1.22694 1.5
      vertex -10.9059 -1.43579 3.5
      vertex -10.9764 -0.719434 3.5
    endloop
  endfacet
  facet normal -0.77728 -0.0765533 -0.624481
    outer loop
      vertex -9.37987 -0.614789 1.5
      vertex -9.31958 -1.22694 1.5
      vertex -10.9764 -0.719434 3.5
    endloop
  endfacet
  facet normal -0.995192 -0.0979416 0
    outer loop
      vertex -10.9059 -1.43579 3.5
      vertex -10.9764 -0.719434 7.5
      vertex -10.9764 -0.719434 3.5
    endloop
  endfacet
  facet normal -0.995192 -0.0979416 0
    outer loop
      vertex -10.9764 -0.719434 7.5
      vertex -10.9059 -1.43579 3.5
      vertex -10.9059 -1.43579 7.5
    endloop
  endfacet
  facet normal -0.703911 -0.0692806 0.706901
    outer loop
      vertex -10.4102 -1.37052 8
      vertex -10.4775 -0.686732 8
      vertex -10.9059 -1.43579 7.5
    endloop
  endfacet
  facet normal -0.703915 -0.0692756 0.706898
    outer loop
      vertex -10.9059 -1.43579 7.5
      vertex -10.4775 -0.686732 8
      vertex -10.9764 -0.719434 7.5
    endloop
  endfacet
  facet normal -0.512216 -0.0504515 -0.857374
    outer loop
      vertex -7.93156 -1.04421 0
      vertex -8.923 -1.17474 0.599991
      vertex -8.98073 -0.588628 0.599991
    endloop
  endfacet
  facet normal -0.512214 -0.0504462 -0.857375
    outer loop
      vertex -7.98287 -0.523225 0
      vertex -7.93156 -1.04421 0
      vertex -8.98073 -0.588628 0.599991
    endloop
  endfacet
  facet normal -0.913406 -0.0298927 -0.40595
    outer loop
      vertex -8.98073 -0.588628 0.599991
      vertex -9.37987 -0.614789 1.5
      vertex -9.39999 0 1.5
    endloop
  endfacet
  facet normal -0.913408 -0.0299024 -0.405945
    outer loop
      vertex -9 0 0.599991
      vertex -8.98073 -0.588628 0.599991
      vertex -9.39999 0 1.5
    endloop
  endfacet
  facet normal -0.78062 -0.0256071 -0.624481
    outer loop
      vertex -9.37987 -0.614789 1.5
      vertex -10.9764 -0.719434 3.5
      vertex -11 0 3.5
    endloop
  endfacet
  facet normal -0.780612 -0.0255468 -0.624494
    outer loop
      vertex -9.39999 0 1.5
      vertex -9.37987 -0.614789 1.5
      vertex -11 0 3.5
    endloop
  endfacet
  facet normal -0.999462 -0.0327859 0
    outer loop
      vertex -10.9764 -0.719434 3.5
      vertex -11 0 7.5
      vertex -11 0 3.5
    endloop
  endfacet
  facet normal -0.999462 -0.0327859 0
    outer loop
      vertex -11 0 7.5
      vertex -10.9764 -0.719434 3.5
      vertex -10.9764 -0.719434 7.5
    endloop
  endfacet
  facet normal -0.706937 -0.023162 0.706897
    outer loop
      vertex -10.4775 -0.686732 8
      vertex -10.5 0 8
      vertex -10.9764 -0.719434 7.5
    endloop
  endfacet
  facet normal -0.706917 -0.0231894 0.706917
    outer loop
      vertex -10.9764 -0.719434 7.5
      vertex -10.5 0 8
      vertex -11 0 7.5
    endloop
  endfacet
  facet normal 0 0 1
    outer loop
      vertex 2.6 0 8
      vertex 10.5 0 8
      vertex 10.4775 0.686732 8
    endloop
  endfacet
  facet normal 0 0 1
    outer loop
      vertex 2.6 0 8
      vertex 10.4775 0.686732 8
      vertex 10.4102 1.37052 8
    endloop
  endfacet
  facet normal 0 0 1
    outer loop
      vertex 10.5 0 8
      vertex 2.6 0 8
      vertex 10.4775 -0.686732 8
    endloop
  endfacet
  facet normal 0 0 1
    outer loop
      vertex 2.55004 0.507235 8
      vertex 10.4102 1.37052 8
      vertex 10.2982 2.04845 8
    endloop
  endfacet
  facet normal 0 0 1
    outer loop
      vertex 10.4775 -0.686732 8
      vertex 2.6 0 8
      vertex 10.4102 -1.37052 8
    endloop
  endfacet
  facet normal 0 0 1
    outer loop
      vertex 2.55004 0.507235 8
      vertex 10.2982 2.04845 8
      vertex 10.1422 2.7176 8
    endloop
  endfacet
  facet normal -0 0 1
    outer loop
      vertex 2.55004 -0.507235 8
      vertex 10.4102 -1.37052 8
      vertex 2.6 0 8
    endloop
  endfacet
  facet normal 0 0 1
    outer loop
      vertex 2.55004 0.507235 8
      vertex 10.1422 2.7176 8
      vertex 9.94277 3.37511 8
    endloop
  endfacet
  facet normal 0 0 1
    outer loop
      vertex 10.4102 -1.37052 8
      vertex 2.55004 -0.507235 8
      vertex 10.2982 -2.04845 8
    endloop
  endfacet
  facet normal 0 0 1
    outer loop
      vertex 2.40209 0.994976 8
      vertex 9.94277 3.37511 8
      vertex 9.70073 4.01818 8
    endloop
  endfacet
  facet normal 0 0 1
    outer loop
      vertex 10.2982 -2.04845 8
      vertex 2.55004 -0.507235 8
      vertex 10.1422 -2.7176 8
    endloop
  endfacet
  facet normal 0 0 1
    outer loop
      vertex 2.40209 0.994976 8
      vertex 9.70073 4.01818 8
      vertex 9.41716 4.64403 8
    endloop
  endfacet
  facet normal 0 0 1
    outer loop
      vertex 10.1422 -2.7176 8
      vertex 2.55004 -0.507235 8
      vertex 9.94277 -3.37511 8
    endloop
  endfacet
  facet normal 0 0 1
    outer loop
      vertex 2.40209 0.994976 8
      vertex 9.41716 4.64403 8
      vertex 9.09327 5.25 8
    endloop
  endfacet
  facet normal -0 0 1
    outer loop
      vertex 2.40209 -0.994976 8
      vertex 9.94277 -3.37511 8
      vertex 2.55004 -0.507235 8
    endloop
  endfacet
  facet normal 0 0 1
    outer loop
      vertex 2.16182 1.44448 8
      vertex 9.09327 5.25 8
      vertex 8.73043 5.83349 8
    endloop
  endfacet
  facet normal 0 0 1
    outer loop
      vertex 9.94277 -3.37511 8
      vertex 2.40209 -0.994976 8
      vertex 9.70073 -4.01818 8
    endloop
  endfacet
  facet normal 0 0 1
    outer loop
      vertex 2.16182 1.44448 8
      vertex 8.73043 5.83349 8
      vertex 8.33021 6.39199 8
    endloop
  endfacet
  facet normal 0 0 1
    outer loop
      vertex 9.70073 -4.01818 8
      vertex 2.40209 -0.994976 8
      vertex 9.41716 -4.64403 8
    endloop
  endfacet
  facet normal 0 0 1
    outer loop
      vertex 2.16182 1.44448 8
      vertex 8.33021 6.39199 8
      vertex 7.89432 6.92313 8
    endloop
  endfacet
  facet normal 0 0 1
    outer loop
      vertex 9.41716 -4.64403 8
      vertex 2.40209 -0.994976 8
      vertex 9.09327 -5.25 8
    endloop
  endfacet
  facet normal 0 0 1
    outer loop
      vertex 1.83848 1.83848 8
      vertex 7.89432 6.92313 8
      vertex 7.42462 7.42462 8
    endloop
  endfacet
  facet normal -0 0 1
    outer loop
      vertex 2.16182 -1.44448 8
      vertex 9.09327 -5.25 8
      vertex 2.40209 -0.994976 8
    endloop
  endfacet
  facet normal 0 0 1
    outer loop
      vertex 1.83848 1.83848 8
      vertex 7.42462 7.42462 8
      vertex 6.92313 7.89432 8
    endloop
  endfacet
  facet normal 0 0 1
    outer loop
      vertex 9.09327 -5.25 8
      vertex 2.16182 -1.44448 8
      vertex 8.73043 -5.83349 8
    endloop
  endfacet
  facet normal 0 0 1
    outer loop
      vertex 1.83848 1.83848 8
      vertex 6.92313 7.89432 8
      vertex 6.39199 8.33021 8
    endloop
  endfacet
  facet normal 0 0 1
    outer loop
      vertex 8.73043 -5.83349 8
      vertex 2.16182 -1.44448 8
      vertex 8.33021 -6.39199 8
    endloop
  endfacet
  facet normal 0 0 1
    outer loop
      vertex 1.44448 2.16182 8
      vertex 6.39199 8.33021 8
      vertex 5.83349 8.73043 8
    endloop
  endfacet
  facet normal 0 0 1
    outer loop
      vertex 8.33021 -6.39199 8
      vertex 2.16182 -1.44448 8
      vertex 7.89432 -6.92313 8
    endloop
  endfacet
  facet normal 0 0 1
    outer loop
      vertex 1.44448 2.16182 8
      vertex 5.83349 8.73043 8
      vertex 5.25 9.09327 8
    endloop
  endfacet
  facet normal -0 0 1
    outer loop
      vertex 1.83848 -1.83848 8
      vertex 7.89432 -6.92313 8
      vertex 2.16182 -1.44448 8
    endloop
  endfacet
  facet normal 0 0 1
    outer loop
      vertex 1.44448 2.16182 8
      vertex 5.25 9.09327 8
      vertex 4.64403 9.41716 8
    endloop
  endfacet
  facet normal 0 0 1
    outer loop
      vertex 7.89432 -6.92313 8
      vertex 1.83848 -1.83848 8
      vertex 7.42462 -7.42462 8
    endloop
  endfacet
  facet normal 0 0 1
    outer loop
      vertex 0.994976 2.40209 8
      vertex 4.64403 9.41716 8
      vertex 4.01818 9.70073 8
    endloop
  endfacet
  facet normal 0 0 1
    outer loop
      vertex 7.42462 -7.42462 8
      vertex 1.83848 -1.83848 8
      vertex 6.92313 -7.89432 8
    endloop
  endfacet
  facet normal 0 0 1
    outer loop
      vertex 0.994976 2.40209 8
      vertex 4.01818 9.70073 8
      vertex 3.37511 9.94277 8
    endloop
  endfacet
  facet normal 0 0 1
    outer loop
      vertex 6.92313 -7.89432 8
      vertex 1.83848 -1.83848 8
      vertex 6.39199 -8.33021 8
    endloop
  endfacet
  facet normal 0 0 1
    outer loop
      vertex 0.994976 2.40209 8
      vertex 3.37511 9.94277 8
      vertex 2.7176 10.1422 8
    endloop
  endfacet
  facet normal -0 0 1
    outer loop
      vertex 1.44448 -2.16182 8
      vertex 6.39199 -8.33021 8
      vertex 1.83848 -1.83848 8
    endloop
  endfacet
  facet normal 0 0 1
    outer loop
      vertex 6.39199 -8.33021 8
      vertex 1.44448 -2.16182 8
      vertex 5.83349 -8.73043 8
    endloop
  endfacet
  facet normal 0 0 1
    outer loop
      vertex 10.4102 1.37052 8
      vertex 2.55004 0.507235 8
      vertex 2.6 0 8
    endloop
  endfacet
  facet normal 0 0 1
    outer loop
      vertex 9.94277 3.37511 8
      vertex 2.40209 0.994976 8
      vertex 2.55004 0.507235 8
    endloop
  endfacet
  facet normal 0 0 1
    outer loop
      vertex 9.09327 5.25 8
      vertex 2.16182 1.44448 8
      vertex 2.40209 0.994976 8
    endloop
  endfacet
  facet normal 0 0 1
    outer loop
      vertex 0.507235 2.55004 8
      vertex 2.7176 10.1422 8
      vertex 2.04845 10.2982 8
    endloop
  endfacet
  facet normal 0 0 1
    outer loop
      vertex 7.89432 6.92313 8
      vertex 1.83848 1.83848 8
      vertex 2.16182 1.44448 8
    endloop
  endfacet
  facet normal 0 0 1
    outer loop
      vertex 6.39199 8.33021 8
      vertex 1.44448 2.16182 8
      vertex 1.83848 1.83848 8
    endloop
  endfacet
  facet normal 0 0 1
    outer loop
      vertex 0.507235 2.55004 8
      vertex 2.04845 10.2982 8
      vertex 1.37052 10.4102 8
    endloop
  endfacet
  facet normal 0 0 1
    outer loop
      vertex 4.64403 9.41716 8
      vertex 0.994976 2.40209 8
      vertex 1.44448 2.16182 8
    endloop
  endfacet
  facet normal 0 0 1
    outer loop
      vertex 0.507235 2.55004 8
      vertex 1.37052 10.4102 8
      vertex 0.686732 10.4775 8
    endloop
  endfacet
  facet normal 0 0 1
    outer loop
      vertex 2.7176 10.1422 8
      vertex 0.507235 2.55004 8
      vertex 0.994976 2.40209 8
    endloop
  endfacet
  facet normal 0 0 1
    outer loop
      vertex 0 2.6 8
      vertex 0.686732 10.4775 8
      vertex 0 10.5 8
    endloop
  endfacet
  facet normal 0 0 1
    outer loop
      vertex 0.686732 10.4775 8
      vertex 0 2.6 8
      vertex 0.507235 2.55004 8
    endloop
  endfacet
  facet normal -0 0 1
    outer loop
      vertex -0.686732 10.4775 8
      vertex 0 2.6 8
      vertex 0 10.5 8
    endloop
  endfacet
  facet normal 0 0 1
    outer loop
      vertex 0 2.6 8
      vertex -0.686732 10.4775 8
      vertex -0.507235 2.55004 8
    endloop
  endfacet
  facet normal -0 0 1
    outer loop
      vertex -1.37052 10.4102 8
      vertex -0.507235 2.55004 8
      vertex -0.686732 10.4775 8
    endloop
  endfacet
  facet normal -0 0 1
    outer loop
      vertex -2.04845 10.2982 8
      vertex -0.507235 2.55004 8
      vertex -1.37052 10.4102 8
    endloop
  endfacet
  facet normal -0 0 1
    outer loop
      vertex -2.7176 10.1422 8
      vertex -0.507235 2.55004 8
      vertex -2.04845 10.2982 8
    endloop
  endfacet
  facet normal 0 0 1
    outer loop
      vertex -0.507235 2.55004 8
      vertex -2.7176 10.1422 8
      vertex -0.994976 2.40209 8
    endloop
  endfacet
  facet normal -0 0 1
    outer loop
      vertex -3.37511 9.94277 8
      vertex -0.994976 2.40209 8
      vertex -2.7176 10.1422 8
    endloop
  endfacet
  facet normal -0 0 1
    outer loop
      vertex -4.01818 9.70073 8
      vertex -0.994976 2.40209 8
      vertex -3.37511 9.94277 8
    endloop
  endfacet
  facet normal -0 0 1
    outer loop
      vertex -4.64403 9.41716 8
      vertex -0.994976 2.40209 8
      vertex -4.01818 9.70073 8
    endloop
  endfacet
  facet normal 0 0 1
    outer loop
      vertex -0.994976 2.40209 8
      vertex -4.64403 9.41716 8
      vertex -1.44448 2.16182 8
    endloop
  endfacet
  facet normal -0 0 1
    outer loop
      vertex -5.25 9.09327 8
      vertex -1.44448 2.16182 8
      vertex -4.64403 9.41716 8
    endloop
  endfacet
  facet normal -0 0 1
    outer loop
      vertex -5.83349 8.73043 8
      vertex -1.44448 2.16182 8
      vertex -5.25 9.09327 8
    endloop
  endfacet
  facet normal 0 0 1
    outer loop
      vertex 5.83349 -8.73043 8
      vertex 1.44448 -2.16182 8
      vertex 5.25 -9.09327 8
    endloop
  endfacet
  facet normal 0 0 1
    outer loop
      vertex 5.25 -9.09327 8
      vertex 1.44448 -2.16182 8
      vertex 4.64403 -9.41716 8
    endloop
  endfacet
  facet normal -0 0 1
    outer loop
      vertex 0.994976 -2.40209 8
      vertex 4.64403 -9.41716 8
      vertex 1.44448 -2.16182 8
    endloop
  endfacet
  facet normal 0 0 1
    outer loop
      vertex 4.64403 -9.41716 8
      vertex 0.994976 -2.40209 8
      vertex 4.01818 -9.70073 8
    endloop
  endfacet
  facet normal 0 0 1
    outer loop
      vertex 4.01818 -9.70073 8
      vertex 0.994976 -2.40209 8
      vertex 3.37511 -9.94277 8
    endloop
  endfacet
  facet normal 0 0 1
    outer loop
      vertex 3.37511 -9.94277 8
      vertex 0.994976 -2.40209 8
      vertex 2.7176 -10.1422 8
    endloop
  endfacet
  facet normal -0 0 1
    outer loop
      vertex 0.507235 -2.55004 8
      vertex 2.7176 -10.1422 8
      vertex 0.994976 -2.40209 8
    endloop
  endfacet
  facet normal 0 0 1
    outer loop
      vertex 2.7176 -10.1422 8
      vertex 0.507235 -2.55004 8
      vertex 2.04845 -10.2982 8
    endloop
  endfacet
  facet normal 0 0 1
    outer loop
      vertex 2.04845 -10.2982 8
      vertex 0.507235 -2.55004 8
      vertex 1.37052 -10.4102 8
    endloop
  endfacet
  facet normal 0 0 1
    outer loop
      vertex 1.37052 -10.4102 8
      vertex 0.507235 -2.55004 8
      vertex 0.686732 -10.4775 8
    endloop
  endfacet
  facet normal -0 0 1
    outer loop
      vertex 0 -2.6 8
      vertex 0.686732 -10.4775 8
      vertex 0.507235 -2.55004 8
    endloop
  endfacet
  facet normal 0 0 1
    outer loop
      vertex 0 -2.6 8
      vertex 0 -10.5 8
      vertex 0.686732 -10.4775 8
    endloop
  endfacet
  facet normal 0 0 1
    outer loop
      vertex -0.686732 -10.4775 8
      vertex 0 -2.6 8
      vertex -0.507235 -2.55004 8
    endloop
  endfacet
  facet normal 0 0 1
    outer loop
      vertex 0 -2.6 8
      vertex -0.686732 -10.4775 8
      vertex 0 -10.5 8
    endloop
  endfacet
  facet normal 0 0 1
    outer loop
      vertex -2.7176 -10.1422 8
      vertex -0.507235 -2.55004 8
      vertex -0.994976 -2.40209 8
    endloop
  endfacet
  facet normal 0 0 1
    outer loop
      vertex -0.507235 -2.55004 8
      vertex -1.37052 -10.4102 8
      vertex -0.686732 -10.4775 8
    endloop
  endfacet
  facet normal 0 0 1
    outer loop
      vertex -4.64403 -9.41716 8
      vertex -0.994976 -2.40209 8
      vertex -1.44448 -2.16182 8
    endloop
  endfacet
  facet normal 0 0 1
    outer loop
      vertex -6.39199 -8.33021 8
      vertex -1.44448 -2.16182 8
      vertex -1.83848 -1.83848 8
    endloop
  endfacet
  facet normal 0 0 1
    outer loop
      vertex -0.507235 -2.55004 8
      vertex -2.04845 -10.2982 8
      vertex -1.37052 -10.4102 8
    endloop
  endfacet
  facet normal 0 0 1
    outer loop
      vertex -7.89432 -6.92313 8
      vertex -1.83848 -1.83848 8
      vertex -2.16182 -1.44448 8
    endloop
  endfacet
  facet normal 0 0 1
    outer loop
      vertex -9.09327 -5.25 8
      vertex -2.16182 -1.44448 8
      vertex -2.40209 -0.994976 8
    endloop
  endfacet
  facet normal 0 0 1
    outer loop
      vertex -9.94277 -3.37511 8
      vertex -2.40209 -0.994976 8
      vertex -2.55004 -0.507235 8
    endloop
  endfacet
  facet normal 0 0 1
    outer loop
      vertex -10.4102 -1.37052 8
      vertex -2.55004 -0.507235 8
      vertex -2.6 0 8
    endloop
  endfacet
  facet normal 0 0 1
    outer loop
      vertex -0.507235 -2.55004 8
      vertex -2.7176 -10.1422 8
      vertex -2.04845 -10.2982 8
    endloop
  endfacet
  facet normal -0 0 1
    outer loop
      vertex -6.39199 8.33021 8
      vertex -1.44448 2.16182 8
      vertex -5.83349 8.73043 8
    endloop
  endfacet
  facet normal 0 0 1
    outer loop
      vertex -1.44448 2.16182 8
      vertex -6.39199 8.33021 8
      vertex -1.83848 1.83848 8
    endloop
  endfacet
  facet normal 0 0 1
    outer loop
      vertex -0.994976 -2.40209 8
      vertex -3.37511 -9.94277 8
      vertex -2.7176 -10.1422 8
    endloop
  endfacet
  facet normal -0 0 1
    outer loop
      vertex -6.92313 7.89432 8
      vertex -1.83848 1.83848 8
      vertex -6.39199 8.33021 8
    endloop
  endfacet
  facet normal 0 0 1
    outer loop
      vertex -0.994976 -2.40209 8
      vertex -4.01818 -9.70073 8
      vertex -3.37511 -9.94277 8
    endloop
  endfacet
  facet normal -0 0 1
    outer loop
      vertex -7.42462 7.42462 8
      vertex -1.83848 1.83848 8
      vertex -6.92313 7.89432 8
    endloop
  endfacet
  facet normal 0 0 1
    outer loop
      vertex -0.994976 -2.40209 8
      vertex -4.64403 -9.41716 8
      vertex -4.01818 -9.70073 8
    endloop
  endfacet
  facet normal -0 0 1
    outer loop
      vertex -7.89432 6.92313 8
      vertex -1.83848 1.83848 8
      vertex -7.42462 7.42462 8
    endloop
  endfacet
  facet normal 0 0 1
    outer loop
      vertex -1.44448 -2.16182 8
      vertex -5.25 -9.09327 8
      vertex -4.64403 -9.41716 8
    endloop
  endfacet
  facet normal 0 0 1
    outer loop
      vertex -1.83848 1.83848 8
      vertex -7.89432 6.92313 8
      vertex -2.16182 1.44448 8
    endloop
  endfacet
  facet normal 0 0 1
    outer loop
      vertex -1.44448 -2.16182 8
      vertex -5.83349 -8.73043 8
      vertex -5.25 -9.09327 8
    endloop
  endfacet
  facet normal -0 0 1
    outer loop
      vertex -8.33021 6.39199 8
      vertex -2.16182 1.44448 8
      vertex -7.89432 6.92313 8
    endloop
  endfacet
  facet normal 0 0 1
    outer loop
      vertex -1.44448 -2.16182 8
      vertex -6.39199 -8.33021 8
      vertex -5.83349 -8.73043 8
    endloop
  endfacet
  facet normal -0 0 1
    outer loop
      vertex -8.73043 5.83349 8
      vertex -2.16182 1.44448 8
      vertex -8.33021 6.39199 8
    endloop
  endfacet
  facet normal 0 0 1
    outer loop
      vertex -1.83848 -1.83848 8
      vertex -6.92313 -7.89432 8
      vertex -6.39199 -8.33021 8
    endloop
  endfacet
  facet normal -0 0 1
    outer loop
      vertex -9.09327 5.25 8
      vertex -2.16182 1.44448 8
      vertex -8.73043 5.83349 8
    endloop
  endfacet
  facet normal 0 0 1
    outer loop
      vertex -1.83848 -1.83848 8
      vertex -7.42462 -7.42462 8
      vertex -6.92313 -7.89432 8
    endloop
  endfacet
  facet normal 0 0 1
    outer loop
      vertex -2.16182 1.44448 8
      vertex -9.09327 5.25 8
      vertex -2.40209 0.994976 8
    endloop
  endfacet
  facet normal 0 0 1
    outer loop
      vertex -1.83848 -1.83848 8
      vertex -7.89432 -6.92313 8
      vertex -7.42462 -7.42462 8
    endloop
  endfacet
  facet normal -0 0 1
    outer loop
      vertex -9.41716 4.64403 8
      vertex -2.40209 0.994976 8
      vertex -9.09327 5.25 8
    endloop
  endfacet
  facet normal 0 0 1
    outer loop
      vertex -2.16182 -1.44448 8
      vertex -8.33021 -6.39199 8
      vertex -7.89432 -6.92313 8
    endloop
  endfacet
  facet normal -0 0 1
    outer loop
      vertex -9.70073 4.01818 8
      vertex -2.40209 0.994976 8
      vertex -9.41716 4.64403 8
    endloop
  endfacet
  facet normal 0 0 1
    outer loop
      vertex -2.16182 -1.44448 8
      vertex -8.73043 -5.83349 8
      vertex -8.33021 -6.39199 8
    endloop
  endfacet
  facet normal -0 0 1
    outer loop
      vertex -9.94277 3.37511 8
      vertex -2.40209 0.994976 8
      vertex -9.70073 4.01818 8
    endloop
  endfacet
  facet normal 0 0 1
    outer loop
      vertex -2.16182 -1.44448 8
      vertex -9.09327 -5.25 8
      vertex -8.73043 -5.83349 8
    endloop
  endfacet
  facet normal 0 0 1
    outer loop
      vertex -2.40209 0.994976 8
      vertex -9.94277 3.37511 8
      vertex -2.55004 0.507235 8
    endloop
  endfacet
  facet normal 0 0 1
    outer loop
      vertex -2.40209 -0.994976 8
      vertex -9.41716 -4.64403 8
      vertex -9.09327 -5.25 8
    endloop
  endfacet
  facet normal -0 0 1
    outer loop
      vertex -10.1422 2.7176 8
      vertex -2.55004 0.507235 8
      vertex -9.94277 3.37511 8
    endloop
  endfacet
  facet normal 0 0 1
    outer loop
      vertex -2.40209 -0.994976 8
      vertex -9.70073 -4.01818 8
      vertex -9.41716 -4.64403 8
    endloop
  endfacet
  facet normal -0 0 1
    outer loop
      vertex -10.2982 2.04845 8
      vertex -2.55004 0.507235 8
      vertex -10.1422 2.7176 8
    endloop
  endfacet
  facet normal 0 0 1
    outer loop
      vertex -2.40209 -0.994976 8
      vertex -9.94277 -3.37511 8
      vertex -9.70073 -4.01818 8
    endloop
  endfacet
  facet normal -0 0 1
    outer loop
      vertex -10.4102 1.37052 8
      vertex -2.55004 0.507235 8
      vertex -10.2982 2.04845 8
    endloop
  endfacet
  facet normal 0 0 1
    outer loop
      vertex -2.55004 -0.507235 8
      vertex -10.1422 -2.7176 8
      vertex -9.94277 -3.37511 8
    endloop
  endfacet
  facet normal 0 0 1
    outer loop
      vertex -2.55004 0.507235 8
      vertex -10.4102 1.37052 8
      vertex -2.6 0 8
    endloop
  endfacet
  facet normal 0 0 1
    outer loop
      vertex -2.55004 -0.507235 8
      vertex -10.2982 -2.04845 8
      vertex -10.1422 -2.7176 8
    endloop
  endfacet
  facet normal -0 0 1
    outer loop
      vertex -10.4775 0.686732 8
      vertex -2.6 0 8
      vertex -10.4102 1.37052 8
    endloop
  endfacet
  facet normal 0 0 1
    outer loop
      vertex -2.55004 -0.507235 8
      vertex -10.4102 -1.37052 8
      vertex -10.2982 -2.04845 8
    endloop
  endfacet
  facet normal 0 0 1
    outer loop
      vertex -10.5 0 8
      vertex -2.6 0 8
      vertex -10.4775 0.686732 8
    endloop
  endfacet
  facet normal 0 0 1
    outer loop
      vertex -2.6 0 8
      vertex -10.4775 -0.686732 8
      vertex -10.4102 -1.37052 8
    endloop
  endfacet
  facet normal 0 0 1
    outer loop
      vertex -2.6 0 8
      vertex -10.5 0 8
      vertex -10.4775 -0.686732 8
    endloop
  endfacet
  facet normal -0.514417 -0.0168405 -0.857375
    outer loop
      vertex -7.98287 -0.523225 0
      vertex -8.98073 -0.588628 0.599991
      vertex -9 0 0.599991
    endloop
  endfacet
  facet normal -0.514417 -0.0168416 -0.857375
    outer loop
      vertex -8 0 0
      vertex -7.98287 -0.523225 0
      vertex -9 0 0.599991
    endloop
  endfacet
  facet normal 0.773018 -0.634385 0
    outer loop
      vertex -2.16182 1.44448 8
      vertex -1.83848 1.83848 0
      vertex -1.83848 1.83848 8
    endloop
  endfacet
  facet normal 0.773018 -0.634385 0
    outer loop
      vertex -1.83848 1.83848 0
      vertex -2.16182 1.44448 8
      vertex -2.16182 1.44448 0
    endloop
  endfacet
  facet normal 0.956943 -0.290276 0
    outer loop
      vertex -2.55004 0.507235 8
      vertex -2.40209 0.994976 0
      vertex -2.40209 0.994976 8
    endloop
  endfacet
  facet normal 0.956943 -0.290276 0
    outer loop
      vertex -2.40209 0.994976 0
      vertex -2.55004 0.507235 8
      vertex -2.55004 0.507235 0
    endloop
  endfacet
  facet normal 0.471405 -0.881917 0
    outer loop
      vertex -1.44448 2.16182 0
      vertex -0.994976 2.40209 8
      vertex -1.44448 2.16182 8
    endloop
  endfacet
  facet normal 0.471405 -0.881917 0
    outer loop
      vertex -0.994976 2.40209 8
      vertex -1.44448 2.16182 0
      vertex -0.994976 2.40209 0
    endloop
  endfacet
  facet normal -0.634385 -0.773018 0
    outer loop
      vertex 1.44448 2.16182 0
      vertex 1.83848 1.83848 8
      vertex 1.44448 2.16182 8
    endloop
  endfacet
  facet normal -0.634385 -0.773018 -0
    outer loop
      vertex 1.83848 1.83848 8
      vertex 1.44448 2.16182 0
      vertex 1.83848 1.83848 0
    endloop
  endfacet
  facet normal -0.773018 0.634385 0
    outer loop
      vertex 1.83848 -1.83848 0
      vertex 2.16182 -1.44448 8
      vertex 2.16182 -1.44448 0
    endloop
  endfacet
  facet normal -0.773018 0.634385 0
    outer loop
      vertex 2.16182 -1.44448 8
      vertex 1.83848 -1.83848 0
      vertex 1.83848 -1.83848 8
    endloop
  endfacet
  facet normal -0.995184 0.0980205 0
    outer loop
      vertex 2.55004 -0.507235 0
      vertex 2.6 0 8
      vertex 2.6 0 0
    endloop
  endfacet
  facet normal -0.995184 0.0980205 0
    outer loop
      vertex 2.6 0 8
      vertex 2.55004 -0.507235 0
      vertex 2.55004 -0.507235 8
    endloop
  endfacet
  facet normal -0.881917 -0.471405 0
    outer loop
      vertex 2.40209 0.994976 0
      vertex 2.16182 1.44448 8
      vertex 2.16182 1.44448 0
    endloop
  endfacet
  facet normal -0.881917 -0.471405 0
    outer loop
      vertex 2.16182 1.44448 8
      vertex 2.40209 0.994976 0
      vertex 2.40209 0.994976 8
    endloop
  endfacet
  facet normal -0.881917 0.471405 0
    outer loop
      vertex 2.16182 -1.44448 0
      vertex 2.40209 -0.994976 8
      vertex 2.40209 -0.994976 0
    endloop
  endfacet
  facet normal -0.881917 0.471405 0
    outer loop
      vertex 2.40209 -0.994976 8
      vertex 2.16182 -1.44448 0
      vertex 2.16182 -1.44448 8
    endloop
  endfacet
  facet normal -0.995184 -0.0980205 0
    outer loop
      vertex 2.6 0 0
      vertex 2.55004 0.507235 8
      vertex 2.55004 0.507235 0
    endloop
  endfacet
  facet normal -0.995184 -0.0980205 0
    outer loop
      vertex 2.55004 0.507235 8
      vertex 2.6 0 0
      vertex 2.6 0 8
    endloop
  endfacet
  facet normal 0.0980205 -0.995184 0
    outer loop
      vertex -0.507235 2.55004 0
      vertex 0 2.6 8
      vertex -0.507235 2.55004 8
    endloop
  endfacet
  facet normal 0.0980205 -0.995184 0
    outer loop
      vertex 0 2.6 8
      vertex -0.507235 2.55004 0
      vertex 0 2.6 0
    endloop
  endfacet
  facet normal -0.290276 0.956943 0
    outer loop
      vertex 0.994976 -2.40209 0
      vertex 0.507235 -2.55004 8
      vertex 0.994976 -2.40209 8
    endloop
  endfacet
  facet normal -0.290276 0.956943 0
    outer loop
      vertex 0.507235 -2.55004 8
      vertex 0.994976 -2.40209 0
      vertex 0.507235 -2.55004 0
    endloop
  endfacet
  facet normal -0.956943 -0.290276 0
    outer loop
      vertex 2.55004 0.507235 0
      vertex 2.40209 0.994976 8
      vertex 2.40209 0.994976 0
    endloop
  endfacet
  facet normal -0.956943 -0.290276 0
    outer loop
      vertex 2.40209 0.994976 8
      vertex 2.55004 0.507235 0
      vertex 2.55004 0.507235 8
    endloop
  endfacet
  facet normal 0.881917 -0.471405 0
    outer loop
      vertex -2.40209 0.994976 8
      vertex -2.16182 1.44448 0
      vertex -2.16182 1.44448 8
    endloop
  endfacet
  facet normal 0.881917 -0.471405 0
    outer loop
      vertex -2.16182 1.44448 0
      vertex -2.40209 0.994976 8
      vertex -2.40209 0.994976 0
    endloop
  endfacet
  facet normal 0.290276 0.956943 -0
    outer loop
      vertex -0.507235 -2.55004 0
      vertex -0.994976 -2.40209 8
      vertex -0.507235 -2.55004 8
    endloop
  endfacet
  facet normal 0.290276 0.956943 0
    outer loop
      vertex -0.994976 -2.40209 8
      vertex -0.507235 -2.55004 0
      vertex -0.994976 -2.40209 0
    endloop
  endfacet
  facet normal -0.290276 -0.956943 0
    outer loop
      vertex 0.507235 2.55004 0
      vertex 0.994976 2.40209 8
      vertex 0.507235 2.55004 8
    endloop
  endfacet
  facet normal -0.290276 -0.956943 -0
    outer loop
      vertex 0.994976 2.40209 8
      vertex 0.507235 2.55004 0
      vertex 0.994976 2.40209 0
    endloop
  endfacet
  facet normal -0.0980205 0.995184 0
    outer loop
      vertex 0.507235 -2.55004 0
      vertex 0 -2.6 8
      vertex 0.507235 -2.55004 8
    endloop
  endfacet
  facet normal -0.0980205 0.995184 0
    outer loop
      vertex 0 -2.6 8
      vertex 0.507235 -2.55004 0
      vertex 0 -2.6 0
    endloop
  endfacet
  facet normal 0.634385 -0.773018 0
    outer loop
      vertex -1.83848 1.83848 0
      vertex -1.44448 2.16182 8
      vertex -1.83848 1.83848 8
    endloop
  endfacet
  facet normal 0.634385 -0.773018 0
    outer loop
      vertex -1.44448 2.16182 8
      vertex -1.83848 1.83848 0
      vertex -1.44448 2.16182 0
    endloop
  endfacet
  facet normal 0.995184 -0.0980205 0
    outer loop
      vertex -2.6 0 8
      vertex -2.55004 0.507235 0
      vertex -2.55004 0.507235 8
    endloop
  endfacet
  facet normal 0.995184 -0.0980205 0
    outer loop
      vertex -2.55004 0.507235 0
      vertex -2.6 0 8
      vertex -2.6 0 0
    endloop
  endfacet
  facet normal -0.634385 0.773018 0
    outer loop
      vertex 1.83848 -1.83848 0
      vertex 1.44448 -2.16182 8
      vertex 1.83848 -1.83848 8
    endloop
  endfacet
  facet normal -0.634385 0.773018 0
    outer loop
      vertex 1.44448 -2.16182 8
      vertex 1.83848 -1.83848 0
      vertex 1.44448 -2.16182 0
    endloop
  endfacet
  facet normal 0.634385 0.773018 -0
    outer loop
      vertex -1.44448 -2.16182 0
      vertex -1.83848 -1.83848 8
      vertex -1.44448 -2.16182 8
    endloop
  endfacet
  facet normal 0.634385 0.773018 0
    outer loop
      vertex -1.83848 -1.83848 8
      vertex -1.44448 -2.16182 0
      vertex -1.83848 -1.83848 0
    endloop
  endfacet
  facet normal -0.471405 0.881917 0
    outer loop
      vertex 1.44448 -2.16182 0
      vertex 0.994976 -2.40209 8
      vertex 1.44448 -2.16182 8
    endloop
  endfacet
  facet normal -0.471405 0.881917 0
    outer loop
      vertex 0.994976 -2.40209 8
      vertex 1.44448 -2.16182 0
      vertex 0.994976 -2.40209 0
    endloop
  endfacet
  facet normal -0.471405 -0.881917 0
    outer loop
      vertex 0.994976 2.40209 0
      vertex 1.44448 2.16182 8
      vertex 0.994976 2.40209 8
    endloop
  endfacet
  facet normal -0.471405 -0.881917 -0
    outer loop
      vertex 1.44448 2.16182 8
      vertex 0.994976 2.40209 0
      vertex 1.44448 2.16182 0
    endloop
  endfacet
  facet normal -0.773018 -0.634385 0
    outer loop
      vertex 2.16182 1.44448 0
      vertex 1.83848 1.83848 8
      vertex 1.83848 1.83848 0
    endloop
  endfacet
  facet normal -0.773018 -0.634385 0
    outer loop
      vertex 1.83848 1.83848 8
      vertex 2.16182 1.44448 0
      vertex 2.16182 1.44448 8
    endloop
  endfacet
  facet normal 0.956943 0.290276 0
    outer loop
      vertex -2.40209 -0.994976 8
      vertex -2.55004 -0.507235 0
      vertex -2.55004 -0.507235 8
    endloop
  endfacet
  facet normal 0.956943 0.290276 0
    outer loop
      vertex -2.55004 -0.507235 0
      vertex -2.40209 -0.994976 8
      vertex -2.40209 -0.994976 0
    endloop
  endfacet
  facet normal 0.290276 -0.956943 0
    outer loop
      vertex -0.994976 2.40209 0
      vertex -0.507235 2.55004 8
      vertex -0.994976 2.40209 8
    endloop
  endfacet
  facet normal 0.290276 -0.956943 0
    outer loop
      vertex -0.507235 2.55004 8
      vertex -0.994976 2.40209 0
      vertex -0.507235 2.55004 0
    endloop
  endfacet
  facet normal 0.881917 0.471405 0
    outer loop
      vertex -2.16182 -1.44448 8
      vertex -2.40209 -0.994976 0
      vertex -2.40209 -0.994976 8
    endloop
  endfacet
  facet normal 0.881917 0.471405 0
    outer loop
      vertex -2.40209 -0.994976 0
      vertex -2.16182 -1.44448 8
      vertex -2.16182 -1.44448 0
    endloop
  endfacet
  facet normal 0.773018 0.634385 0
    outer loop
      vertex -1.83848 -1.83848 8
      vertex -2.16182 -1.44448 0
      vertex -2.16182 -1.44448 8
    endloop
  endfacet
  facet normal 0.773018 0.634385 0
    outer loop
      vertex -2.16182 -1.44448 0
      vertex -1.83848 -1.83848 8
      vertex -1.83848 -1.83848 0
    endloop
  endfacet
  facet normal -0.956943 0.290276 0
    outer loop
      vertex 2.40209 -0.994976 0
      vertex 2.55004 -0.507235 8
      vertex 2.55004 -0.507235 0
    endloop
  endfacet
  facet normal -0.956943 0.290276 0
    outer loop
      vertex 2.55004 -0.507235 8
      vertex 2.40209 -0.994976 0
      vertex 2.40209 -0.994976 8
    endloop
  endfacet
  facet normal 0.995184 0.0980205 0
    outer loop
      vertex -2.55004 -0.507235 8
      vertex -2.6 0 0
      vertex -2.6 0 8
    endloop
  endfacet
  facet normal 0.995184 0.0980205 0
    outer loop
      vertex -2.6 0 0
      vertex -2.55004 -0.507235 8
      vertex -2.55004 -0.507235 0
    endloop
  endfacet
  facet normal -0.0980205 -0.995184 0
    outer loop
      vertex 0 2.6 0
      vertex 0.507235 2.55004 8
      vertex 0 2.6 8
    endloop
  endfacet
  facet normal -0.0980205 -0.995184 -0
    outer loop
      vertex 0.507235 2.55004 8
      vertex 0 2.6 0
      vertex 0.507235 2.55004 0
    endloop
  endfacet
  facet normal 0.0980205 0.995184 -0
    outer loop
      vertex 0 -2.6 0
      vertex -0.507235 -2.55004 8
      vertex 0 -2.6 8
    endloop
  endfacet
  facet normal 0.0980205 0.995184 0
    outer loop
      vertex -0.507235 -2.55004 8
      vertex 0 -2.6 0
      vertex -0.507235 -2.55004 0
    endloop
  endfacet
  facet normal 0.471405 0.881917 -0
    outer loop
      vertex -0.994976 -2.40209 0
      vertex -1.44448 -2.16182 8
      vertex -0.994976 -2.40209 8
    endloop
  endfacet
  facet normal 0.471405 0.881917 0
    outer loop
      vertex -1.44448 -2.16182 8
      vertex -0.994976 -2.40209 0
      vertex -1.44448 -2.16182 0
    endloop
  endfacet
endsolid OpenSCAD_Model
