solid OpenSCAD_Model
  facet normal -0.600439 0.0198244 -0.799425
    outer loop
      vertex -12.7118 0 9
      vertex -11.3743 0.184756 8
      vertex -11.3804 0 8
    endloop
  endfacet
  facet normal -0.600431 0.0197161 -0.799434
    outer loop
      vertex -11.3743 0.184756 8
      vertex -12.7118 0 9
      vertex -12.6845 0.831388 9
    endloop
  endfacet
  facet normal -0.600456 0.0196376 -0.799416
    outer loop
      vertex -11.356 0.744313 8
      vertex -11.3743 0.184756 8
      vertex -12.6845 0.831388 9
    endloop
  endfacet
  facet normal -0.691782 0.0226548 -0.721751
    outer loop
      vertex -14.0231 0.919126 10.2857
      vertex -12.7118 0 9
      vertex -14.0532 0 10.2857
    endloop
  endfacet
  facet normal -0.691759 0.022715 -0.721771
    outer loop
      vertex -12.6845 0.831388 9
      vertex -12.7118 0 9
      vertex -14.0231 0.919126 10.2857
    endloop
  endfacet
  facet normal -0.753882 0.02469 -0.656546
    outer loop
      vertex -15.1404 0.992352 11.5714
      vertex -14.0532 0 10.2857
      vertex -15.1729 0 11.5714
    endloop
  endfacet
  facet normal -0.753882 0.0246885 -0.656545
    outer loop
      vertex -14.0231 0.919126 10.2857
      vertex -14.0532 0 10.2857
      vertex -15.1404 0.992352 11.5714
    endloop
  endfacet
  facet normal -0.788462 0.0257877 -0.614543
    outer loop
      vertex -16.1404 1.0579 12.8571
      vertex -15.1729 0 11.5714
      vertex -16.175 0 12.8571
    endloop
  endfacet
  facet normal -0.788447 0.025822 -0.61456
    outer loop
      vertex -15.1404 0.992352 11.5714
      vertex -15.1729 0 11.5714
      vertex -16.1404 1.0579 12.8571
    endloop
  endfacet
  facet normal -0.841806 0.0275617 -0.539076
    outer loop
      vertex -16.962 1.11175 14.1429
      vertex -16.175 0 12.8571
      vertex -16.9984 0 14.1429
    endloop
  endfacet
  facet normal -0.841819 0.0275328 -0.539058
    outer loop
      vertex -16.1404 1.0579 12.8571
      vertex -16.175 0 12.8571
      vertex -16.962 1.11175 14.1429
    endloop
  endfacet
  facet normal -0.999402 0.0327319 0.0111043
    outer loop
      vertex -16.0127 0 102.857
      vertex -15.9784 1.04728 102.857
      vertex -16.9984 0 14.1429
    endloop
  endfacet
  facet normal -0.999403 0.0327216 0.0111045
    outer loop
      vertex -15.9784 1.04728 102.857
      vertex -16.962 1.11175 14.1429
      vertex -16.9984 0 14.1429
    endloop
  endfacet
  facet normal -0.999099 0.0326626 -0.0270972
    outer loop
      vertex -16.0132 0.932949 104
      vertex -16.0127 0 102.857
      vertex -16.0437 0 104
    endloop
  endfacet
  facet normal -0.999099 0.0326276 -0.0271551
    outer loop
      vertex -15.9784 1.04728 102.857
      vertex -16.0132 0.932949 104
      vertex -16.0094 1.04931 104
    endloop
  endfacet
  facet normal -0.999096 0.0327219 -0.0271456
    outer loop
      vertex -16.0132 0.932949 104
      vertex -15.9784 1.04728 102.857
      vertex -16.0127 0 102.857
    endloop
  endfacet
  facet normal -0.597889 0.0588253 -0.799418
    outer loop
      vertex -12.6845 0.831388 9
      vertex -11.3379 0.928278 8
      vertex -11.356 0.744313 8
    endloop
  endfacet
  facet normal -0.597889 0.0588622 -0.799415
    outer loop
      vertex -11.3379 0.928278 8
      vertex -12.6845 0.831388 9
      vertex -12.603 1.65922 9
    endloop
  endfacet
  facet normal -0.59787 0.0589111 -0.799426
    outer loop
      vertex -11.283 1.48544 8
      vertex -11.3379 0.928278 8
      vertex -12.603 1.65922 9
    endloop
  endfacet
  facet normal -0.688802 0.067812 -0.721771
    outer loop
      vertex -13.933 1.83432 10.2857
      vertex -12.6845 0.831388 9
      vertex -14.0231 0.919126 10.2857
    endloop
  endfacet
  facet normal -0.688802 0.0678125 -0.721771
    outer loop
      vertex -12.603 1.65922 9
      vertex -12.6845 0.831388 9
      vertex -13.933 1.83432 10.2857
    endloop
  endfacet
  facet normal -0.750656 0.0739178 -0.656545
    outer loop
      vertex -15.0431 1.98046 11.5714
      vertex -14.0231 0.919126 10.2857
      vertex -15.1404 0.992352 11.5714
    endloop
  endfacet
  facet normal -0.750663 0.0739021 -0.656539
    outer loop
      vertex -13.933 1.83432 10.2857
      vertex -14.0231 0.919126 10.2857
      vertex -15.0431 1.98046 11.5714
    endloop
  endfacet
  facet normal -0.785068 0.077362 -0.614559
    outer loop
      vertex -16.0366 2.11126 12.8571
      vertex -15.1404 0.992352 11.5714
      vertex -16.1404 1.0579 12.8571
    endloop
  endfacet
  facet normal -0.785095 0.0773091 -0.614532
    outer loop
      vertex -15.0431 1.98046 11.5714
      vertex -15.1404 0.992352 11.5714
      vertex -16.0366 2.11126 12.8571
    endloop
  endfacet
  facet normal -0.838215 0.082535 -0.539059
    outer loop
      vertex -16.853 2.21874 14.1429
      vertex -16.1404 1.0579 12.8571
      vertex -16.962 1.11175 14.1429
    endloop
  endfacet
  facet normal -0.838184 0.0825962 -0.539097
    outer loop
      vertex -16.0366 2.11126 12.8571
      vertex -16.1404 1.0579 12.8571
      vertex -16.853 2.21874 14.1429
    endloop
  endfacet
  facet normal -0.995124 0.0980046 0.0111045
    outer loop
      vertex -15.9784 1.04728 102.857
      vertex -15.8757 2.09008 102.857
      vertex -16.962 1.11175 14.1429
    endloop
  endfacet
  facet normal -0.995126 0.0979853 0.0111047
    outer loop
      vertex -15.8757 2.09008 102.857
      vertex -16.853 2.21874 14.1429
      vertex -16.962 1.11175 14.1429
    endloop
  endfacet
  facet normal -0.994817 0.0979878 -0.0271551
    outer loop
      vertex -15.9179 1.97826 104
      vertex -15.9784 1.04728 102.857
      vertex -16.0094 1.04931 104
    endloop
  endfacet
  facet normal -0.994828 0.0978773 -0.0271541
    outer loop
      vertex -15.8757 2.09008 102.857
      vertex -15.9179 1.97826 104
      vertex -15.9065 2.09413 104
    endloop
  endfacet
  facet normal -0.994819 0.0979746 -0.0271442
    outer loop
      vertex -15.9179 1.97826 104
      vertex -15.8757 2.09008 102.857
      vertex -15.9784 1.04728 102.857
    endloop
  endfacet
  facet normal -0.592747 0.0978217 -0.799426
    outer loop
      vertex -12.603 1.65922 9
      vertex -11.2529 1.66783 8
      vertex -11.283 1.48544 8
    endloop
  endfacet
  facet normal -0.592745 0.0978616 -0.799423
    outer loop
      vertex -11.2529 1.66783 8
      vertex -12.603 1.65922 9
      vertex -12.4675 2.47994 9
    endloop
  endfacet
  facet normal -0.592744 0.0978642 -0.799423
    outer loop
      vertex -11.1617 2.22021 8
      vertex -11.2529 1.66783 8
      vertex -12.4675 2.47994 9
    endloop
  endfacet
  facet normal -0.682887 0.112745 -0.721771
    outer loop
      vertex -13.7832 2.74165 10.2857
      vertex -12.603 1.65922 9
      vertex -13.933 1.83432 10.2857
    endloop
  endfacet
  facet normal -0.682887 0.112744 -0.721771
    outer loop
      vertex -12.4675 2.47994 9
      vertex -12.603 1.65922 9
      vertex -13.7832 2.74165 10.2857
    endloop
  endfacet
  facet normal -0.74421 0.122918 -0.656538
    outer loop
      vertex -14.8813 2.96008 11.5714
      vertex -13.933 1.83432 10.2857
      vertex -15.0431 1.98046 11.5714
    endloop
  endfacet
  facet normal -0.744236 0.122873 -0.656517
    outer loop
      vertex -13.7832 2.74165 10.2857
      vertex -13.933 1.83432 10.2857
      vertex -14.8813 2.96008 11.5714
    endloop
  endfacet
  facet normal -0.778357 0.128493 -0.614532
    outer loop
      vertex -15.8642 3.15559 12.8571
      vertex -15.0431 1.98046 11.5714
      vertex -16.0366 2.11126 12.8571
    endloop
  endfacet
  facet normal -0.778322 0.128552 -0.614565
    outer loop
      vertex -14.8813 2.96008 11.5714
      vertex -15.0431 1.98046 11.5714
      vertex -15.8642 3.15559 12.8571
    endloop
  endfacet
  facet normal -0.830994 0.137202 -0.539096
    outer loop
      vertex -16.6718 3.31622 14.1429
      vertex -16.0366 2.11126 12.8571
      vertex -16.853 2.21874 14.1429
    endloop
  endfacet
  facet normal -0.831004 0.137184 -0.539085
    outer loop
      vertex -15.8642 3.15559 12.8571
      vertex -16.0366 2.11126 12.8571
      vertex -16.6718 3.31622 14.1429
    endloop
  endfacet
  facet normal -0.986581 0.162897 0.0111047
    outer loop
      vertex -15.8757 2.09008 102.857
      vertex -15.705 3.12392 102.857
      vertex -16.853 2.21874 14.1429
    endloop
  endfacet
  facet normal -0.986582 0.16289 0.0111048
    outer loop
      vertex -15.705 3.12392 102.857
      vertex -16.6718 3.31622 14.1429
      vertex -16.853 2.21874 14.1429
    endloop
  endfacet
  facet normal -0.986272 0.162883 -0.0271538
    outer loop
      vertex -15.7544 3.01511 104
      vertex -15.8757 2.09008 102.857
      vertex -15.9065 2.09413 104
    endloop
  endfacet
  facet normal -0.986369 0.162291 -0.0271809
    outer loop
      vertex -15.705 3.12392 102.857
      vertex -15.7544 3.01511 104
      vertex -15.7355 3.12998 104
    endloop
  endfacet
  facet normal -0.986278 0.162847 -0.027124
    outer loop
      vertex -15.7544 3.01511 104
      vertex -15.705 3.12392 102.857
      vertex -15.8757 2.09008 102.857
    endloop
  endfacet
  facet normal -0.585124 0.136189 -0.799427
    outer loop
      vertex -12.4675 2.47994 9
      vertex -11.1198 2.40023 8
      vertex -11.1617 2.22021 8
    endloop
  endfacet
  facet normal -0.585094 0.136431 -0.799407
    outer loop
      vertex -11.1198 2.40023 8
      vertex -12.4675 2.47994 9
      vertex -12.2786 3.29005 9
    endloop
  endfacet
  facet normal -0.58506 0.136492 -0.799421
    outer loop
      vertex -10.9926 2.94546 8
      vertex -11.1198 2.40023 8
      vertex -12.2786 3.29005 9
    endloop
  endfacet
  facet normal -0.674055 0.157149 -0.721771
    outer loop
      vertex -13.5744 3.63725 10.2857
      vertex -12.4675 2.47994 9
      vertex -13.7832 2.74165 10.2857
    endloop
  endfacet
  facet normal -0.674041 0.157172 -0.72178
    outer loop
      vertex -12.2786 3.29005 9
      vertex -12.4675 2.47994 9
      vertex -13.5744 3.63725 10.2857
    endloop
  endfacet
  facet normal -0.734615 0.171242 -0.656518
    outer loop
      vertex -14.6559 3.92703 11.5714
      vertex -13.7832 2.74165 10.2857
      vertex -14.8813 2.96008 11.5714
    endloop
  endfacet
  facet normal -0.734601 0.171265 -0.656529
    outer loop
      vertex -13.5744 3.63725 10.2857
      vertex -13.7832 2.74165 10.2857
      vertex -14.6559 3.92703 11.5714
    endloop
  endfacet
  facet normal -0.768268 0.179097 -0.614564
    outer loop
      vertex -15.6239 4.1864 12.8571
      vertex -14.8813 2.96008 11.5714
      vertex -15.8642 3.15559 12.8571
    endloop
  endfacet
  facet normal -0.768274 0.179088 -0.614559
    outer loop
      vertex -14.6559 3.92703 11.5714
      vertex -14.8813 2.96008 11.5714
      vertex -15.6239 4.1864 12.8571
    endloop
  endfacet
  facet normal -0.820248 0.191264 -0.539084
    outer loop
      vertex -16.4192 4.39951 14.1429
      vertex -15.8642 3.15559 12.8571
      vertex -16.6718 3.31622 14.1429
    endloop
  endfacet
  facet normal -0.820277 0.191221 -0.539055
    outer loop
      vertex -15.6239 4.1864 12.8571
      vertex -15.8642 3.15559 12.8571
      vertex -16.4192 4.39951 14.1429
    endloop
  endfacet
  facet normal -0.973825 0.227026 0.0111048
    outer loop
      vertex -15.705 3.12392 102.857
      vertex -15.4671 4.14439 102.857
      vertex -16.6718 3.31622 14.1429
    endloop
  endfacet
  facet normal -0.973815 0.227073 0.0111042
    outer loop
      vertex -15.4671 4.14439 102.857
      vertex -16.4192 4.39951 14.1429
      vertex -16.6718 3.31622 14.1429
    endloop
  endfacet
  facet normal -0.973508 0.22703 -0.0271809
    outer loop
      vertex -15.5235 4.03904 104
      vertex -15.705 3.12392 102.857
      vertex -15.7355 3.12998 104
    endloop
  endfacet
  facet normal -0.973587 0.226695 -0.0271461
    outer loop
      vertex -15.4671 4.14439 102.857
      vertex -15.5235 4.03904 104
      vertex -15.4971 4.15242 104
    endloop
  endfacet
  facet normal -0.973527 0.226956 -0.0271191
    outer loop
      vertex -15.5235 4.03904 104
      vertex -15.4671 4.14439 102.857
      vertex -15.705 3.12392 102.857
    endloop
  endfacet
  facet normal -0.574955 0.174209 -0.799423
    outer loop
      vertex -12.2786 3.29005 9
      vertex -10.939 3.12236 8
      vertex -10.9926 2.94546 8
    endloop
  endfacet
  facet normal -0.574915 0.174422 -0.799405
    outer loop
      vertex -10.939 3.12236 8
      vertex -12.2786 3.29005 9
      vertex -12.0371 4.08606 9
    endloop
  endfacet
  facet normal -0.57488 0.174476 -0.799419
    outer loop
      vertex -10.7764 3.65811 8
      vertex -10.939 3.12236 8
      vertex -12.0371 4.08606 9
    endloop
  endfacet
  facet normal -0.66231 0.200949 -0.721779
    outer loop
      vertex -13.3074 4.51726 10.2857
      vertex -12.2786 3.29005 9
      vertex -13.5744 3.63725 10.2857
    endloop
  endfacet
  facet normal -0.662317 0.200939 -0.721775
    outer loop
      vertex -12.0371 4.08606 9
      vertex -12.2786 3.29005 9
      vertex -13.3074 4.51726 10.2857
    endloop
  endfacet
  facet normal -0.721804 0.219019 -0.656528
    outer loop
      vertex -14.3676 4.87716 11.5714
      vertex -13.5744 3.63725 10.2857
      vertex -14.6559 3.92703 11.5714
    endloop
  endfacet
  facet normal -0.721816 0.219003 -0.656521
    outer loop
      vertex -13.3074 4.51726 10.2857
      vertex -13.5744 3.63725 10.2857
      vertex -14.3676 4.87716 11.5714
    endloop
  endfacet
  facet normal -0.754893 0.229026 -0.614559
    outer loop
      vertex -15.3166 5.19929 12.8571
      vertex -14.6559 3.92703 11.5714
      vertex -15.6239 4.1864 12.8571
    endloop
  endfacet
  facet normal -0.754873 0.229053 -0.614575
    outer loop
      vertex -14.3676 4.87716 11.5714
      vertex -14.6559 3.92703 11.5714
      vertex -15.3166 5.19929 12.8571
    endloop
  endfacet
  facet normal -0.806001 0.2445 -0.539056
    outer loop
      vertex -16.0963 5.46396 14.1429
      vertex -15.6239 4.1864 12.8571
      vertex -16.4192 4.39951 14.1429
    endloop
  endfacet
  facet normal -0.805981 0.244526 -0.539075
    outer loop
      vertex -15.3166 5.19929 12.8571
      vertex -15.6239 4.1864 12.8571
      vertex -16.0963 5.46396 14.1429
    endloop
  endfacet
  facet normal -0.956874 0.290291 0.0111042
    outer loop
      vertex -15.4671 4.14439 102.857
      vertex -15.1629 5.14711 102.857
      vertex -16.4192 4.39951 14.1429
    endloop
  endfacet
  facet normal -0.956881 0.290269 0.0111045
    outer loop
      vertex -15.1629 5.14711 102.857
      vertex -16.0963 5.46396 14.1429
      vertex -16.4192 4.39951 14.1429
    endloop
  endfacet
  facet normal -0.956578 0.29021 -0.0271459
    outer loop
      vertex -15.2261 5.04568 104
      vertex -15.4671 4.14439 102.857
      vertex -15.4971 4.15242 104
    endloop
  endfacet
  facet normal -0.956578 0.29021 -0.0271388
    outer loop
      vertex -15.1629 5.14711 102.857
      vertex -15.2261 5.04568 104
      vertex -15.1923 5.15709 104
    endloop
  endfacet
  facet normal -0.95658 0.290202 -0.0271397
    outer loop
      vertex -15.2261 5.04568 104
      vertex -15.1629 5.14711 102.857
      vertex -15.4671 4.14439 102.857
    endloop
  endfacet
  facet normal -0.562286 0.211576 -0.799418
    outer loop
      vertex -12.0371 4.08606 9
      vertex -10.7113 3.83112 8
      vertex -10.7764 3.65811 8
    endloop
  endfacet
  facet normal -0.562276 0.211616 -0.799415
    outer loop
      vertex -10.7113 3.83112 8
      vertex -12.0371 4.08606 9
      vertex -11.7441 4.86458 9
    endloop
  endfacet
  facet normal -0.562275 0.211617 -0.799415
    outer loop
      vertex -10.5141 4.35509 8
      vertex -10.7113 3.83112 8
      vertex -11.7441 4.86458 9
    endloop
  endfacet
  facet normal -0.647776 0.243778 -0.721775
    outer loop
      vertex -12.9835 5.37794 10.2857
      vertex -12.0371 4.08606 9
      vertex -13.3074 4.51726 10.2857
    endloop
  endfacet
  facet normal -0.647766 0.24379 -0.72178
    outer loop
      vertex -11.7441 4.86458 9
      vertex -12.0371 4.08606 9
      vertex -12.9835 5.37794 10.2857
    endloop
  endfacet
  facet normal -0.705972 0.265678 -0.656521
    outer loop
      vertex -14.0179 5.8064 11.5714
      vertex -13.3074 4.51726 10.2857
      vertex -14.3676 4.87716 11.5714
    endloop
  endfacet
  facet normal -0.705971 0.265678 -0.656521
    outer loop
      vertex -12.9835 5.37794 10.2857
      vertex -13.3074 4.51726 10.2857
      vertex -14.0179 5.8064 11.5714
    endloop
  endfacet
  facet normal -0.738309 0.277848 -0.614574
    outer loop
      vertex -14.9438 6.18991 12.8571
      vertex -14.3676 4.87716 11.5714
      vertex -15.3166 5.19929 12.8571
    endloop
  endfacet
  facet normal -0.738309 0.277847 -0.614574
    outer loop
      vertex -14.0179 5.8064 11.5714
      vertex -14.3676 4.87716 11.5714
      vertex -14.9438 6.18991 12.8571
    endloop
  endfacet
  facet normal -0.788279 0.296672 -0.539074
    outer loop
      vertex -15.7045 6.505 14.1429
      vertex -15.3166 5.19929 12.8571
      vertex -16.0963 5.46396 14.1429
    endloop
  endfacet
  facet normal -0.788292 0.296658 -0.539063
    outer loop
      vertex -14.9438 6.18991 12.8571
      vertex -15.3166 5.19929 12.8571
      vertex -15.7045 6.505 14.1429
    endloop
  endfacet
  facet normal -0.935849 0.352227 0.0111045
    outer loop
      vertex -15.1629 5.14711 102.857
      vertex -14.7938 6.12779 102.857
      vertex -16.0963 5.46396 14.1429
    endloop
  endfacet
  facet normal -0.935854 0.352213 0.0111047
    outer loop
      vertex -14.7938 6.12779 102.857
      vertex -15.7045 6.505 14.1429
      vertex -16.0963 5.46396 14.1429
    endloop
  endfacet
  facet normal -0.935564 0.352113 -0.0271388
    outer loop
      vertex -14.8635 6.03071 104
      vertex -15.1629 5.14711 102.857
      vertex -15.1923 5.15709 104
    endloop
  endfacet
  facet normal -0.935588 0.352048 -0.0271511
    outer loop
      vertex -14.7938 6.12779 102.857
      vertex -14.8635 6.03071 104
      vertex -14.8225 6.13967 104
    endloop
  endfacet
  facet normal -0.935562 0.352119 -0.0271434
    outer loop
      vertex -14.8635 6.03071 104
      vertex -14.7938 6.12779 102.857
      vertex -15.1629 5.14711 102.857
    endloop
  endfacet
  facet normal -0.547218 0.247967 -0.799415
    outer loop
      vertex -11.7441 4.86458 9
      vertex -10.4378 4.52347 8
      vertex -10.5141 4.35509 8
    endloop
  endfacet
  facet normal -0.547227 0.247942 -0.799417
    outer loop
      vertex -10.4378 4.52347 8
      vertex -11.7441 4.86458 9
      vertex -11.4008 5.62227 9
    endloop
  endfacet
  facet normal -0.547261 0.247901 -0.799406
    outer loop
      vertex -10.2068 5.03342 8
      vertex -10.4378 4.52347 8
      vertex -11.4008 5.62227 9
    endloop
  endfacet
  facet normal -0.630439 0.285622 -0.72178
    outer loop
      vertex -12.604 6.21559 10.2857
      vertex -11.7441 4.86458 9
      vertex -12.9835 5.37794 10.2857
    endloop
  endfacet
  facet normal -0.630424 0.285638 -0.721787
    outer loop
      vertex -11.4008 5.62227 9
      vertex -11.7441 4.86458 9
      vertex -12.604 6.21559 10.2857
    endloop
  endfacet
  facet normal -0.687064 0.311325 -0.656521
    outer loop
      vertex -13.6081 6.71079 11.5714
      vertex -12.9835 5.37794 10.2857
      vertex -14.0179 5.8064 11.5714
    endloop
  endfacet
  facet normal -0.687097 0.311291 -0.656503
    outer loop
      vertex -12.604 6.21559 10.2857
      vertex -12.9835 5.37794 10.2857
      vertex -13.6081 6.71079 11.5714
    endloop
  endfacet
  facet normal -0.718526 0.325607 -0.614573
    outer loop
      vertex -14.5069 7.15403 12.8571
      vertex -14.0179 5.8064 11.5714
      vertex -14.9438 6.18991 12.8571
    endloop
  endfacet
  facet normal -0.718544 0.325589 -0.614562
    outer loop
      vertex -13.6081 6.71079 11.5714
      vertex -14.0179 5.8064 11.5714
      vertex -14.5069 7.15403 12.8571
    endloop
  endfacet
  facet normal -0.767182 0.347624 -0.539064
    outer loop
      vertex -15.2454 7.5182 14.1429
      vertex -14.9438 6.18991 12.8571
      vertex -15.7045 6.505 14.1429
    endloop
  endfacet
  facet normal -0.76716 0.347646 -0.539081
    outer loop
      vertex -14.5069 7.15403 12.8571
      vertex -14.9438 6.18991 12.8571
      vertex -15.2454 7.5182 14.1429
    endloop
  endfacet
  facet normal -0.91079 0.41272 0.0111046
    outer loop
      vertex -14.7938 6.12779 102.857
      vertex -14.3613 7.08223 102.857
      vertex -15.7045 6.505 14.1429
    endloop
  endfacet
  facet normal -0.910799 0.4127 0.0111049
    outer loop
      vertex -14.3613 7.08223 102.857
      vertex -15.2454 7.5182 14.1429
      vertex -15.7045 6.505 14.1429
    endloop
  endfacet
  facet normal -0.910503 0.412609 -0.0271507
    outer loop
      vertex -14.4372 6.98991 104
      vertex -14.7938 6.12779 102.857
      vertex -14.8225 6.13967 104
    endloop
  endfacet
  facet normal -0.910691 0.412194 -0.0271808
    outer loop
      vertex -14.3613 7.08223 102.857
      vertex -14.4372 6.98991 104
      vertex -14.3892 7.09596 104
    endloop
  endfacet
  facet normal -0.910511 0.412594 -0.0271366
    outer loop
      vertex -14.4372 6.98991 104
      vertex -14.3613 7.08223 102.857
      vertex -14.7938 6.12779 102.857
    endloop
  endfacet
  facet normal -0.529773 0.28336 -0.799405
    outer loop
      vertex -11.4008 5.62227 9
      vertex -10.1196 5.19645 8
      vertex -10.2068 5.03342 8
    endloop
  endfacet
  facet normal -0.529841 0.283189 -0.79942
    outer loop
      vertex -10.1196 5.19645 8
      vertex -11.4008 5.62227 9
      vertex -11.0087 6.35588 9
    endloop
  endfacet
  facet normal -0.529848 0.283183 -0.799418
    outer loop
      vertex -9.85571 5.6902 8
      vertex -10.1196 5.19645 8
      vertex -11.0087 6.35588 9
    endloop
  endfacet
  facet normal -0.610393 0.326259 -0.721786
    outer loop
      vertex -12.1705 7.02662 10.2857
      vertex -11.4008 5.62227 9
      vertex -12.604 6.21559 10.2857
    endloop
  endfacet
  facet normal -0.610404 0.326249 -0.721782
    outer loop
      vertex -11.0087 6.35588 9
      vertex -11.4008 5.62227 9
      vertex -12.1705 7.02662 10.2857
    endloop
  endfacet
  facet normal -0.665265 0.355562 -0.656504
    outer loop
      vertex -13.1401 7.58643 11.5714
      vertex -12.604 6.21559 10.2857
      vertex -13.6081 6.71079 11.5714
    endloop
  endfacet
  facet normal -0.665247 0.355578 -0.656514
    outer loop
      vertex -12.1705 7.02662 10.2857
      vertex -12.604 6.21559 10.2857
      vertex -13.1401 7.58643 11.5714
    endloop
  endfacet
  facet normal -0.695737 0.371838 -0.614562
    outer loop
      vertex -14.008 8.08751 12.8571
      vertex -13.6081 6.71079 11.5714
      vertex -14.5069 7.15403 12.8571
    endloop
  endfacet
  facet normal -0.69573 0.371844 -0.614566
    outer loop
      vertex -13.1401 7.58643 11.5714
      vertex -13.6081 6.71079 11.5714
      vertex -14.008 8.08751 12.8571
    endloop
  endfacet
  facet normal -0.742789 0.397063 -0.539079
    outer loop
      vertex -14.721 8.4992 14.1429
      vertex -14.5069 7.15403 12.8571
      vertex -15.2454 7.5182 14.1429
    endloop
  endfacet
  facet normal -0.742844 0.397014 -0.539038
    outer loop
      vertex -14.008 8.08751 12.8571
      vertex -14.5069 7.15403 12.8571
      vertex -14.721 8.4992 14.1429
    endloop
  endfacet
  facet normal -0.881888 0.471329 0.0111049
    outer loop
      vertex -14.3613 7.08223 102.857
      vertex -13.8674 8.00635 102.857
      vertex -15.2454 7.5182 14.1429
    endloop
  endfacet
  facet normal -0.88185 0.471399 0.0111039
    outer loop
      vertex -13.8674 8.00635 102.857
      vertex -14.721 8.4992 14.1429
      vertex -15.2454 7.5182 14.1429
    endloop
  endfacet
  facet normal -0.881607 0.471201 -0.0271797
    outer loop
      vertex -13.9492 7.91919 104
      vertex -14.3613 7.08223 102.857
      vertex -14.3892 7.09596 104
    endloop
  endfacet
  facet normal -0.881519 0.471368 -0.0271424
    outer loop
      vertex -13.8674 8.00635 102.857
      vertex -13.9492 7.91919 104
      vertex -13.8943 8.02186 104
    endloop
  endfacet
  facet normal -0.881617 0.471184 -0.0271635
    outer loop
      vertex -13.9492 7.91919 104
      vertex -13.8674 8.00635 102.857
      vertex -14.3613 7.08223 102.857
    endloop
  endfacet
  facet normal -0.510188 0.317235 -0.799419
    outer loop
      vertex -11.0087 6.35588 9
      vertex -9.7581 5.84718 8
      vertex -9.85571 5.6902 8
    endloop
  endfacet
  facet normal -0.510172 0.317269 -0.799416
    outer loop
      vertex -9.7581 5.84718 8
      vertex -11.0087 6.35588 9
      vertex -10.5694 7.06228 9
    endloop
  endfacet
  facet normal -0.510181 0.31726 -0.799413
    outer loop
      vertex -9.46245 6.32261 8
      vertex -9.7581 5.84718 8
      vertex -10.5694 7.06228 9
    endloop
  endfacet
  facet normal -0.587724 0.365531 -0.721781
    outer loop
      vertex -11.6848 7.80756 10.2857
      vertex -11.0087 6.35588 9
      vertex -12.1705 7.02662 10.2857
    endloop
  endfacet
  facet normal -0.587747 0.365512 -0.721772
    outer loop
      vertex -10.5694 7.06228 9
      vertex -11.0087 6.35588 9
      vertex -11.6848 7.80756 10.2857
    endloop
  endfacet
  facet normal -0.640568 0.398323 -0.656514
    outer loop
      vertex -12.6158 8.42959 11.5714
      vertex -12.1705 7.02662 10.2857
      vertex -13.1401 7.58643 11.5714
    endloop
  endfacet
  facet normal -0.640516 0.398364 -0.656541
    outer loop
      vertex -11.6848 7.80756 10.2857
      vertex -12.1705 7.02662 10.2857
      vertex -12.6158 8.42959 11.5714
    endloop
  endfacet
  facet normal -0.669886 0.416606 -0.614566
    outer loop
      vertex -13.449 8.98636 12.8571
      vertex -13.1401 7.58643 11.5714
      vertex -14.008 8.08751 12.8571
    endloop
  endfacet
  facet normal -0.669925 0.416578 -0.614544
    outer loop
      vertex -12.6158 8.42959 11.5714
      vertex -13.1401 7.58643 11.5714
      vertex -13.449 8.98636 12.8571
    endloop
  endfacet
  facet normal -0.715297 0.444732 -0.53904
    outer loop
      vertex -14.1337 9.4438 14.1429
      vertex -14.008 8.08751 12.8571
      vertex -14.721 8.4992 14.1429
    endloop
  endfacet
  facet normal -0.715213 0.444795 -0.539099
    outer loop
      vertex -13.449 8.98636 12.8571
      vertex -14.008 8.08751 12.8571
      vertex -14.1337 9.4438 14.1429
    endloop
  endfacet
  facet normal -0.849163 0.528013 0.011104
    outer loop
      vertex -13.8674 8.00635 102.857
      vertex -13.3141 8.89618 102.857
      vertex -14.721 8.4992 14.1429
    endloop
  endfacet
  facet normal -0.849186 0.527977 0.0111045
    outer loop
      vertex -13.3141 8.89618 102.857
      vertex -14.1337 9.4438 14.1429
      vertex -14.721 8.4992 14.1429
    endloop
  endfacet
  facet normal -0.848902 0.527853 -0.0271413
    outer loop
      vertex -13.4014 8.81455 104
      vertex -13.8674 8.00635 102.857
      vertex -13.8943 8.02186 104
    endloop
  endfacet
  facet normal -0.848818 0.527989 -0.0271234
    outer loop
      vertex -13.3141 8.89618 102.857
      vertex -13.4014 8.81455 104
      vertex -13.3399 8.91342 104
    endloop
  endfacet
  facet normal -0.848903 0.527851 -0.0271397
    outer loop
      vertex -13.4014 8.81455 104
      vertex -13.3141 8.89618 102.857
      vertex -13.8674 8.00635 102.857
    endloop
  endfacet
  facet normal -0.488351 0.349931 -0.799413
    outer loop
      vertex -10.5694 7.06228 9
      vertex -9.35478 6.47287 8
      vertex -9.46245 6.32261 8
    endloop
  endfacet
  facet normal -0.488351 0.349931 -0.799413
    outer loop
      vertex -9.35478 6.47287 8
      vertex -10.5694 7.06228 9
      vertex -10.0849 7.73843 9
    endloop
  endfacet
  facet normal -0.488344 0.349936 -0.799415
    outer loop
      vertex -9.02868 6.92795 8
      vertex -9.35478 6.47287 8
      vertex -10.0849 7.73843 9
    endloop
  endfacet
  facet normal -0.562617 0.403122 -0.721772
    outer loop
      vertex -11.1492 8.55507 10.2857
      vertex -10.5694 7.06228 9
      vertex -11.6848 7.80756 10.2857
    endloop
  endfacet
  facet normal -0.5626 0.403135 -0.721778
    outer loop
      vertex -10.0849 7.73843 9
      vertex -10.5694 7.06228 9
      vertex -11.1492 8.55507 10.2857
    endloop
  endfacet
  facet normal -0.613102 0.43939 -0.656538
    outer loop
      vertex -12.0374 9.23666 11.5714
      vertex -11.6848 7.80756 10.2857
      vertex -12.6158 8.42959 11.5714
    endloop
  endfacet
  facet normal -0.61317 0.439344 -0.656506
    outer loop
      vertex -11.1492 8.55507 10.2857
      vertex -11.6848 7.80756 10.2857
      vertex -12.0374 9.23666 11.5714
    endloop
  endfacet
  facet normal -0.641251 0.45949 -0.614545
    outer loop
      vertex -12.8325 9.84673 12.8571
      vertex -12.6158 8.42959 11.5714
      vertex -13.449 8.98636 12.8571
    endloop
  endfacet
  facet normal -0.641198 0.459525 -0.614575
    outer loop
      vertex -12.0374 9.23666 11.5714
      vertex -12.6158 8.42959 11.5714
      vertex -12.8325 9.84673 12.8571
    endloop
  endfacet
  facet normal -0.684594 0.490618 -0.539096
    outer loop
      vertex -13.4857 10.348 14.1429
      vertex -13.449 8.98636 12.8571
      vertex -14.1337 9.4438 14.1429
    endloop
  endfacet
  facet normal -0.684646 0.490584 -0.539062
    outer loop
      vertex -12.8325 9.84673 12.8571
      vertex -13.449 8.98636 12.8571
      vertex -13.4857 10.348 14.1429
    endloop
  endfacet
  facet normal -0.81277 0.582479 0.0111045
    outer loop
      vertex -13.3141 8.89618 102.857
      vertex -12.7037 9.74791 102.857
      vertex -14.1337 9.4438 14.1429
    endloop
  endfacet
  facet normal -0.812771 0.582477 0.0111045
    outer loop
      vertex -12.7037 9.74791 102.857
      vertex -13.4857 10.348 14.1429
      vertex -14.1337 9.4438 14.1429
    endloop
  endfacet
  facet normal -0.812554 0.582255 -0.0271233
    outer loop
      vertex -12.7962 9.67217 104
      vertex -13.3141 8.89618 102.857
      vertex -13.3399 8.91342 104
    endloop
  endfacet
  facet normal -0.812186 0.582769 -0.0271113
    outer loop
      vertex -12.7037 9.74791 102.857
      vertex -12.7962 9.67217 104
      vertex -12.7283 9.7668 104
    endloop
  endfacet
  facet normal -0.81252 0.5823 -0.0271695
    outer loop
      vertex -12.7962 9.67217 104
      vertex -12.7037 9.74791 102.857
      vertex -13.3141 8.89618 102.857
    endloop
  endfacet
  facet normal -0.464403 0.381136 -0.799415
    outer loop
      vertex -10.0849 7.73843 9
      vertex -8.91141 7.07084 8
      vertex -9.02868 6.92795 8
    endloop
  endfacet
  facet normal -0.464415 0.381119 -0.799417
    outer loop
      vertex -8.91141 7.07084 8
      vertex -10.0849 7.73843 9
      vertex -9.55721 8.38145 9
    endloop
  endfacet
  facet normal -0.464406 0.381125 -0.799419
    outer loop
      vertex -8.55624 7.50362 8
      vertex -8.91141 7.07084 8
      vertex -9.55721 8.38145 9
    endloop
  endfacet
  facet normal -0.535018 0.439081 -0.721778
    outer loop
      vertex -10.5658 9.26594 10.2857
      vertex -10.0849 7.73843 9
      vertex -11.1492 8.55507 10.2857
    endloop
  endfacet
  facet normal -0.535033 0.439071 -0.721773
    outer loop
      vertex -9.55721 8.38145 9
      vertex -10.0849 7.73843 9
      vertex -10.5658 9.26594 10.2857
    endloop
  endfacet
  facet normal -0.583135 0.478488 -0.656508
    outer loop
      vertex -11.4076 10.0042 11.5714
      vertex -11.1492 8.55507 10.2857
      vertex -12.0374 9.23666 11.5714
    endloop
  endfacet
  facet normal -0.583077 0.478522 -0.656535
    outer loop
      vertex -10.5658 9.26594 10.2857
      vertex -11.1492 8.55507 10.2857
      vertex -11.4076 10.0042 11.5714
    endloop
  endfacet
  facet normal -0.60978 0.500468 -0.614573
    outer loop
      vertex -12.161 10.6649 12.8571
      vertex -12.0374 9.23666 11.5714
      vertex -12.8325 9.84673 12.8571
    endloop
  endfacet
  facet normal -0.609864 0.50042 -0.614529
    outer loop
      vertex -11.4076 10.0042 11.5714
      vertex -12.0374 9.23666 11.5714
      vertex -12.161 10.6649 12.8571
    endloop
  endfacet
  facet normal -0.651087 0.534318 -0.539064
    outer loop
      vertex -12.7801 11.2078 14.1429
      vertex -12.8325 9.84673 12.8571
      vertex -13.4857 10.348 14.1429
    endloop
  endfacet
  facet normal -0.65105 0.534339 -0.539087
    outer loop
      vertex -12.7801 11.2078 14.1429
      vertex -12.161 10.6649 12.8571
      vertex -12.8325 9.84673 12.8571
    endloop
  endfacet
  facet normal -0.772982 0.63433 0.0111045
    outer loop
      vertex -12.7037 9.74791 102.857
      vertex -12.039 10.5579 102.857
      vertex -13.4857 10.348 14.1429
    endloop
  endfacet
  facet normal -0.772971 0.634344 0.0111043
    outer loop
      vertex -12.039 10.5579 102.857
      vertex -12.7801 11.2078 14.1429
      vertex -13.4857 10.348 14.1429
    endloop
  endfacet
  facet normal -0.77278 0.634095 -0.0271115
    outer loop
      vertex -12.1362 10.4884 104
      vertex -12.7037 9.74791 102.857
      vertex -12.7283 9.7668 104
    endloop
  endfacet
  facet normal -0.772562 0.634359 -0.027126
    outer loop
      vertex -12.039 10.5579 102.857
      vertex -12.1362 10.4884 104
      vertex -12.0623 10.5784 104
    endloop
  endfacet
  facet normal -0.772745 0.634136 -0.0271552
    outer loop
      vertex -12.1362 10.4884 104
      vertex -12.039 10.5579 102.857
      vertex -12.7037 9.74791 102.857
    endloop
  endfacet
  facet normal -0.438477 0.410691 -0.799419
    outer loop
      vertex -9.55721 8.38145 9
      vertex -8.42987 7.63854 8
      vertex -8.55624 7.50362 8
    endloop
  endfacet
  facet normal -0.438479 0.410688 -0.799419
    outer loop
      vertex -8.42987 7.63854 8
      vertex -9.55721 8.38145 9
      vertex -8.98857 8.98857 9
    endloop
  endfacet
  facet normal -0.438487 0.410683 -0.799417
    outer loop
      vertex -8.04716 8.04716 8
      vertex -8.42987 7.63854 8
      vertex -8.98857 8.98857 9
    endloop
  endfacet
  facet normal -0.505156 0.47314 -0.721773
    outer loop
      vertex -9.93714 9.93714 10.2857
      vertex -9.55721 8.38145 9
      vertex -10.5658 9.26594 10.2857
    endloop
  endfacet
  facet normal -0.505157 0.47314 -0.721772
    outer loop
      vertex -8.98857 8.98857 9
      vertex -9.55721 8.38145 9
      vertex -9.93714 9.93714 10.2857
    endloop
  endfacet
  facet normal -0.550481 0.515687 -0.656534
    outer loop
      vertex -10.7288 10.7288 11.5714
      vertex -10.5658 9.26594 10.2857
      vertex -11.4076 10.0042 11.5714
    endloop
  endfacet
  facet normal -0.550547 0.515654 -0.656505
    outer loop
      vertex -9.93714 9.93714 10.2857
      vertex -10.5658 9.26594 10.2857
      vertex -10.7288 10.7288 11.5714
    endloop
  endfacet
  facet normal -0.575829 0.539234 -0.61453
    outer loop
      vertex -11.4375 11.4375 12.8571
      vertex -11.4076 10.0042 11.5714
      vertex -12.161 10.6649 12.8571
    endloop
  endfacet
  facet normal -0.575689 0.539302 -0.614602
    outer loop
      vertex -10.7288 10.7288 11.5714
      vertex -11.4076 10.0042 11.5714
      vertex -11.4375 11.4375 12.8571
    endloop
  endfacet
  facet normal -0.614739 0.575745 -0.539086
    outer loop
      vertex -12.0197 12.0197 14.1429
      vertex -12.161 10.6649 12.8571
      vertex -12.7801 11.2078 14.1429
    endloop
  endfacet
  facet normal -0.614791 0.57572 -0.539054
    outer loop
      vertex -12.0197 12.0197 14.1429
      vertex -11.4375 11.4375 12.8571
      vertex -12.161 10.6649 12.8571
    endloop
  endfacet
  facet normal -0.729825 0.683543 0.0111043
    outer loop
      vertex -12.039 10.5579 102.857
      vertex -11.3227 11.3227 102.857
      vertex -12.7801 11.2078 14.1429
    endloop
  endfacet
  facet normal -0.729831 0.683537 0.0111044
    outer loop
      vertex -11.3227 11.3227 102.857
      vertex -12.0197 12.0197 14.1429
      vertex -12.7801 11.2078 14.1429
    endloop
  endfacet
  facet normal -0.729599 0.683337 -0.0271287
    outer loop
      vertex -11.4242 11.2597 104
      vertex -12.039 10.5579 102.857
      vertex -12.0623 10.5784 104
    endloop
  endfacet
  facet normal -0.729243 0.683719 -0.0270725
    outer loop
      vertex -11.3227 11.3227 102.857
      vertex -11.4242 11.2597 104
      vertex -11.3446 11.3446 104
    endloop
  endfacet
  facet normal -0.729602 0.683334 -0.0271256
    outer loop
      vertex -11.4242 11.2597 104
      vertex -11.3227 11.3227 102.857
      vertex -12.039 10.5579 102.857
    endloop
  endfacet
  facet normal -0.410675 0.438495 -0.799417
    outer loop
      vertex -8.98857 8.98857 9
      vertex -7.91224 8.17352 8
      vertex -8.04716 8.04716 8
    endloop
  endfacet
  facet normal -0.410688 0.43848 -0.799419
    outer loop
      vertex -7.91224 8.17352 8
      vertex -8.98857 8.98857 9
      vertex -8.38145 9.55721 9
    endloop
  endfacet
  facet normal -0.410687 0.43848 -0.799419
    outer loop
      vertex -7.50362 8.55624 8
      vertex -7.91224 8.17352 8
      vertex -8.38145 9.55721 9
    endloop
  endfacet
  facet normal -0.47314 0.505156 -0.721772
    outer loop
      vertex -9.26594 10.5658 10.2857
      vertex -8.98857 8.98857 9
      vertex -9.93714 9.93714 10.2857
    endloop
  endfacet
  facet normal -0.473139 0.505157 -0.721773
    outer loop
      vertex -8.38145 9.55721 9
      vertex -8.98857 8.98857 9
      vertex -9.26594 10.5658 10.2857
    endloop
  endfacet
  facet normal -0.515704 0.550499 -0.656506
    outer loop
      vertex -10.0042 11.4076 11.5714
      vertex -9.93714 9.93714 10.2857
      vertex -10.7288 10.7288 11.5714
    endloop
  endfacet
  facet normal -0.515636 0.550528 -0.656535
    outer loop
      vertex -9.26594 10.5658 10.2857
      vertex -9.93714 9.93714 10.2857
      vertex -10.0042 11.4076 11.5714
    endloop
  endfacet
  facet normal -0.539197 0.575789 -0.6146
    outer loop
      vertex -10.6649 12.161 12.8571
      vertex -10.7288 10.7288 11.5714
      vertex -11.4375 11.4375 12.8571
    endloop
  endfacet
  facet normal -0.539341 0.575731 -0.614528
    outer loop
      vertex -10.6649 12.161 12.8571
      vertex -10.0042 11.4076 11.5714
      vertex -10.7288 10.7288 11.5714
    endloop
  endfacet
  facet normal -0.575759 0.614754 -0.539055
    outer loop
      vertex -11.2078 12.7801 14.1429
      vertex -11.4375 11.4375 12.8571
      vertex -12.0197 12.0197 14.1429
    endloop
  endfacet
  facet normal -0.575705 0.614775 -0.539087
    outer loop
      vertex -11.2078 12.7801 14.1429
      vertex -10.6649 12.161 12.8571
      vertex -11.4375 11.4375 12.8571
    endloop
  endfacet
  facet normal -0.683543 0.729825 0.0111044
    outer loop
      vertex -11.3227 11.3227 102.857
      vertex -10.5579 12.039 102.857
      vertex -12.0197 12.0197 14.1429
    endloop
  endfacet
  facet normal -0.683537 0.729831 0.0111043
    outer loop
      vertex -10.5579 12.039 102.857
      vertex -11.2078 12.7801 14.1429
      vertex -12.0197 12.0197 14.1429
    endloop
  endfacet
  facet normal -0.683338 0.7296 -0.027072
    outer loop
      vertex -10.6633 11.9827 104
      vertex -11.3227 11.3227 102.857
      vertex -11.3446 11.3446 104
    endloop
  endfacet
  facet normal -0.683718 0.729242 -0.0271282
    outer loop
      vertex -10.5579 12.039 102.857
      vertex -10.6633 11.9827 104
      vertex -10.5784 12.0623 104
    endloop
  endfacet
  facet normal -0.683335 0.729603 -0.0270751
    outer loop
      vertex -10.6633 11.9827 104
      vertex -10.5579 12.039 102.857
      vertex -11.3227 11.3227 102.857
    endloop
  endfacet
  facet normal -0.381117 0.464412 -0.799419
    outer loop
      vertex -8.38145 9.55721 9
      vertex -7.36072 8.67351 8
      vertex -7.50362 8.55624 8
    endloop
  endfacet
  facet normal -0.381117 0.464413 -0.799419
    outer loop
      vertex -7.36072 8.67351 8
      vertex -8.38145 9.55721 9
      vertex -7.73843 10.0849 9
    endloop
  endfacet
  facet normal -0.381133 0.464406 -0.799415
    outer loop
      vertex -6.92795 9.02868 8
      vertex -7.36072 8.67351 8
      vertex -7.73843 10.0849 9
    endloop
  endfacet
  facet normal -0.439084 0.535022 -0.721773
    outer loop
      vertex -8.55507 11.1492 10.2857
      vertex -8.38145 9.55721 9
      vertex -9.26594 10.5658 10.2857
    endloop
  endfacet
  facet normal -0.439067 0.535028 -0.721779
    outer loop
      vertex -7.73843 10.0849 9
      vertex -8.38145 9.55721 9
      vertex -8.55507 11.1492 10.2857
    endloop
  endfacet
  facet normal -0.478473 0.583118 -0.656534
    outer loop
      vertex -9.23666 12.0374 11.5714
      vertex -9.26594 10.5658 10.2857
      vertex -10.0042 11.4076 11.5714
    endloop
  endfacet
  facet normal -0.478537 0.583095 -0.656507
    outer loop
      vertex -9.23666 12.0374 11.5714
      vertex -8.55507 11.1492 10.2857
      vertex -9.26594 10.5658 10.2857
    endloop
  endfacet
  facet normal -0.500489 0.609806 -0.61453
    outer loop
      vertex -9.84673 12.8325 12.8571
      vertex -10.0042 11.4076 11.5714
      vertex -10.6649 12.161 12.8571
    endloop
  endfacet
  facet normal -0.500397 0.609837 -0.614575
    outer loop
      vertex -9.84673 12.8325 12.8571
      vertex -9.23666 12.0374 11.5714
      vertex -10.0042 11.4076 11.5714
    endloop
  endfacet
  facet normal -0.534309 0.651076 -0.539086
    outer loop
      vertex -10.348 13.4857 14.1429
      vertex -10.6649 12.161 12.8571
      vertex -11.2078 12.7801 14.1429
    endloop
  endfacet
  facet normal -0.534349 0.651062 -0.539063
    outer loop
      vertex -10.348 13.4857 14.1429
      vertex -9.84673 12.8325 12.8571
      vertex -10.6649 12.161 12.8571
    endloop
  endfacet
  facet normal -0.63433 0.772982 0.0111043
    outer loop
      vertex -10.5579 12.039 102.857
      vertex -9.74791 12.7037 102.857
      vertex -11.2078 12.7801 14.1429
    endloop
  endfacet
  facet normal -0.634344 0.772971 0.0111045
    outer loop
      vertex -9.74791 12.7037 102.857
      vertex -10.348 13.4857 14.1429
      vertex -11.2078 12.7801 14.1429
    endloop
  endfacet
  facet normal -0.634159 0.772727 -0.0271258
    outer loop
      vertex -9.8568 12.6545 104
      vertex -10.5579 12.039 102.857
      vertex -10.5784 12.0623 104
    endloop
  endfacet
  facet normal -0.633847 0.772984 -0.0271118
    outer loop
      vertex -9.74791 12.7037 102.857
      vertex -9.8568 12.6545 104
      vertex -9.7668 12.7283 104
    endloop
  endfacet
  facet normal -0.634136 0.772745 -0.0271496
    outer loop
      vertex -9.8568 12.6545 104
      vertex -9.74791 12.7037 102.857
      vertex -10.5579 12.039 102.857
    endloop
  endfacet
  facet normal -0.34993 0.488349 -0.799415
    outer loop
      vertex -7.73843 10.0849 9
      vertex -6.77769 9.13635 8
      vertex -6.92795 9.02868 8
    endloop
  endfacet
  facet normal -0.34993 0.488349 -0.799415
    outer loop
      vertex -6.77769 9.13635 8
      vertex -7.73843 10.0849 9
      vertex -7.06228 10.5694 9
    endloop
  endfacet
  facet normal -0.349938 0.488346 -0.799413
    outer loop
      vertex -6.32261 9.46245 8
      vertex -6.77769 9.13635 8
      vertex -7.06228 10.5694 9
    endloop
  endfacet
  facet normal -0.403118 0.562612 -0.721778
    outer loop
      vertex -7.80756 11.6848 10.2857
      vertex -7.73843 10.0849 9
      vertex -8.55507 11.1492 10.2857
    endloop
  endfacet
  facet normal -0.403139 0.562606 -0.721771
    outer loop
      vertex -7.06228 10.5694 9
      vertex -7.73843 10.0849 9
      vertex -7.80756 11.6848 10.2857
    endloop
  endfacet
  facet normal -0.439405 0.613124 -0.656507
    outer loop
      vertex -8.42959 12.6158 11.5714
      vertex -8.55507 11.1492 10.2857
      vertex -9.23666 12.0374 11.5714
    endloop
  endfacet
  facet normal -0.439326 0.613146 -0.65654
    outer loop
      vertex -8.42959 12.6158 11.5714
      vertex -7.80756 11.6848 10.2857
      vertex -8.55507 11.1492 10.2857
    endloop
  endfacet
  facet normal -0.459477 0.641233 -0.614574
    outer loop
      vertex -8.98636 13.449 12.8571
      vertex -9.23666 12.0374 11.5714
      vertex -9.84673 12.8325 12.8571
    endloop
  endfacet
  facet normal -0.459539 0.641217 -0.614544
    outer loop
      vertex -8.98636 13.449 12.8571
      vertex -8.42959 12.6158 11.5714
      vertex -9.23666 12.0374 11.5714
    endloop
  endfacet
  facet normal -0.490631 0.684612 -0.539063
    outer loop
      vertex -9.4438 14.1337 14.1429
      vertex -9.84673 12.8325 12.8571
      vertex -10.348 13.4857 14.1429
    endloop
  endfacet
  facet normal -0.490571 0.684627 -0.539097
    outer loop
      vertex -9.4438 14.1337 14.1429
      vertex -8.98636 13.449 12.8571
      vertex -9.84673 12.8325 12.8571
    endloop
  endfacet
  facet normal -0.582479 0.81277 0.0111045
    outer loop
      vertex -9.74791 12.7037 102.857
      vertex -8.89618 13.3141 102.857
      vertex -10.348 13.4857 14.1429
    endloop
  endfacet
  facet normal -0.582477 0.812771 0.0111045
    outer loop
      vertex -8.89618 13.3141 102.857
      vertex -9.4438 14.1337 14.1429
      vertex -10.348 13.4857 14.1429
    endloop
  endfacet
  facet normal -0.582325 0.812504 -0.0271109
    outer loop
      vertex -9.00805 13.2721 104
      vertex -9.74791 12.7037 102.857
      vertex -9.7668 12.7283 104
    endloop
  endfacet
  facet normal -0.582202 0.812592 -0.0271234
    outer loop
      vertex -8.89618 13.3141 102.857
      vertex -9.00805 13.2721 104
      vertex -8.91342 13.3399 104
    endloop
  endfacet
  facet normal -0.5823 0.812521 -0.0271357
    outer loop
      vertex -9.00805 13.2721 104
      vertex -8.89618 13.3141 102.857
      vertex -9.74791 12.7037 102.857
    endloop
  endfacet
  facet normal -0.317262 0.51018 -0.799413
    outer loop
      vertex -7.06228 10.5694 9
      vertex -6.16563 9.56007 8
      vertex -6.32261 9.46245 8
    endloop
  endfacet
  facet normal -0.31727 0.510174 -0.799414
    outer loop
      vertex -6.16563 9.56007 8
      vertex -7.06228 10.5694 9
      vertex -6.35588 11.0087 9
    endloop
  endfacet
  facet normal -0.317249 0.51018 -0.799418
    outer loop
      vertex -5.6902 9.85571 8
      vertex -6.16563 9.56007 8
      vertex -6.35588 11.0087 9
    endloop
  endfacet
  facet normal -0.365536 0.587732 -0.721772
    outer loop
      vertex -7.02662 12.1705 10.2857
      vertex -7.06228 10.5694 9
      vertex -7.80756 11.6848 10.2857
    endloop
  endfacet
  facet normal -0.365506 0.587739 -0.721781
    outer loop
      vertex -7.02662 12.1705 10.2857
      vertex -6.35588 11.0087 9
      vertex -7.06228 10.5694 9
    endloop
  endfacet
  facet normal -0.398311 0.64055 -0.65654
    outer loop
      vertex -7.58643 13.1401 11.5714
      vertex -7.80756 11.6848 10.2857
      vertex -8.42959 12.6158 11.5714
    endloop
  endfacet
  facet normal -0.398377 0.640536 -0.656513
    outer loop
      vertex -7.58643 13.1401 11.5714
      vertex -7.02662 12.1705 10.2857
      vertex -7.80756 11.6848 10.2857
    endloop
  endfacet
  facet normal -0.416615 0.669901 -0.614545
    outer loop
      vertex -8.08751 14.008 12.8571
      vertex -8.42959 12.6158 11.5714
      vertex -8.98636 13.449 12.8571
    endloop
  endfacet
  facet normal -0.416568 0.66991 -0.614567
    outer loop
      vertex -8.08751 14.008 12.8571
      vertex -7.58643 13.1401 11.5714
      vertex -8.42959 12.6158 11.5714
    endloop
  endfacet
  facet normal -0.444712 0.715265 -0.539097
    outer loop
      vertex -8.4992 14.721 14.1429
      vertex -8.98636 13.449 12.8571
      vertex -9.4438 14.1337 14.1429
    endloop
  endfacet
  facet normal -0.444815 0.715246 -0.539039
    outer loop
      vertex -8.4992 14.721 14.1429
      vertex -8.08751 14.008 12.8571
      vertex -8.98636 13.449 12.8571
    endloop
  endfacet
  facet normal -0.528013 0.849163 0.0111045
    outer loop
      vertex -8.89618 13.3141 102.857
      vertex -8.00635 13.8674 102.857
      vertex -9.4438 14.1337 14.1429
    endloop
  endfacet
  facet normal -0.527977 0.849186 0.011104
    outer loop
      vertex -8.00635 13.8674 102.857
      vertex -8.4992 14.721 14.1429
      vertex -9.4438 14.1337 14.1429
    endloop
  endfacet
  facet normal -0.527853 0.848902 -0.0271232
    outer loop
      vertex -8.12073 13.8328 104
      vertex -8.89618 13.3141 102.857
      vertex -8.91342 13.3399 104
    endloop
  endfacet
  facet normal -0.527989 0.848817 -0.0271411
    outer loop
      vertex -8.00635 13.8674 102.857
      vertex -8.12073 13.8328 104
      vertex -8.02186 13.8943 104
    endloop
  endfacet
  facet normal -0.527852 0.848903 -0.0271248
    outer loop
      vertex -8.12073 13.8328 104
      vertex -8.00635 13.8674 102.857
      vertex -8.89618 13.3141 102.857
    endloop
  endfacet
  facet normal -0.2832 0.529838 -0.799418
    outer loop
      vertex -6.35588 11.0087 9
      vertex -5.52717 9.94285 8
      vertex -5.6902 9.85571 8
    endloop
  endfacet
  facet normal -0.283191 0.529844 -0.799417
    outer loop
      vertex -5.52717 9.94285 8
      vertex -6.35588 11.0087 9
      vertex -5.62227 11.4008 9
    endloop
  endfacet
  facet normal -0.28324 0.529834 -0.799407
    outer loop
      vertex -5.03342 10.2068 8
      vertex -5.52717 9.94285 8
      vertex -5.62227 11.4008 9
    endloop
  endfacet
  facet normal -0.326261 0.610397 -0.721782
    outer loop
      vertex -6.21559 12.604 10.2857
      vertex -6.35588 11.0087 9
      vertex -7.02662 12.1705 10.2857
    endloop
  endfacet
  facet normal -0.326246 0.610399 -0.721787
    outer loop
      vertex -6.21559 12.604 10.2857
      vertex -5.62227 11.4008 9
      vertex -6.35588 11.0087 9
    endloop
  endfacet
  facet normal -0.355558 0.665258 -0.656513
    outer loop
      vertex -6.71079 13.6081 11.5714
      vertex -7.02662 12.1705 10.2857
      vertex -7.58643 13.1401 11.5714
    endloop
  endfacet
  facet normal -0.355582 0.665255 -0.656504
    outer loop
      vertex -6.71079 13.6081 11.5714
      vertex -6.21559 12.604 10.2857
      vertex -7.02662 12.1705 10.2857
    endloop
  endfacet
  facet normal -0.371836 0.695734 -0.614566
    outer loop
      vertex -7.15403 14.5069 12.8571
      vertex -7.58643 13.1401 11.5714
      vertex -8.08751 14.008 12.8571
    endloop
  endfacet
  facet normal -0.371846 0.695733 -0.614562
    outer loop
      vertex -7.15403 14.5069 12.8571
      vertex -6.71079 13.6081 11.5714
      vertex -7.58643 13.1401 11.5714
    endloop
  endfacet
  facet normal -0.397075 0.742811 -0.539039
    outer loop
      vertex -7.5182 15.2454 14.1429
      vertex -8.08751 14.008 12.8571
      vertex -8.4992 14.721 14.1429
    endloop
  endfacet
  facet normal -0.397002 0.742821 -0.53908
    outer loop
      vertex -7.5182 15.2454 14.1429
      vertex -7.15403 14.5069 12.8571
      vertex -8.08751 14.008 12.8571
    endloop
  endfacet
  facet normal -0.471329 0.881888 0.0111039
    outer loop
      vertex -8.00635 13.8674 102.857
      vertex -7.08223 14.3613 102.857
      vertex -8.4992 14.721 14.1429
    endloop
  endfacet
  facet normal -0.471399 0.88185 0.0111049
    outer loop
      vertex -7.08223 14.3613 102.857
      vertex -7.5182 15.2454 14.1429
      vertex -8.4992 14.721 14.1429
    endloop
  endfacet
  facet normal -0.471202 0.881608 -0.0271422
    outer loop
      vertex -7.19863 14.3343 104
      vertex -8.00635 13.8674 102.857
      vertex -8.02186 13.8943 104
    endloop
  endfacet
  facet normal -0.471368 0.881518 -0.0271796
    outer loop
      vertex -7.08223 14.3613 102.857
      vertex -7.19863 14.3343 104
      vertex -7.09596 14.3892 104
    endloop
  endfacet
  facet normal -0.471184 0.881617 -0.0271585
    outer loop
      vertex -7.19863 14.3343 104
      vertex -7.08223 14.3613 102.857
      vertex -8.00635 13.8674 102.857
    endloop
  endfacet
  facet normal -0.247972 0.547227 -0.799407
    outer loop
      vertex -5.62227 11.4008 9
      vertex -4.86504 10.2831 8
      vertex -5.03342 10.2068 8
    endloop
  endfacet
  facet normal -0.247948 0.547241 -0.799405
    outer loop
      vertex -4.86504 10.2831 8
      vertex -5.62227 11.4008 9
      vertex -4.86458 11.7441 9
    endloop
  endfacet
  facet normal -0.247896 0.547249 -0.799416
    outer loop
      vertex -4.86458 11.7441 9
      vertex -4.35509 10.5141 8
      vertex -4.86504 10.2831 8
    endloop
  endfacet
  facet normal -0.28562 0.630433 -0.721786
    outer loop
      vertex -5.37794 12.9835 10.2857
      vertex -5.62227 11.4008 9
      vertex -6.21559 12.604 10.2857
    endloop
  endfacet
  facet normal -0.28564 0.630431 -0.72178
    outer loop
      vertex -5.37794 12.9835 10.2857
      vertex -4.86458 11.7441 9
      vertex -5.62227 11.4008 9
    endloop
  endfacet
  facet normal -0.311331 0.687078 -0.656503
    outer loop
      vertex -5.8064 14.0179 11.5714
      vertex -6.21559 12.604 10.2857
      vertex -6.71079 13.6081 11.5714
    endloop
  endfacet
  facet normal -0.311284 0.687082 -0.656522
    outer loop
      vertex -5.8064 14.0179 11.5714
      vertex -5.37794 12.9835 10.2857
      vertex -6.21559 12.604 10.2857
    endloop
  endfacet
  facet normal -0.325611 0.718534 -0.614562
    outer loop
      vertex -6.18991 14.9438 12.8571
      vertex -6.71079 13.6081 11.5714
      vertex -7.15403 14.5069 12.8571
    endloop
  endfacet
  facet normal -0.325585 0.718536 -0.614574
    outer loop
      vertex -6.18991 14.9438 12.8571
      vertex -5.8064 14.0179 11.5714
      vertex -6.71079 13.6081 11.5714
    endloop
  endfacet
  facet normal -0.34762 0.767172 -0.53908
    outer loop
      vertex -6.505 15.7045 14.1429
      vertex -7.15403 14.5069 12.8571
      vertex -7.5182 15.2454 14.1429
    endloop
  endfacet
  facet normal -0.34765 0.76717 -0.539063
    outer loop
      vertex -6.505 15.7045 14.1429
      vertex -6.18991 14.9438 12.8571
      vertex -7.15403 14.5069 12.8571
    endloop
  endfacet
  facet normal -0.41272 0.91079 0.0111049
    outer loop
      vertex -7.08223 14.3613 102.857
      vertex -6.12779 14.7938 102.857
      vertex -7.5182 15.2454 14.1429
    endloop
  endfacet
  facet normal -0.4127 0.910799 0.0111047
    outer loop
      vertex -6.12779 14.7938 102.857
      vertex -6.505 15.7045 14.1429
      vertex -7.5182 15.2454 14.1429
    endloop
  endfacet
  facet normal -0.412516 0.910545 -0.0271811
    outer loop
      vertex -6.24571 14.7744 104
      vertex -7.08223 14.3613 102.857
      vertex -7.09596 14.3892 104
    endloop
  endfacet
  facet normal -0.412939 0.910354 -0.0271504
    outer loop
      vertex -6.12779 14.7938 102.857
      vertex -6.24571 14.7744 104
      vertex -6.13967 14.8225 104
    endloop
  endfacet
  facet normal -0.412594 0.910511 -0.0271121
    outer loop
      vertex -6.24571 14.7744 104
      vertex -6.12779 14.7938 102.857
      vertex -7.08223 14.3613 102.857
    endloop
  endfacet
  facet normal -0.211578 0.562291 -0.799415
    outer loop
      vertex -4.86458 11.7441 9
      vertex -4.18208 10.5792 8
      vertex -4.35509 10.5141 8
    endloop
  endfacet
  facet normal -0.211614 0.562273 -0.799418
    outer loop
      vertex -4.18208 10.5792 8
      vertex -4.86458 11.7441 9
      vertex -4.08606 12.0371 9
    endloop
  endfacet
  facet normal -0.211615 0.562272 -0.799418
    outer loop
      vertex -4.08606 12.0371 9
      vertex -3.65811 10.7764 8
      vertex -4.18208 10.5792 8
    endloop
  endfacet
  facet normal -0.243776 0.647771 -0.72178
    outer loop
      vertex -4.51726 13.3074 10.2857
      vertex -4.86458 11.7441 9
      vertex -5.37794 12.9835 10.2857
    endloop
  endfacet
  facet normal -0.243792 0.647771 -0.721775
    outer loop
      vertex -4.51726 13.3074 10.2857
      vertex -4.08606 12.0371 9
      vertex -4.86458 11.7441 9
    endloop
  endfacet
  facet normal -0.265678 0.705971 -0.656521
    outer loop
      vertex -4.87716 14.3676 11.5714
      vertex -5.37794 12.9835 10.2857
      vertex -5.8064 14.0179 11.5714
    endloop
  endfacet
  facet normal -0.265678 0.705971 -0.656521
    outer loop
      vertex -4.87716 14.3676 11.5714
      vertex -4.51726 13.3074 10.2857
      vertex -5.37794 12.9835 10.2857
    endloop
  endfacet
  facet normal -0.277848 0.738309 -0.614574
    outer loop
      vertex -5.19929 15.3166 12.8571
      vertex -5.8064 14.0179 11.5714
      vertex -6.18991 14.9438 12.8571
    endloop
  endfacet
  facet normal -0.277847 0.738309 -0.614574
    outer loop
      vertex -5.19929 15.3166 12.8571
      vertex -4.87716 14.3676 11.5714
      vertex -5.8064 14.0179 11.5714
    endloop
  endfacet
  facet normal -0.296675 0.788286 -0.539064
    outer loop
      vertex -5.46396 16.0963 14.1429
      vertex -6.18991 14.9438 12.8571
      vertex -6.505 15.7045 14.1429
    endloop
  endfacet
  facet normal -0.296655 0.788286 -0.539075
    outer loop
      vertex -5.46396 16.0963 14.1429
      vertex -5.19929 15.3166 12.8571
      vertex -6.18991 14.9438 12.8571
    endloop
  endfacet
  facet normal -0.352227 0.935849 0.0111047
    outer loop
      vertex -6.12779 14.7938 102.857
      vertex -5.14711 15.1629 102.857
      vertex -6.505 15.7045 14.1429
    endloop
  endfacet
  facet normal -0.352213 0.935854 0.0111045
    outer loop
      vertex -5.14711 15.1629 102.857
      vertex -5.46396 16.0963 14.1429
      vertex -6.505 15.7045 14.1429
    endloop
  endfacet
  facet normal -0.352113 0.935563 -0.0271512
    outer loop
      vertex -5.26605 15.1513 104
      vertex -6.12779 14.7938 102.857
      vertex -6.13967 14.8225 104
    endloop
  endfacet
  facet normal -0.352048 0.935588 -0.0271389
    outer loop
      vertex -5.14711 15.1629 102.857
      vertex -5.26605 15.1513 104
      vertex -5.15709 15.1923 104
    endloop
  endfacet
  facet normal -0.352119 0.935562 -0.0271465
    outer loop
      vertex -5.26605 15.1513 104
      vertex -5.14711 15.1629 102.857
      vertex -6.12779 14.7938 102.857
    endloop
  endfacet
  facet normal -0.174508 0.57487 -0.799419
    outer loop
      vertex -4.08606 12.0371 9
      vertex -3.48121 10.8301 8
      vertex -3.65811 10.7764 8
    endloop
  endfacet
  facet normal -0.17442 0.574908 -0.799412
    outer loop
      vertex -3.48121 10.8301 8
      vertex -4.08606 12.0371 9
      vertex -3.29005 12.2786 9
    endloop
  endfacet
  facet normal -0.174377 0.574908 -0.799421
    outer loop
      vertex -3.29005 12.2786 9
      vertex -2.94546 10.9926 8
      vertex -3.48121 10.8301 8
    endloop
  endfacet
  facet normal -0.20095 0.662314 -0.721775
    outer loop
      vertex -3.63725 13.5744 10.2857
      vertex -4.08606 12.0371 9
      vertex -4.51726 13.3074 10.2857
    endloop
  endfacet
  facet normal -0.200938 0.662313 -0.721779
    outer loop
      vertex -3.63725 13.5744 10.2857
      vertex -3.29005 12.2786 9
      vertex -4.08606 12.0371 9
    endloop
  endfacet
  facet normal -0.219021 0.72181 -0.656521
    outer loop
      vertex -3.92703 14.6559 11.5714
      vertex -4.51726 13.3074 10.2857
      vertex -4.87716 14.3676 11.5714
    endloop
  endfacet
  facet normal -0.219001 0.721809 -0.656529
    outer loop
      vertex -3.92703 14.6559 11.5714
      vertex -3.63725 13.5744 10.2857
      vertex -4.51726 13.3074 10.2857
    endloop
  endfacet
  facet normal -0.229023 0.754882 -0.614574
    outer loop
      vertex -4.1864 15.6239 12.8571
      vertex -4.87716 14.3676 11.5714
      vertex -5.19929 15.3166 12.8571
    endloop
  endfacet
  facet normal -0.229056 0.754884 -0.614559
    outer loop
      vertex -4.1864 15.6239 12.8571
      vertex -3.92703 14.6559 11.5714
      vertex -4.87716 14.3676 11.5714
    endloop
  endfacet
  facet normal -0.244496 0.80599 -0.539074
    outer loop
      vertex -4.39951 16.4192 14.1429
      vertex -5.19929 15.3166 12.8571
      vertex -5.46396 16.0963 14.1429
    endloop
  endfacet
  facet normal -0.24453 0.805993 -0.539056
    outer loop
      vertex -4.39951 16.4192 14.1429
      vertex -4.1864 15.6239 12.8571
      vertex -5.19929 15.3166 12.8571
    endloop
  endfacet
  facet normal -0.290291 0.956874 0.0111045
    outer loop
      vertex -5.14711 15.1629 102.857
      vertex -4.14439 15.4671 102.857
      vertex -5.46396 16.0963 14.1429
    endloop
  endfacet
  facet normal -0.290269 0.956881 0.0111042
    outer loop
      vertex -4.14439 15.4671 102.857
      vertex -4.39951 16.4192 14.1429
      vertex -5.46396 16.0963 14.1429
    endloop
  endfacet
  facet normal -0.29021 0.956578 -0.0271388
    outer loop
      vertex -4.26383 15.4633 104
      vertex -5.14711 15.1629 102.857
      vertex -5.15709 15.1923 104
    endloop
  endfacet
  facet normal -0.29021 0.956578 -0.0271459
    outer loop
      vertex -4.14439 15.4671 102.857
      vertex -4.26383 15.4633 104
      vertex -4.15242 15.4971 104
    endloop
  endfacet
  facet normal -0.290202 0.95658 -0.027145
    outer loop
      vertex -4.26383 15.4633 104
      vertex -4.14439 15.4671 102.857
      vertex -5.14711 15.1629 102.857
    endloop
  endfacet
  facet normal -0.136499 0.585059 -0.799421
    outer loop
      vertex -3.29005 12.2786 9
      vertex -2.76544 11.0346 8
      vertex -2.94546 10.9926 8
    endloop
  endfacet
  facet normal -0.136429 0.585083 -0.799415
    outer loop
      vertex -2.76544 11.0346 8
      vertex -3.29005 12.2786 9
      vertex -2.47994 12.4675 9
    endloop
  endfacet
  facet normal -0.13639 0.585081 -0.799423
    outer loop
      vertex -2.47994 12.4675 9
      vertex -2.22021 11.1617 8
      vertex -2.76544 11.0346 8
    endloop
  endfacet
  facet normal -0.157147 0.674047 -0.721779
    outer loop
      vertex -2.74165 13.7832 10.2857
      vertex -3.29005 12.2786 9
      vertex -3.63725 13.5744 10.2857
    endloop
  endfacet
  facet normal -0.157174 0.67405 -0.721771
    outer loop
      vertex -2.74165 13.7832 10.2857
      vertex -2.47994 12.4675 9
      vertex -3.29005 12.2786 9
    endloop
  endfacet
  facet normal -0.17124 0.734607 -0.656529
    outer loop
      vertex -2.96008 14.8813 11.5714
      vertex -3.63725 13.5744 10.2857
      vertex -3.92703 14.6559 11.5714
    endloop
  endfacet
  facet normal -0.171267 0.73461 -0.656518
    outer loop
      vertex -2.96008 14.8813 11.5714
      vertex -2.74165 13.7832 10.2857
      vertex -3.63725 13.5744 10.2857
    endloop
  endfacet
  facet normal -0.179098 0.768271 -0.614559
    outer loop
      vertex -3.15559 15.8642 12.8571
      vertex -3.92703 14.6559 11.5714
      vertex -4.1864 15.6239 12.8571
    endloop
  endfacet
  facet normal -0.179087 0.76827 -0.614565
    outer loop
      vertex -3.15559 15.8642 12.8571
      vertex -2.96008 14.8813 11.5714
      vertex -3.92703 14.6559 11.5714
    endloop
  endfacet
  facet normal -0.191268 0.820265 -0.539056
    outer loop
      vertex -3.31622 16.6718 14.1429
      vertex -4.1864 15.6239 12.8571
      vertex -4.39951 16.4192 14.1429
    endloop
  endfacet
  facet normal -0.191217 0.820258 -0.539085
    outer loop
      vertex -3.31622 16.6718 14.1429
      vertex -3.15559 15.8642 12.8571
      vertex -4.1864 15.6239 12.8571
    endloop
  endfacet
  facet normal -0.227026 0.973825 0.0111042
    outer loop
      vertex -4.14439 15.4671 102.857
      vertex -3.12392 15.705 102.857
      vertex -4.39951 16.4192 14.1429
    endloop
  endfacet
  facet normal -0.227073 0.973815 0.0111048
    outer loop
      vertex -3.12392 15.705 102.857
      vertex -3.31622 16.6718 14.1429
      vertex -4.39951 16.4192 14.1429
    endloop
  endfacet
  facet normal -0.226929 0.973533 -0.0271463
    outer loop
      vertex -3.24336 15.709 104
      vertex -4.14439 15.4671 102.857
      vertex -4.15242 15.4971 104
    endloop
  endfacet
  facet normal -0.227509 0.973396 -0.0271805
    outer loop
      vertex -3.12392 15.705 102.857
      vertex -3.24336 15.709 104
      vertex -3.12998 15.7355 104
    endloop
  endfacet
  facet normal -0.226956 0.973527 -0.0271232
    outer loop
      vertex -3.24336 15.709 104
      vertex -3.12392 15.705 102.857
      vertex -4.14439 15.4671 102.857
    endloop
  endfacet
  facet normal -0.0978224 0.592752 -0.799422
    outer loop
      vertex -2.47994 12.4675 9
      vertex -2.03782 11.1918 8
      vertex -2.22021 11.1617 8
    endloop
  endfacet
  facet normal -0.0978609 0.592741 -0.799426
    outer loop
      vertex -2.03782 11.1918 8
      vertex -2.47994 12.4675 9
      vertex -1.65922 12.603 9
    endloop
  endfacet
  facet normal -0.0978638 0.592741 -0.799425
    outer loop
      vertex -1.65922 12.603 9
      vertex -1.48544 11.283 8
      vertex -2.03782 11.1918 8
    endloop
  endfacet
  facet normal -0.112745 0.682887 -0.721771
    outer loop
      vertex -1.83432 13.933 10.2857
      vertex -2.47994 12.4675 9
      vertex -2.74165 13.7832 10.2857
    endloop
  endfacet
  facet normal -0.112744 0.682887 -0.721771
    outer loop
      vertex -1.83432 13.933 10.2857
      vertex -1.65922 12.603 9
      vertex -2.47994 12.4675 9
    endloop
  endfacet
  facet normal -0.122921 0.744227 -0.656518
    outer loop
      vertex -1.98046 15.0431 11.5714
      vertex -2.74165 13.7832 10.2857
      vertex -2.96008 14.8813 11.5714
    endloop
  endfacet
  facet normal -0.12287 0.744217 -0.656539
    outer loop
      vertex -1.98046 15.0431 11.5714
      vertex -1.83432 13.933 10.2857
      vertex -2.74165 13.7832 10.2857
    endloop
  endfacet
  facet normal -0.128489 0.778333 -0.614564
    outer loop
      vertex -2.11126 16.0366 12.8571
      vertex -2.96008 14.8813 11.5714
      vertex -3.15559 15.8642 12.8571
    endloop
  endfacet
  facet normal -0.128557 0.778347 -0.614531
    outer loop
      vertex -2.11126 16.0366 12.8571
      vertex -1.98046 15.0431 11.5714
      vertex -2.96008 14.8813 11.5714
    endloop
  endfacet
  facet normal -0.137203 0.831001 -0.539085
    outer loop
      vertex -2.21874 16.853 14.1429
      vertex -3.15559 15.8642 12.8571
      vertex -3.31622 16.6718 14.1429
    endloop
  endfacet
  facet normal -0.137183 0.830997 -0.539097
    outer loop
      vertex -2.21874 16.853 14.1429
      vertex -2.11126 16.0366 12.8571
      vertex -3.15559 15.8642 12.8571
    endloop
  endfacet
  facet normal -0.162897 0.986581 0.0111048
    outer loop
      vertex -3.12392 15.705 102.857
      vertex -2.09008 15.8757 102.857
      vertex -3.31622 16.6718 14.1429
    endloop
  endfacet
  facet normal -0.16289 0.986582 0.0111047
    outer loop
      vertex -2.09008 15.8757 102.857
      vertex -2.21874 16.853 14.1429
      vertex -3.31622 16.6718 14.1429
    endloop
  endfacet
  facet normal -0.162777 0.986288 -0.0271813
    outer loop
      vertex -2.20899 15.8875 104
      vertex -3.12392 15.705 102.857
      vertex -3.12998 15.7355 104
    endloop
  endfacet
  facet normal -0.163141 0.986229 -0.0271536
    outer loop
      vertex -2.09008 15.8757 102.857
      vertex -2.20899 15.8875 104
      vertex -2.09413 15.9065 104
    endloop
  endfacet
  facet normal -0.162847 0.986278 -0.0271236
    outer loop
      vertex -2.20899 15.8875 104
      vertex -2.09008 15.8757 102.857
      vertex -3.12392 15.705 102.857
    endloop
  endfacet
  facet normal -0.059144 0.597842 -0.799429
    outer loop
      vertex -1.65922 12.603 9
      vertex -1.30147 11.3012 8
      vertex -1.48544 11.283 8
    endloop
  endfacet
  facet normal -0.0588633 0.597901 -0.799406
    outer loop
      vertex -1.30147 11.3012 8
      vertex -1.65922 12.603 9
      vertex -0.831388 12.6845 9
    endloop
  endfacet
  facet normal -0.0588064 0.59789 -0.799418
    outer loop
      vertex -0.831388 12.6845 9
      vertex -0.744313 11.356 8
      vertex -1.30147 11.3012 8
    endloop
  endfacet
  facet normal -0.0678119 0.688802 -0.721771
    outer loop
      vertex -0.919126 14.0231 10.2857
      vertex -1.65922 12.603 9
      vertex -1.83432 13.933 10.2857
    endloop
  endfacet
  facet normal -0.0678125 0.688802 -0.721771
    outer loop
      vertex -0.919126 14.0231 10.2857
      vertex -0.831388 12.6845 9
      vertex -1.65922 12.603 9
    endloop
  endfacet
  facet normal -0.0739184 0.750662 -0.656539
    outer loop
      vertex -0.992352 15.1404 11.5714
      vertex -1.83432 13.933 10.2857
      vertex -1.98046 15.0431 11.5714
    endloop
  endfacet
  facet normal -0.0739015 0.750657 -0.656546
    outer loop
      vertex -0.992352 15.1404 11.5714
      vertex -0.919126 14.0231 10.2857
      vertex -1.83432 13.933 10.2857
    endloop
  endfacet
  facet normal -0.0773641 0.785089 -0.614533
    outer loop
      vertex -1.0579 16.1404 12.8571
      vertex -1.98046 15.0431 11.5714
      vertex -2.11126 16.0366 12.8571
    endloop
  endfacet
  facet normal -0.0773069 0.785073 -0.61456
    outer loop
      vertex -1.0579 16.1404 12.8571
      vertex -0.992352 15.1404 11.5714
      vertex -1.98046 15.0431 11.5714
    endloop
  endfacet
  facet normal -0.0825326 0.838191 -0.539096
    outer loop
      vertex -1.11175 16.962 14.1429
      vertex -2.11126 16.0366 12.8571
      vertex -2.21874 16.853 14.1429
    endloop
  endfacet
  facet normal -0.0825986 0.838209 -0.539058
    outer loop
      vertex -1.11175 16.962 14.1429
      vertex -1.0579 16.1404 12.8571
      vertex -2.11126 16.0366 12.8571
    endloop
  endfacet
  facet normal -0.0980046 0.995124 0.0111047
    outer loop
      vertex -2.09008 15.8757 102.857
      vertex -1.04728 15.9784 102.857
      vertex -2.21874 16.853 14.1429
    endloop
  endfacet
  facet normal -0.0979853 0.995126 0.0111045
    outer loop
      vertex -1.04728 15.9784 102.857
      vertex -1.11175 16.962 14.1429
      vertex -2.21874 16.853 14.1429
    endloop
  endfacet
  facet normal -0.0979868 0.994817 -0.0271542
    outer loop
      vertex -1.16517 15.998 104
      vertex -2.09008 15.8757 102.857
      vertex -2.09413 15.9065 104
    endloop
  endfacet
  facet normal -0.0978856 0.994827 -0.0271552
    outer loop
      vertex -1.04728 15.9784 102.857
      vertex -1.16517 15.998 104
      vertex -1.04931 16.0094 104
    endloop
  endfacet
  facet normal -0.0979745 0.994818 -0.0271642
    outer loop
      vertex -1.16517 15.998 104
      vertex -1.04728 15.9784 102.857
      vertex -2.09008 15.8757 102.857
    endloop
  endfacet
  facet normal -0.0198246 0.600446 -0.799419
    outer loop
      vertex -0.831388 12.6845 9
      vertex -0.559557 11.3621 8
      vertex -0.744313 11.356 8
    endloop
  endfacet
  facet normal -0.0197172 0.600462 -0.79941
    outer loop
      vertex -0.559557 11.3621 8
      vertex -0.831388 12.6845 9
      vertex 0 12.7118 9
    endloop
  endfacet
  facet normal -0.0196371 0.600441 -0.799428
    outer loop
      vertex 0 12.7118 9
      vertex 0 11.3804 8
      vertex -0.559557 11.3621 8
    endloop
  endfacet
  facet normal -0.0226542 0.691762 -0.72177
    outer loop
      vertex 0 14.0532 10.2857
      vertex -0.831388 12.6845 9
      vertex -0.919126 14.0231 10.2857
    endloop
  endfacet
  facet normal -0.0227158 0.691781 -0.72175
    outer loop
      vertex 0 14.0532 10.2857
      vertex 0 12.7118 9
      vertex -0.831388 12.6845 9
    endloop
  endfacet
  facet normal -0.02469 0.753882 -0.656546
    outer loop
      vertex 0 15.1729 11.5714
      vertex -0.919126 14.0231 10.2857
      vertex -0.992352 15.1404 11.5714
    endloop
  endfacet
  facet normal -0.0246885 0.753882 -0.656546
    outer loop
      vertex 0 15.1729 11.5714
      vertex 0 14.0532 10.2857
      vertex -0.919126 14.0231 10.2857
    endloop
  endfacet
  facet normal -0.0257872 0.788449 -0.61456
    outer loop
      vertex 0 16.175 12.8571
      vertex -0.992352 15.1404 11.5714
      vertex -1.0579 16.1404 12.8571
    endloop
  endfacet
  facet normal -0.0258225 0.788461 -0.614542
    outer loop
      vertex 0 16.175 12.8571
      vertex 0 15.1729 11.5714
      vertex -0.992352 15.1404 11.5714
    endloop
  endfacet
  facet normal -0.0275621 0.841817 -0.539058
    outer loop
      vertex 0 16.9984 14.1429
      vertex -1.0579 16.1404 12.8571
      vertex -1.11175 16.962 14.1429
    endloop
  endfacet
  facet normal -0.0275324 0.841807 -0.539076
    outer loop
      vertex 0 16.9984 14.1429
      vertex 0 16.175 12.8571
      vertex -1.0579 16.1404 12.8571
    endloop
  endfacet
  facet normal -0.0327319 0.999402 0.0111045
    outer loop
      vertex -1.04728 15.9784 102.857
      vertex 0 16.0127 102.857
      vertex -1.11175 16.962 14.1429
    endloop
  endfacet
  facet normal -0.0327216 0.999403 0.0111043
    outer loop
      vertex 0 16.0127 102.857
      vertex 0 16.9984 14.1429
      vertex -1.11175 16.962 14.1429
    endloop
  endfacet
  facet normal -0.0326625 0.999097 -0.0271551
    outer loop
      vertex -0.11636 16.0399 104
      vertex -1.04728 15.9784 102.857
      vertex -1.04931 16.0094 104
    endloop
  endfacet
  facet normal -0.0326279 0.9991 -0.0270972
    outer loop
      vertex 0 16.0127 102.857
      vertex -0.11636 16.0399 104
      vertex 0 16.0437 104
    endloop
  endfacet
  facet normal -0.0327219 0.999097 -0.0271067
    outer loop
      vertex -0.11636 16.0399 104
      vertex 0 16.0127 102.857
      vertex -1.04728 15.9784 102.857
    endloop
  endfacet
  facet normal 0.0198244 0.600439 -0.799425
    outer loop
      vertex 0 12.7118 9
      vertex 0.184756 11.3743 8
      vertex 0 11.3804 8
    endloop
  endfacet
  facet normal 0.0197161 0.600431 -0.799434
    outer loop
      vertex 0.184756 11.3743 8
      vertex 0 12.7118 9
      vertex 0.831388 12.6845 9
    endloop
  endfacet
  facet normal 0.0196376 0.600456 -0.799416
    outer loop
      vertex 0.831388 12.6845 9
      vertex 0.744313 11.356 8
      vertex 0.184756 11.3743 8
    endloop
  endfacet
  facet normal 0.0226548 0.691782 -0.721751
    outer loop
      vertex 0 14.0532 10.2857
      vertex 0.919126 14.0231 10.2857
      vertex 0 12.7118 9
    endloop
  endfacet
  facet normal 0.022715 0.691759 -0.721771
    outer loop
      vertex 0.919126 14.0231 10.2857
      vertex 0.831388 12.6845 9
      vertex 0 12.7118 9
    endloop
  endfacet
  facet normal 0.02469 0.753882 -0.656546
    outer loop
      vertex 0 15.1729 11.5714
      vertex 0.992352 15.1404 11.5714
      vertex 0 14.0532 10.2857
    endloop
  endfacet
  facet normal 0.0246885 0.753882 -0.656545
    outer loop
      vertex 0.992352 15.1404 11.5714
      vertex 0.919126 14.0231 10.2857
      vertex 0 14.0532 10.2857
    endloop
  endfacet
  facet normal 0.0257877 0.788462 -0.614543
    outer loop
      vertex 0 16.175 12.8571
      vertex 1.0579 16.1404 12.8571
      vertex 0 15.1729 11.5714
    endloop
  endfacet
  facet normal 0.025822 0.788447 -0.61456
    outer loop
      vertex 1.0579 16.1404 12.8571
      vertex 0.992352 15.1404 11.5714
      vertex 0 15.1729 11.5714
    endloop
  endfacet
  facet normal 0.0275617 0.841806 -0.539076
    outer loop
      vertex 0 16.9984 14.1429
      vertex 1.11175 16.962 14.1429
      vertex 0 16.175 12.8571
    endloop
  endfacet
  facet normal 0.0275328 0.841819 -0.539058
    outer loop
      vertex 1.11175 16.962 14.1429
      vertex 1.0579 16.1404 12.8571
      vertex 0 16.175 12.8571
    endloop
  endfacet
  facet normal 0.0327319 0.999402 0.0111043
    outer loop
      vertex 1.04728 15.9784 102.857
      vertex 0 16.9984 14.1429
      vertex 0 16.0127 102.857
    endloop
  endfacet
  facet normal 0.0327216 0.999403 0.0111045
    outer loop
      vertex 1.04728 15.9784 102.857
      vertex 1.11175 16.962 14.1429
      vertex 0 16.9984 14.1429
    endloop
  endfacet
  facet normal 0.0326626 0.999099 -0.0270972
    outer loop
      vertex 0 16.0437 104
      vertex 0.932949 16.0132 104
      vertex 0 16.0127 102.857
    endloop
  endfacet
  facet normal 0.0326276 0.999099 -0.0271551
    outer loop
      vertex 1.04728 15.9784 102.857
      vertex 0.932949 16.0132 104
      vertex 1.04931 16.0094 104
    endloop
  endfacet
  facet normal 0.0327219 0.999096 -0.0271456
    outer loop
      vertex 0.932949 16.0132 104
      vertex 1.04728 15.9784 102.857
      vertex 0 16.0127 102.857
    endloop
  endfacet
  facet normal 0.0588622 0.597889 -0.799415
    outer loop
      vertex 0.928278 11.3379 8
      vertex 0.831388 12.6845 9
      vertex 1.65922 12.603 9
    endloop
  endfacet
  facet normal 0.0588253 0.597889 -0.799418
    outer loop
      vertex 0.831388 12.6845 9
      vertex 0.928278 11.3379 8
      vertex 0.744313 11.356 8
    endloop
  endfacet
  facet normal 0.0589111 0.59787 -0.799426
    outer loop
      vertex 1.65922 12.603 9
      vertex 1.48544 11.283 8
      vertex 0.928278 11.3379 8
    endloop
  endfacet
  facet normal 0.067812 0.688802 -0.721771
    outer loop
      vertex 0.919126 14.0231 10.2857
      vertex 1.83432 13.933 10.2857
      vertex 0.831388 12.6845 9
    endloop
  endfacet
  facet normal 0.0678125 0.688802 -0.721771
    outer loop
      vertex 1.83432 13.933 10.2857
      vertex 1.65922 12.603 9
      vertex 0.831388 12.6845 9
    endloop
  endfacet
  facet normal 0.0739178 0.750656 -0.656545
    outer loop
      vertex 0.992352 15.1404 11.5714
      vertex 1.98046 15.0431 11.5714
      vertex 0.919126 14.0231 10.2857
    endloop
  endfacet
  facet normal 0.0739021 0.750663 -0.656539
    outer loop
      vertex 1.98046 15.0431 11.5714
      vertex 1.83432 13.933 10.2857
      vertex 0.919126 14.0231 10.2857
    endloop
  endfacet
  facet normal 0.077362 0.785068 -0.614559
    outer loop
      vertex 1.0579 16.1404 12.8571
      vertex 2.11126 16.0366 12.8571
      vertex 0.992352 15.1404 11.5714
    endloop
  endfacet
  facet normal 0.0773091 0.785095 -0.614532
    outer loop
      vertex 2.11126 16.0366 12.8571
      vertex 1.98046 15.0431 11.5714
      vertex 0.992352 15.1404 11.5714
    endloop
  endfacet
  facet normal 0.082535 0.838215 -0.539059
    outer loop
      vertex 1.11175 16.962 14.1429
      vertex 2.21874 16.853 14.1429
      vertex 1.0579 16.1404 12.8571
    endloop
  endfacet
  facet normal 0.0825962 0.838184 -0.539097
    outer loop
      vertex 2.21874 16.853 14.1429
      vertex 2.11126 16.0366 12.8571
      vertex 1.0579 16.1404 12.8571
    endloop
  endfacet
  facet normal 0.0980046 0.995124 0.0111045
    outer loop
      vertex 2.09008 15.8757 102.857
      vertex 1.11175 16.962 14.1429
      vertex 1.04728 15.9784 102.857
    endloop
  endfacet
  facet normal 0.0979853 0.995126 0.0111047
    outer loop
      vertex 2.09008 15.8757 102.857
      vertex 2.21874 16.853 14.1429
      vertex 1.11175 16.962 14.1429
    endloop
  endfacet
  facet normal 0.0979878 0.994817 -0.0271551
    outer loop
      vertex 1.04931 16.0094 104
      vertex 1.97826 15.9179 104
      vertex 1.04728 15.9784 102.857
    endloop
  endfacet
  facet normal 0.0978773 0.994828 -0.0271541
    outer loop
      vertex 2.09008 15.8757 102.857
      vertex 1.97826 15.9179 104
      vertex 2.09413 15.9065 104
    endloop
  endfacet
  facet normal 0.0979746 0.994819 -0.0271442
    outer loop
      vertex 1.97826 15.9179 104
      vertex 2.09008 15.8757 102.857
      vertex 1.04728 15.9784 102.857
    endloop
  endfacet
  facet normal 0.0978616 0.592745 -0.799423
    outer loop
      vertex 1.66783 11.2529 8
      vertex 1.65922 12.603 9
      vertex 2.47994 12.4675 9
    endloop
  endfacet
  facet normal 0.0978217 0.592747 -0.799426
    outer loop
      vertex 1.65922 12.603 9
      vertex 1.66783 11.2529 8
      vertex 1.48544 11.283 8
    endloop
  endfacet
  facet normal 0.0978642 0.592744 -0.799423
    outer loop
      vertex 2.47994 12.4675 9
      vertex 2.22021 11.1617 8
      vertex 1.66783 11.2529 8
    endloop
  endfacet
  facet normal 0.112745 0.682887 -0.721771
    outer loop
      vertex 1.83432 13.933 10.2857
      vertex 2.74165 13.7832 10.2857
      vertex 1.65922 12.603 9
    endloop
  endfacet
  facet normal 0.112744 0.682887 -0.721771
    outer loop
      vertex 2.74165 13.7832 10.2857
      vertex 2.47994 12.4675 9
      vertex 1.65922 12.603 9
    endloop
  endfacet
  facet normal 0.122918 0.74421 -0.656538
    outer loop
      vertex 1.98046 15.0431 11.5714
      vertex 2.96008 14.8813 11.5714
      vertex 1.83432 13.933 10.2857
    endloop
  endfacet
  facet normal 0.122873 0.744236 -0.656517
    outer loop
      vertex 2.96008 14.8813 11.5714
      vertex 2.74165 13.7832 10.2857
      vertex 1.83432 13.933 10.2857
    endloop
  endfacet
  facet normal 0.128493 0.778357 -0.614532
    outer loop
      vertex 2.11126 16.0366 12.8571
      vertex 3.15559 15.8642 12.8571
      vertex 1.98046 15.0431 11.5714
    endloop
  endfacet
  facet normal 0.128552 0.778322 -0.614565
    outer loop
      vertex 3.15559 15.8642 12.8571
      vertex 2.96008 14.8813 11.5714
      vertex 1.98046 15.0431 11.5714
    endloop
  endfacet
  facet normal 0.137202 0.830994 -0.539096
    outer loop
      vertex 2.21874 16.853 14.1429
      vertex 3.31622 16.6718 14.1429
      vertex 2.11126 16.0366 12.8571
    endloop
  endfacet
  facet normal 0.137184 0.831004 -0.539085
    outer loop
      vertex 3.31622 16.6718 14.1429
      vertex 3.15559 15.8642 12.8571
      vertex 2.11126 16.0366 12.8571
    endloop
  endfacet
  facet normal 0.162897 0.986581 0.0111047
    outer loop
      vertex 3.12392 15.705 102.857
      vertex 2.21874 16.853 14.1429
      vertex 2.09008 15.8757 102.857
    endloop
  endfacet
  facet normal 0.16289 0.986582 0.0111048
    outer loop
      vertex 3.12392 15.705 102.857
      vertex 3.31622 16.6718 14.1429
      vertex 2.21874 16.853 14.1429
    endloop
  endfacet
  facet normal 0.162883 0.986272 -0.0271538
    outer loop
      vertex 2.09413 15.9065 104
      vertex 3.01511 15.7544 104
      vertex 2.09008 15.8757 102.857
    endloop
  endfacet
  facet normal 0.162291 0.986369 -0.0271809
    outer loop
      vertex 3.12392 15.705 102.857
      vertex 3.01511 15.7544 104
      vertex 3.12998 15.7355 104
    endloop
  endfacet
  facet normal 0.162847 0.986278 -0.027124
    outer loop
      vertex 3.01511 15.7544 104
      vertex 3.12392 15.705 102.857
      vertex 2.09008 15.8757 102.857
    endloop
  endfacet
  facet normal 0.136431 0.585094 -0.799407
    outer loop
      vertex 2.40023 11.1198 8
      vertex 2.47994 12.4675 9
      vertex 3.29005 12.2786 9
    endloop
  endfacet
  facet normal 0.136189 0.585124 -0.799427
    outer loop
      vertex 2.47994 12.4675 9
      vertex 2.40023 11.1198 8
      vertex 2.22021 11.1617 8
    endloop
  endfacet
  facet normal 0.136492 0.58506 -0.799421
    outer loop
      vertex 3.29005 12.2786 9
      vertex 2.94546 10.9926 8
      vertex 2.40023 11.1198 8
    endloop
  endfacet
  facet normal 0.157149 0.674055 -0.721771
    outer loop
      vertex 2.74165 13.7832 10.2857
      vertex 3.63725 13.5744 10.2857
      vertex 2.47994 12.4675 9
    endloop
  endfacet
  facet normal 0.157172 0.674041 -0.72178
    outer loop
      vertex 3.63725 13.5744 10.2857
      vertex 3.29005 12.2786 9
      vertex 2.47994 12.4675 9
    endloop
  endfacet
  facet normal 0.171242 0.734615 -0.656518
    outer loop
      vertex 2.96008 14.8813 11.5714
      vertex 3.92703 14.6559 11.5714
      vertex 2.74165 13.7832 10.2857
    endloop
  endfacet
  facet normal 0.171265 0.734601 -0.656529
    outer loop
      vertex 3.92703 14.6559 11.5714
      vertex 3.63725 13.5744 10.2857
      vertex 2.74165 13.7832 10.2857
    endloop
  endfacet
  facet normal 0.179097 0.768268 -0.614564
    outer loop
      vertex 3.15559 15.8642 12.8571
      vertex 4.1864 15.6239 12.8571
      vertex 2.96008 14.8813 11.5714
    endloop
  endfacet
  facet normal 0.179088 0.768274 -0.614559
    outer loop
      vertex 4.1864 15.6239 12.8571
      vertex 3.92703 14.6559 11.5714
      vertex 2.96008 14.8813 11.5714
    endloop
  endfacet
  facet normal 0.191264 0.820248 -0.539084
    outer loop
      vertex 3.31622 16.6718 14.1429
      vertex 4.39951 16.4192 14.1429
      vertex 3.15559 15.8642 12.8571
    endloop
  endfacet
  facet normal 0.191221 0.820277 -0.539055
    outer loop
      vertex 4.39951 16.4192 14.1429
      vertex 4.1864 15.6239 12.8571
      vertex 3.15559 15.8642 12.8571
    endloop
  endfacet
  facet normal 0.227026 0.973825 0.0111048
    outer loop
      vertex 4.14439 15.4671 102.857
      vertex 3.31622 16.6718 14.1429
      vertex 3.12392 15.705 102.857
    endloop
  endfacet
  facet normal 0.227073 0.973815 0.0111042
    outer loop
      vertex 4.14439 15.4671 102.857
      vertex 4.39951 16.4192 14.1429
      vertex 3.31622 16.6718 14.1429
    endloop
  endfacet
  facet normal 0.22703 0.973508 -0.0271809
    outer loop
      vertex 3.12998 15.7355 104
      vertex 4.03904 15.5235 104
      vertex 3.12392 15.705 102.857
    endloop
  endfacet
  facet normal 0.226695 0.973587 -0.0271461
    outer loop
      vertex 4.14439 15.4671 102.857
      vertex 4.03904 15.5235 104
      vertex 4.15242 15.4971 104
    endloop
  endfacet
  facet normal 0.226956 0.973527 -0.0271191
    outer loop
      vertex 4.03904 15.5235 104
      vertex 4.14439 15.4671 102.857
      vertex 3.12392 15.705 102.857
    endloop
  endfacet
  facet normal 0.174422 0.574915 -0.799405
    outer loop
      vertex 3.12236 10.939 8
      vertex 3.29005 12.2786 9
      vertex 4.08606 12.0371 9
    endloop
  endfacet
  facet normal 0.174209 0.574955 -0.799423
    outer loop
      vertex 3.29005 12.2786 9
      vertex 3.12236 10.939 8
      vertex 2.94546 10.9926 8
    endloop
  endfacet
  facet normal 0.174476 0.57488 -0.799419
    outer loop
      vertex 4.08606 12.0371 9
      vertex 3.65811 10.7764 8
      vertex 3.12236 10.939 8
    endloop
  endfacet
  facet normal 0.200949 0.66231 -0.721779
    outer loop
      vertex 3.63725 13.5744 10.2857
      vertex 4.51726 13.3074 10.2857
      vertex 3.29005 12.2786 9
    endloop
  endfacet
  facet normal 0.200939 0.662317 -0.721775
    outer loop
      vertex 4.51726 13.3074 10.2857
      vertex 4.08606 12.0371 9
      vertex 3.29005 12.2786 9
    endloop
  endfacet
  facet normal 0.219019 0.721804 -0.656528
    outer loop
      vertex 3.92703 14.6559 11.5714
      vertex 4.87716 14.3676 11.5714
      vertex 3.63725 13.5744 10.2857
    endloop
  endfacet
  facet normal 0.219003 0.721816 -0.656521
    outer loop
      vertex 4.87716 14.3676 11.5714
      vertex 4.51726 13.3074 10.2857
      vertex 3.63725 13.5744 10.2857
    endloop
  endfacet
  facet normal 0.229026 0.754893 -0.614559
    outer loop
      vertex 4.1864 15.6239 12.8571
      vertex 5.19929 15.3166 12.8571
      vertex 3.92703 14.6559 11.5714
    endloop
  endfacet
  facet normal 0.229053 0.754873 -0.614575
    outer loop
      vertex 5.19929 15.3166 12.8571
      vertex 4.87716 14.3676 11.5714
      vertex 3.92703 14.6559 11.5714
    endloop
  endfacet
  facet normal 0.2445 0.806001 -0.539056
    outer loop
      vertex 4.39951 16.4192 14.1429
      vertex 5.46396 16.0963 14.1429
      vertex 4.1864 15.6239 12.8571
    endloop
  endfacet
  facet normal 0.244526 0.805981 -0.539075
    outer loop
      vertex 5.46396 16.0963 14.1429
      vertex 5.19929 15.3166 12.8571
      vertex 4.1864 15.6239 12.8571
    endloop
  endfacet
  facet normal 0.290291 0.956874 0.0111042
    outer loop
      vertex 5.14711 15.1629 102.857
      vertex 4.39951 16.4192 14.1429
      vertex 4.14439 15.4671 102.857
    endloop
  endfacet
  facet normal 0.290269 0.956881 0.0111045
    outer loop
      vertex 5.14711 15.1629 102.857
      vertex 5.46396 16.0963 14.1429
      vertex 4.39951 16.4192 14.1429
    endloop
  endfacet
  facet normal 0.29021 0.956578 -0.0271459
    outer loop
      vertex 4.15242 15.4971 104
      vertex 5.04568 15.2261 104
      vertex 4.14439 15.4671 102.857
    endloop
  endfacet
  facet normal 0.29021 0.956578 -0.0271388
    outer loop
      vertex 5.14711 15.1629 102.857
      vertex 5.04568 15.2261 104
      vertex 5.15709 15.1923 104
    endloop
  endfacet
  facet normal 0.290202 0.95658 -0.0271397
    outer loop
      vertex 5.04568 15.2261 104
      vertex 5.14711 15.1629 102.857
      vertex 4.14439 15.4671 102.857
    endloop
  endfacet
  facet normal 0.211616 0.562276 -0.799415
    outer loop
      vertex 3.83112 10.7113 8
      vertex 4.08606 12.0371 9
      vertex 4.86458 11.7441 9
    endloop
  endfacet
  facet normal 0.211576 0.562286 -0.799418
    outer loop
      vertex 4.08606 12.0371 9
      vertex 3.83112 10.7113 8
      vertex 3.65811 10.7764 8
    endloop
  endfacet
  facet normal 0.211617 0.562275 -0.799415
    outer loop
      vertex 4.86458 11.7441 9
      vertex 4.35509 10.5141 8
      vertex 3.83112 10.7113 8
    endloop
  endfacet
  facet normal 0.243778 0.647776 -0.721775
    outer loop
      vertex 4.51726 13.3074 10.2857
      vertex 5.37794 12.9835 10.2857
      vertex 4.08606 12.0371 9
    endloop
  endfacet
  facet normal 0.24379 0.647766 -0.72178
    outer loop
      vertex 5.37794 12.9835 10.2857
      vertex 4.86458 11.7441 9
      vertex 4.08606 12.0371 9
    endloop
  endfacet
  facet normal 0.265678 0.705972 -0.656521
    outer loop
      vertex 4.87716 14.3676 11.5714
      vertex 5.8064 14.0179 11.5714
      vertex 4.51726 13.3074 10.2857
    endloop
  endfacet
  facet normal 0.265678 0.705971 -0.656521
    outer loop
      vertex 5.8064 14.0179 11.5714
      vertex 5.37794 12.9835 10.2857
      vertex 4.51726 13.3074 10.2857
    endloop
  endfacet
  facet normal 0.277848 0.738309 -0.614574
    outer loop
      vertex 5.19929 15.3166 12.8571
      vertex 6.18991 14.9438 12.8571
      vertex 4.87716 14.3676 11.5714
    endloop
  endfacet
  facet normal 0.277847 0.738309 -0.614574
    outer loop
      vertex 6.18991 14.9438 12.8571
      vertex 5.8064 14.0179 11.5714
      vertex 4.87716 14.3676 11.5714
    endloop
  endfacet
  facet normal 0.296672 0.788279 -0.539074
    outer loop
      vertex 5.46396 16.0963 14.1429
      vertex 6.505 15.7045 14.1429
      vertex 5.19929 15.3166 12.8571
    endloop
  endfacet
  facet normal 0.296658 0.788292 -0.539063
    outer loop
      vertex 6.505 15.7045 14.1429
      vertex 6.18991 14.9438 12.8571
      vertex 5.19929 15.3166 12.8571
    endloop
  endfacet
  facet normal 0.352227 0.935849 0.0111045
    outer loop
      vertex 6.12779 14.7938 102.857
      vertex 5.46396 16.0963 14.1429
      vertex 5.14711 15.1629 102.857
    endloop
  endfacet
  facet normal 0.352213 0.935854 0.0111047
    outer loop
      vertex 6.12779 14.7938 102.857
      vertex 6.505 15.7045 14.1429
      vertex 5.46396 16.0963 14.1429
    endloop
  endfacet
  facet normal 0.352113 0.935564 -0.0271388
    outer loop
      vertex 5.15709 15.1923 104
      vertex 6.03071 14.8635 104
      vertex 5.14711 15.1629 102.857
    endloop
  endfacet
  facet normal 0.352048 0.935588 -0.0271511
    outer loop
      vertex 6.12779 14.7938 102.857
      vertex 6.03071 14.8635 104
      vertex 6.13967 14.8225 104
    endloop
  endfacet
  facet normal 0.352119 0.935562 -0.0271434
    outer loop
      vertex 6.03071 14.8635 104
      vertex 6.12779 14.7938 102.857
      vertex 5.14711 15.1629 102.857
    endloop
  endfacet
  facet normal 0.247942 0.547227 -0.799417
    outer loop
      vertex 4.52347 10.4378 8
      vertex 4.86458 11.7441 9
      vertex 5.62227 11.4008 9
    endloop
  endfacet
  facet normal 0.247967 0.547218 -0.799415
    outer loop
      vertex 4.86458 11.7441 9
      vertex 4.52347 10.4378 8
      vertex 4.35509 10.5141 8
    endloop
  endfacet
  facet normal 0.247901 0.547261 -0.799406
    outer loop
      vertex 5.62227 11.4008 9
      vertex 5.03342 10.2068 8
      vertex 4.52347 10.4378 8
    endloop
  endfacet
  facet normal 0.285622 0.630439 -0.72178
    outer loop
      vertex 5.37794 12.9835 10.2857
      vertex 6.21559 12.604 10.2857
      vertex 4.86458 11.7441 9
    endloop
  endfacet
  facet normal 0.285638 0.630424 -0.721787
    outer loop
      vertex 6.21559 12.604 10.2857
      vertex 5.62227 11.4008 9
      vertex 4.86458 11.7441 9
    endloop
  endfacet
  facet normal 0.311325 0.687064 -0.656521
    outer loop
      vertex 5.8064 14.0179 11.5714
      vertex 6.71079 13.6081 11.5714
      vertex 5.37794 12.9835 10.2857
    endloop
  endfacet
  facet normal 0.311291 0.687097 -0.656503
    outer loop
      vertex 6.71079 13.6081 11.5714
      vertex 6.21559 12.604 10.2857
      vertex 5.37794 12.9835 10.2857
    endloop
  endfacet
  facet normal 0.325607 0.718526 -0.614573
    outer loop
      vertex 6.18991 14.9438 12.8571
      vertex 7.15403 14.5069 12.8571
      vertex 5.8064 14.0179 11.5714
    endloop
  endfacet
  facet normal 0.325589 0.718544 -0.614562
    outer loop
      vertex 7.15403 14.5069 12.8571
      vertex 6.71079 13.6081 11.5714
      vertex 5.8064 14.0179 11.5714
    endloop
  endfacet
  facet normal 0.347624 0.767182 -0.539064
    outer loop
      vertex 6.505 15.7045 14.1429
      vertex 7.5182 15.2454 14.1429
      vertex 6.18991 14.9438 12.8571
    endloop
  endfacet
  facet normal 0.347646 0.76716 -0.539081
    outer loop
      vertex 7.5182 15.2454 14.1429
      vertex 7.15403 14.5069 12.8571
      vertex 6.18991 14.9438 12.8571
    endloop
  endfacet
  facet normal 0.41272 0.91079 0.0111046
    outer loop
      vertex 7.08223 14.3613 102.857
      vertex 6.505 15.7045 14.1429
      vertex 6.12779 14.7938 102.857
    endloop
  endfacet
  facet normal 0.4127 0.910799 0.0111049
    outer loop
      vertex 7.08223 14.3613 102.857
      vertex 7.5182 15.2454 14.1429
      vertex 6.505 15.7045 14.1429
    endloop
  endfacet
  facet normal 0.412609 0.910503 -0.0271507
    outer loop
      vertex 6.13967 14.8225 104
      vertex 6.98991 14.4372 104
      vertex 6.12779 14.7938 102.857
    endloop
  endfacet
  facet normal 0.412194 0.910691 -0.0271808
    outer loop
      vertex 7.08223 14.3613 102.857
      vertex 6.98991 14.4372 104
      vertex 7.09596 14.3892 104
    endloop
  endfacet
  facet normal 0.412594 0.910511 -0.0271366
    outer loop
      vertex 6.98991 14.4372 104
      vertex 7.08223 14.3613 102.857
      vertex 6.12779 14.7938 102.857
    endloop
  endfacet
  facet normal 0.283189 0.529841 -0.79942
    outer loop
      vertex 5.19645 10.1196 8
      vertex 5.62227 11.4008 9
      vertex 6.35588 11.0087 9
    endloop
  endfacet
  facet normal 0.28336 0.529773 -0.799405
    outer loop
      vertex 5.62227 11.4008 9
      vertex 5.19645 10.1196 8
      vertex 5.03342 10.2068 8
    endloop
  endfacet
  facet normal 0.283183 0.529848 -0.799418
    outer loop
      vertex 6.35588 11.0087 9
      vertex 5.6902 9.85571 8
      vertex 5.19645 10.1196 8
    endloop
  endfacet
  facet normal 0.326259 0.610393 -0.721786
    outer loop
      vertex 6.21559 12.604 10.2857
      vertex 7.02662 12.1705 10.2857
      vertex 5.62227 11.4008 9
    endloop
  endfacet
  facet normal 0.326249 0.610404 -0.721782
    outer loop
      vertex 7.02662 12.1705 10.2857
      vertex 6.35588 11.0087 9
      vertex 5.62227 11.4008 9
    endloop
  endfacet
  facet normal 0.355562 0.665265 -0.656504
    outer loop
      vertex 6.71079 13.6081 11.5714
      vertex 7.58643 13.1401 11.5714
      vertex 6.21559 12.604 10.2857
    endloop
  endfacet
  facet normal 0.355578 0.665247 -0.656514
    outer loop
      vertex 7.58643 13.1401 11.5714
      vertex 7.02662 12.1705 10.2857
      vertex 6.21559 12.604 10.2857
    endloop
  endfacet
  facet normal 0.371838 0.695737 -0.614562
    outer loop
      vertex 7.15403 14.5069 12.8571
      vertex 8.08751 14.008 12.8571
      vertex 6.71079 13.6081 11.5714
    endloop
  endfacet
  facet normal 0.371844 0.69573 -0.614566
    outer loop
      vertex 8.08751 14.008 12.8571
      vertex 7.58643 13.1401 11.5714
      vertex 6.71079 13.6081 11.5714
    endloop
  endfacet
  facet normal 0.397063 0.742789 -0.539079
    outer loop
      vertex 7.5182 15.2454 14.1429
      vertex 8.4992 14.721 14.1429
      vertex 7.15403 14.5069 12.8571
    endloop
  endfacet
  facet normal 0.397014 0.742844 -0.539038
    outer loop
      vertex 8.4992 14.721 14.1429
      vertex 8.08751 14.008 12.8571
      vertex 7.15403 14.5069 12.8571
    endloop
  endfacet
  facet normal 0.471329 0.881888 0.0111049
    outer loop
      vertex 8.00635 13.8674 102.857
      vertex 7.5182 15.2454 14.1429
      vertex 7.08223 14.3613 102.857
    endloop
  endfacet
  facet normal 0.471399 0.88185 0.0111039
    outer loop
      vertex 8.00635 13.8674 102.857
      vertex 8.4992 14.721 14.1429
      vertex 7.5182 15.2454 14.1429
    endloop
  endfacet
  facet normal 0.471201 0.881607 -0.0271797
    outer loop
      vertex 7.09596 14.3892 104
      vertex 7.91919 13.9492 104
      vertex 7.08223 14.3613 102.857
    endloop
  endfacet
  facet normal 0.471368 0.881519 -0.0271424
    outer loop
      vertex 8.00635 13.8674 102.857
      vertex 7.91919 13.9492 104
      vertex 8.02186 13.8943 104
    endloop
  endfacet
  facet normal 0.471184 0.881617 -0.0271635
    outer loop
      vertex 7.91919 13.9492 104
      vertex 8.00635 13.8674 102.857
      vertex 7.08223 14.3613 102.857
    endloop
  endfacet
  facet normal 0.317269 0.510172 -0.799416
    outer loop
      vertex 5.84718 9.7581 8
      vertex 6.35588 11.0087 9
      vertex 7.06228 10.5694 9
    endloop
  endfacet
  facet normal 0.317235 0.510188 -0.799419
    outer loop
      vertex 6.35588 11.0087 9
      vertex 5.84718 9.7581 8
      vertex 5.6902 9.85571 8
    endloop
  endfacet
  facet normal 0.31726 0.510181 -0.799413
    outer loop
      vertex 7.06228 10.5694 9
      vertex 6.32261 9.46245 8
      vertex 5.84718 9.7581 8
    endloop
  endfacet
  facet normal 0.365531 0.587724 -0.721781
    outer loop
      vertex 7.02662 12.1705 10.2857
      vertex 7.80756 11.6848 10.2857
      vertex 6.35588 11.0087 9
    endloop
  endfacet
  facet normal 0.365512 0.587747 -0.721772
    outer loop
      vertex 7.80756 11.6848 10.2857
      vertex 7.06228 10.5694 9
      vertex 6.35588 11.0087 9
    endloop
  endfacet
  facet normal 0.398323 0.640568 -0.656514
    outer loop
      vertex 7.58643 13.1401 11.5714
      vertex 8.42959 12.6158 11.5714
      vertex 7.02662 12.1705 10.2857
    endloop
  endfacet
  facet normal 0.398364 0.640516 -0.656541
    outer loop
      vertex 8.42959 12.6158 11.5714
      vertex 7.80756 11.6848 10.2857
      vertex 7.02662 12.1705 10.2857
    endloop
  endfacet
  facet normal 0.416606 0.669886 -0.614566
    outer loop
      vertex 8.08751 14.008 12.8571
      vertex 8.98636 13.449 12.8571
      vertex 7.58643 13.1401 11.5714
    endloop
  endfacet
  facet normal 0.416578 0.669925 -0.614544
    outer loop
      vertex 8.98636 13.449 12.8571
      vertex 8.42959 12.6158 11.5714
      vertex 7.58643 13.1401 11.5714
    endloop
  endfacet
  facet normal 0.444732 0.715297 -0.53904
    outer loop
      vertex 8.4992 14.721 14.1429
      vertex 9.4438 14.1337 14.1429
      vertex 8.08751 14.008 12.8571
    endloop
  endfacet
  facet normal 0.444795 0.715213 -0.539099
    outer loop
      vertex 9.4438 14.1337 14.1429
      vertex 8.98636 13.449 12.8571
      vertex 8.08751 14.008 12.8571
    endloop
  endfacet
  facet normal 0.528013 0.849163 0.011104
    outer loop
      vertex 8.89618 13.3141 102.857
      vertex 8.4992 14.721 14.1429
      vertex 8.00635 13.8674 102.857
    endloop
  endfacet
  facet normal 0.527977 0.849186 0.0111045
    outer loop
      vertex 8.89618 13.3141 102.857
      vertex 9.4438 14.1337 14.1429
      vertex 8.4992 14.721 14.1429
    endloop
  endfacet
  facet normal 0.527853 0.848902 -0.0271413
    outer loop
      vertex 8.02186 13.8943 104
      vertex 8.81455 13.4014 104
      vertex 8.00635 13.8674 102.857
    endloop
  endfacet
  facet normal 0.527989 0.848818 -0.0271234
    outer loop
      vertex 8.89618 13.3141 102.857
      vertex 8.81455 13.4014 104
      vertex 8.91342 13.3399 104
    endloop
  endfacet
  facet normal 0.527851 0.848903 -0.0271397
    outer loop
      vertex 8.81455 13.4014 104
      vertex 8.89618 13.3141 102.857
      vertex 8.00635 13.8674 102.857
    endloop
  endfacet
  facet normal 0.349931 0.488351 -0.799413
    outer loop
      vertex 6.47287 9.35478 8
      vertex 7.06228 10.5694 9
      vertex 7.73843 10.0849 9
    endloop
  endfacet
  facet normal 0.349931 0.488351 -0.799413
    outer loop
      vertex 7.06228 10.5694 9
      vertex 6.47287 9.35478 8
      vertex 6.32261 9.46245 8
    endloop
  endfacet
  facet normal 0.349936 0.488344 -0.799415
    outer loop
      vertex 7.73843 10.0849 9
      vertex 6.92795 9.02868 8
      vertex 6.47287 9.35478 8
    endloop
  endfacet
  facet normal 0.403122 0.562617 -0.721772
    outer loop
      vertex 7.80756 11.6848 10.2857
      vertex 8.55507 11.1492 10.2857
      vertex 7.06228 10.5694 9
    endloop
  endfacet
  facet normal 0.403135 0.5626 -0.721778
    outer loop
      vertex 8.55507 11.1492 10.2857
      vertex 7.73843 10.0849 9
      vertex 7.06228 10.5694 9
    endloop
  endfacet
  facet normal 0.43939 0.613102 -0.656538
    outer loop
      vertex 8.42959 12.6158 11.5714
      vertex 9.23666 12.0374 11.5714
      vertex 7.80756 11.6848 10.2857
    endloop
  endfacet
  facet normal 0.439344 0.61317 -0.656506
    outer loop
      vertex 9.23666 12.0374 11.5714
      vertex 8.55507 11.1492 10.2857
      vertex 7.80756 11.6848 10.2857
    endloop
  endfacet
  facet normal 0.45949 0.641251 -0.614545
    outer loop
      vertex 8.98636 13.449 12.8571
      vertex 9.84673 12.8325 12.8571
      vertex 8.42959 12.6158 11.5714
    endloop
  endfacet
  facet normal 0.459525 0.641198 -0.614575
    outer loop
      vertex 9.84673 12.8325 12.8571
      vertex 9.23666 12.0374 11.5714
      vertex 8.42959 12.6158 11.5714
    endloop
  endfacet
  facet normal 0.490618 0.684594 -0.539096
    outer loop
      vertex 9.4438 14.1337 14.1429
      vertex 10.348 13.4857 14.1429
      vertex 8.98636 13.449 12.8571
    endloop
  endfacet
  facet normal 0.490584 0.684646 -0.539062
    outer loop
      vertex 10.348 13.4857 14.1429
      vertex 9.84673 12.8325 12.8571
      vertex 8.98636 13.449 12.8571
    endloop
  endfacet
  facet normal 0.582479 0.81277 0.0111045
    outer loop
      vertex 9.74791 12.7037 102.857
      vertex 9.4438 14.1337 14.1429
      vertex 8.89618 13.3141 102.857
    endloop
  endfacet
  facet normal 0.582477 0.812771 0.0111045
    outer loop
      vertex 9.74791 12.7037 102.857
      vertex 10.348 13.4857 14.1429
      vertex 9.4438 14.1337 14.1429
    endloop
  endfacet
  facet normal 0.582255 0.812554 -0.0271233
    outer loop
      vertex 8.91342 13.3399 104
      vertex 9.67217 12.7962 104
      vertex 8.89618 13.3141 102.857
    endloop
  endfacet
  facet normal 0.582769 0.812186 -0.0271113
    outer loop
      vertex 9.74791 12.7037 102.857
      vertex 9.67217 12.7962 104
      vertex 9.7668 12.7283 104
    endloop
  endfacet
  facet normal 0.5823 0.81252 -0.0271695
    outer loop
      vertex 9.67217 12.7962 104
      vertex 9.74791 12.7037 102.857
      vertex 8.89618 13.3141 102.857
    endloop
  endfacet
  facet normal 0.381119 0.464415 -0.799417
    outer loop
      vertex 7.07084 8.91141 8
      vertex 7.73843 10.0849 9
      vertex 8.38145 9.55721 9
    endloop
  endfacet
  facet normal 0.381136 0.464403 -0.799415
    outer loop
      vertex 7.73843 10.0849 9
      vertex 7.07084 8.91141 8
      vertex 6.92795 9.02868 8
    endloop
  endfacet
  facet normal 0.381125 0.464406 -0.799419
    outer loop
      vertex 8.38145 9.55721 9
      vertex 7.50362 8.55624 8
      vertex 7.07084 8.91141 8
    endloop
  endfacet
  facet normal 0.439081 0.535018 -0.721778
    outer loop
      vertex 8.55507 11.1492 10.2857
      vertex 9.26594 10.5658 10.2857
      vertex 7.73843 10.0849 9
    endloop
  endfacet
  facet normal 0.439071 0.535033 -0.721773
    outer loop
      vertex 9.26594 10.5658 10.2857
      vertex 8.38145 9.55721 9
      vertex 7.73843 10.0849 9
    endloop
  endfacet
  facet normal 0.478488 0.583135 -0.656508
    outer loop
      vertex 9.23666 12.0374 11.5714
      vertex 10.0042 11.4076 11.5714
      vertex 8.55507 11.1492 10.2857
    endloop
  endfacet
  facet normal 0.478522 0.583077 -0.656535
    outer loop
      vertex 10.0042 11.4076 11.5714
      vertex 9.26594 10.5658 10.2857
      vertex 8.55507 11.1492 10.2857
    endloop
  endfacet
  facet normal 0.500468 0.60978 -0.614573
    outer loop
      vertex 9.84673 12.8325 12.8571
      vertex 10.6649 12.161 12.8571
      vertex 9.23666 12.0374 11.5714
    endloop
  endfacet
  facet normal 0.50042 0.609864 -0.614529
    outer loop
      vertex 10.6649 12.161 12.8571
      vertex 10.0042 11.4076 11.5714
      vertex 9.23666 12.0374 11.5714
    endloop
  endfacet
  facet normal 0.534318 0.651087 -0.539064
    outer loop
      vertex 10.348 13.4857 14.1429
      vertex 11.2078 12.7801 14.1429
      vertex 9.84673 12.8325 12.8571
    endloop
  endfacet
  facet normal 0.534339 0.65105 -0.539087
    outer loop
      vertex 11.2078 12.7801 14.1429
      vertex 10.6649 12.161 12.8571
      vertex 9.84673 12.8325 12.8571
    endloop
  endfacet
  facet normal 0.63433 0.772982 0.0111045
    outer loop
      vertex 10.5579 12.039 102.857
      vertex 10.348 13.4857 14.1429
      vertex 9.74791 12.7037 102.857
    endloop
  endfacet
  facet normal 0.634344 0.772971 0.0111043
    outer loop
      vertex 10.5579 12.039 102.857
      vertex 11.2078 12.7801 14.1429
      vertex 10.348 13.4857 14.1429
    endloop
  endfacet
  facet normal 0.634095 0.77278 -0.0271115
    outer loop
      vertex 9.7668 12.7283 104
      vertex 10.4884 12.1362 104
      vertex 9.74791 12.7037 102.857
    endloop
  endfacet
  facet normal 0.634359 0.772562 -0.027126
    outer loop
      vertex 10.5579 12.039 102.857
      vertex 10.4884 12.1362 104
      vertex 10.5784 12.0623 104
    endloop
  endfacet
  facet normal 0.634136 0.772745 -0.0271552
    outer loop
      vertex 10.4884 12.1362 104
      vertex 10.5579 12.039 102.857
      vertex 9.74791 12.7037 102.857
    endloop
  endfacet
  facet normal 0.410688 0.438479 -0.799419
    outer loop
      vertex 7.63854 8.42987 8
      vertex 8.38145 9.55721 9
      vertex 8.98857 8.98857 9
    endloop
  endfacet
  facet normal 0.410691 0.438477 -0.799419
    outer loop
      vertex 8.38145 9.55721 9
      vertex 7.63854 8.42987 8
      vertex 7.50362 8.55624 8
    endloop
  endfacet
  facet normal 0.410683 0.438487 -0.799417
    outer loop
      vertex 8.98857 8.98857 9
      vertex 8.04716 8.04716 8
      vertex 7.63854 8.42987 8
    endloop
  endfacet
  facet normal 0.47314 0.505156 -0.721773
    outer loop
      vertex 9.26594 10.5658 10.2857
      vertex 9.93714 9.93714 10.2857
      vertex 8.38145 9.55721 9
    endloop
  endfacet
  facet normal 0.47314 0.505157 -0.721772
    outer loop
      vertex 9.93714 9.93714 10.2857
      vertex 8.98857 8.98857 9
      vertex 8.38145 9.55721 9
    endloop
  endfacet
  facet normal 0.515687 0.550481 -0.656534
    outer loop
      vertex 10.0042 11.4076 11.5714
      vertex 10.7288 10.7288 11.5714
      vertex 9.26594 10.5658 10.2857
    endloop
  endfacet
  facet normal 0.515654 0.550547 -0.656505
    outer loop
      vertex 10.7288 10.7288 11.5714
      vertex 9.93714 9.93714 10.2857
      vertex 9.26594 10.5658 10.2857
    endloop
  endfacet
  facet normal 0.539234 0.575829 -0.61453
    outer loop
      vertex 10.6649 12.161 12.8571
      vertex 11.4375 11.4375 12.8571
      vertex 10.0042 11.4076 11.5714
    endloop
  endfacet
  facet normal 0.539302 0.575689 -0.614602
    outer loop
      vertex 11.4375 11.4375 12.8571
      vertex 10.7288 10.7288 11.5714
      vertex 10.0042 11.4076 11.5714
    endloop
  endfacet
  facet normal 0.575745 0.614739 -0.539086
    outer loop
      vertex 11.2078 12.7801 14.1429
      vertex 12.0197 12.0197 14.1429
      vertex 10.6649 12.161 12.8571
    endloop
  endfacet
  facet normal 0.57572 0.614791 -0.539054
    outer loop
      vertex 12.0197 12.0197 14.1429
      vertex 11.4375 11.4375 12.8571
      vertex 10.6649 12.161 12.8571
    endloop
  endfacet
  facet normal 0.683543 0.729825 0.0111043
    outer loop
      vertex 11.3227 11.3227 102.857
      vertex 11.2078 12.7801 14.1429
      vertex 10.5579 12.039 102.857
    endloop
  endfacet
  facet normal 0.683537 0.729831 0.0111044
    outer loop
      vertex 11.3227 11.3227 102.857
      vertex 12.0197 12.0197 14.1429
      vertex 11.2078 12.7801 14.1429
    endloop
  endfacet
  facet normal 0.683337 0.729599 -0.0271287
    outer loop
      vertex 10.5784 12.0623 104
      vertex 11.2597 11.4242 104
      vertex 10.5579 12.039 102.857
    endloop
  endfacet
  facet normal 0.683719 0.729243 -0.0270725
    outer loop
      vertex 11.3227 11.3227 102.857
      vertex 11.2597 11.4242 104
      vertex 11.3446 11.3446 104
    endloop
  endfacet
  facet normal 0.683334 0.729602 -0.0271256
    outer loop
      vertex 11.2597 11.4242 104
      vertex 11.3227 11.3227 102.857
      vertex 10.5579 12.039 102.857
    endloop
  endfacet
  facet normal 0.43848 0.410688 -0.799419
    outer loop
      vertex 8.17352 7.91224 8
      vertex 8.98857 8.98857 9
      vertex 9.55721 8.38145 9
    endloop
  endfacet
  facet normal 0.438495 0.410675 -0.799417
    outer loop
      vertex 8.98857 8.98857 9
      vertex 8.17352 7.91224 8
      vertex 8.04716 8.04716 8
    endloop
  endfacet
  facet normal 0.43848 0.410687 -0.799419
    outer loop
      vertex 9.55721 8.38145 9
      vertex 8.55624 7.50362 8
      vertex 8.17352 7.91224 8
    endloop
  endfacet
  facet normal 0.505156 0.47314 -0.721772
    outer loop
      vertex 9.93714 9.93714 10.2857
      vertex 10.5658 9.26594 10.2857
      vertex 8.98857 8.98857 9
    endloop
  endfacet
  facet normal 0.505157 0.473139 -0.721773
    outer loop
      vertex 10.5658 9.26594 10.2857
      vertex 9.55721 8.38145 9
      vertex 8.98857 8.98857 9
    endloop
  endfacet
  facet normal 0.550499 0.515704 -0.656506
    outer loop
      vertex 10.7288 10.7288 11.5714
      vertex 11.4076 10.0042 11.5714
      vertex 9.93714 9.93714 10.2857
    endloop
  endfacet
  facet normal 0.550528 0.515636 -0.656535
    outer loop
      vertex 11.4076 10.0042 11.5714
      vertex 10.5658 9.26594 10.2857
      vertex 9.93714 9.93714 10.2857
    endloop
  endfacet
  facet normal 0.575789 0.539197 -0.6146
    outer loop
      vertex 11.4375 11.4375 12.8571
      vertex 12.161 10.6649 12.8571
      vertex 10.7288 10.7288 11.5714
    endloop
  endfacet
  facet normal 0.575731 0.539341 -0.614528
    outer loop
      vertex 12.161 10.6649 12.8571
      vertex 11.4076 10.0042 11.5714
      vertex 10.7288 10.7288 11.5714
    endloop
  endfacet
  facet normal 0.614754 0.575759 -0.539055
    outer loop
      vertex 12.0197 12.0197 14.1429
      vertex 12.7801 11.2078 14.1429
      vertex 11.4375 11.4375 12.8571
    endloop
  endfacet
  facet normal 0.614775 0.575705 -0.539087
    outer loop
      vertex 12.7801 11.2078 14.1429
      vertex 12.161 10.6649 12.8571
      vertex 11.4375 11.4375 12.8571
    endloop
  endfacet
  facet normal 0.729825 0.683543 0.0111044
    outer loop
      vertex 12.039 10.5579 102.857
      vertex 12.0197 12.0197 14.1429
      vertex 11.3227 11.3227 102.857
    endloop
  endfacet
  facet normal 0.729831 0.683537 0.0111043
    outer loop
      vertex 12.039 10.5579 102.857
      vertex 12.7801 11.2078 14.1429
      vertex 12.0197 12.0197 14.1429
    endloop
  endfacet
  facet normal 0.7296 0.683338 -0.027072
    outer loop
      vertex 11.3446 11.3446 104
      vertex 11.9827 10.6633 104
      vertex 11.3227 11.3227 102.857
    endloop
  endfacet
  facet normal 0.729242 0.683718 -0.0271282
    outer loop
      vertex 12.039 10.5579 102.857
      vertex 11.9827 10.6633 104
      vertex 12.0623 10.5784 104
    endloop
  endfacet
  facet normal 0.729603 0.683335 -0.0270751
    outer loop
      vertex 11.9827 10.6633 104
      vertex 12.039 10.5579 102.857
      vertex 11.3227 11.3227 102.857
    endloop
  endfacet
  facet normal 0.464413 0.381117 -0.799419
    outer loop
      vertex 8.67351 7.36072 8
      vertex 9.55721 8.38145 9
      vertex 10.0849 7.73843 9
    endloop
  endfacet
  facet normal 0.464412 0.381117 -0.799419
    outer loop
      vertex 9.55721 8.38145 9
      vertex 8.67351 7.36072 8
      vertex 8.55624 7.50362 8
    endloop
  endfacet
  facet normal 0.464406 0.381133 -0.799415
    outer loop
      vertex 10.0849 7.73843 9
      vertex 9.02868 6.92795 8
      vertex 8.67351 7.36072 8
    endloop
  endfacet
  facet normal 0.535022 0.439084 -0.721773
    outer loop
      vertex 10.5658 9.26594 10.2857
      vertex 11.1492 8.55507 10.2857
      vertex 9.55721 8.38145 9
    endloop
  endfacet
  facet normal 0.535028 0.439067 -0.721779
    outer loop
      vertex 11.1492 8.55507 10.2857
      vertex 10.0849 7.73843 9
      vertex 9.55721 8.38145 9
    endloop
  endfacet
  facet normal 0.583118 0.478473 -0.656534
    outer loop
      vertex 11.4076 10.0042 11.5714
      vertex 12.0374 9.23666 11.5714
      vertex 10.5658 9.26594 10.2857
    endloop
  endfacet
  facet normal 0.583095 0.478537 -0.656507
    outer loop
      vertex 12.0374 9.23666 11.5714
      vertex 11.1492 8.55507 10.2857
      vertex 10.5658 9.26594 10.2857
    endloop
  endfacet
  facet normal 0.609806 0.500489 -0.61453
    outer loop
      vertex 12.161 10.6649 12.8571
      vertex 12.8325 9.84673 12.8571
      vertex 11.4076 10.0042 11.5714
    endloop
  endfacet
  facet normal 0.609837 0.500397 -0.614575
    outer loop
      vertex 12.8325 9.84673 12.8571
      vertex 12.0374 9.23666 11.5714
      vertex 11.4076 10.0042 11.5714
    endloop
  endfacet
  facet normal 0.651076 0.534309 -0.539086
    outer loop
      vertex 12.7801 11.2078 14.1429
      vertex 13.4857 10.348 14.1429
      vertex 12.161 10.6649 12.8571
    endloop
  endfacet
  facet normal 0.651062 0.534349 -0.539063
    outer loop
      vertex 13.4857 10.348 14.1429
      vertex 12.8325 9.84673 12.8571
      vertex 12.161 10.6649 12.8571
    endloop
  endfacet
  facet normal 0.772982 0.63433 0.0111043
    outer loop
      vertex 12.7037 9.74791 102.857
      vertex 12.7801 11.2078 14.1429
      vertex 12.039 10.5579 102.857
    endloop
  endfacet
  facet normal 0.772971 0.634344 0.0111045
    outer loop
      vertex 13.4857 10.348 14.1429
      vertex 12.7801 11.2078 14.1429
      vertex 12.7037 9.74791 102.857
    endloop
  endfacet
  facet normal 0.772727 0.634159 -0.0271258
    outer loop
      vertex 12.0623 10.5784 104
      vertex 12.6545 9.8568 104
      vertex 12.039 10.5579 102.857
    endloop
  endfacet
  facet normal 0.772984 0.633847 -0.0271118
    outer loop
      vertex 12.7037 9.74791 102.857
      vertex 12.6545 9.8568 104
      vertex 12.7283 9.7668 104
    endloop
  endfacet
  facet normal 0.772745 0.634136 -0.0271496
    outer loop
      vertex 12.6545 9.8568 104
      vertex 12.7037 9.74791 102.857
      vertex 12.039 10.5579 102.857
    endloop
  endfacet
  facet normal 0.488349 0.34993 -0.799415
    outer loop
      vertex 9.13635 6.77769 8
      vertex 10.0849 7.73843 9
      vertex 10.5694 7.06228 9
    endloop
  endfacet
  facet normal 0.488349 0.34993 -0.799415
    outer loop
      vertex 10.0849 7.73843 9
      vertex 9.13635 6.77769 8
      vertex 9.02868 6.92795 8
    endloop
  endfacet
  facet normal 0.488346 0.349938 -0.799413
    outer loop
      vertex 10.5694 7.06228 9
      vertex 9.46245 6.32261 8
      vertex 9.13635 6.77769 8
    endloop
  endfacet
  facet normal 0.562612 0.403118 -0.721778
    outer loop
      vertex 11.1492 8.55507 10.2857
      vertex 11.6848 7.80756 10.2857
      vertex 10.0849 7.73843 9
    endloop
  endfacet
  facet normal 0.562606 0.403139 -0.721771
    outer loop
      vertex 11.6848 7.80756 10.2857
      vertex 10.5694 7.06228 9
      vertex 10.0849 7.73843 9
    endloop
  endfacet
  facet normal 0.613124 0.439405 -0.656507
    outer loop
      vertex 12.0374 9.23666 11.5714
      vertex 12.6158 8.42959 11.5714
      vertex 11.1492 8.55507 10.2857
    endloop
  endfacet
  facet normal 0.613146 0.439326 -0.65654
    outer loop
      vertex 12.6158 8.42959 11.5714
      vertex 11.6848 7.80756 10.2857
      vertex 11.1492 8.55507 10.2857
    endloop
  endfacet
  facet normal 0.641233 0.459477 -0.614574
    outer loop
      vertex 12.8325 9.84673 12.8571
      vertex 13.449 8.98636 12.8571
      vertex 12.0374 9.23666 11.5714
    endloop
  endfacet
  facet normal 0.641217 0.459539 -0.614544
    outer loop
      vertex 13.449 8.98636 12.8571
      vertex 12.6158 8.42959 11.5714
      vertex 12.0374 9.23666 11.5714
    endloop
  endfacet
  facet normal 0.684612 0.490631 -0.539063
    outer loop
      vertex 13.4857 10.348 14.1429
      vertex 14.1337 9.4438 14.1429
      vertex 12.8325 9.84673 12.8571
    endloop
  endfacet
  facet normal 0.684627 0.490571 -0.539097
    outer loop
      vertex 14.1337 9.4438 14.1429
      vertex 13.449 8.98636 12.8571
      vertex 12.8325 9.84673 12.8571
    endloop
  endfacet
  facet normal 0.81277 0.582479 0.0111045
    outer loop
      vertex 13.3141 8.89618 102.857
      vertex 13.4857 10.348 14.1429
      vertex 12.7037 9.74791 102.857
    endloop
  endfacet
  facet normal 0.812771 0.582477 0.0111045
    outer loop
      vertex 14.1337 9.4438 14.1429
      vertex 13.4857 10.348 14.1429
      vertex 13.3141 8.89618 102.857
    endloop
  endfacet
  facet normal 0.812504 0.582325 -0.0271109
    outer loop
      vertex 12.7283 9.7668 104
      vertex 13.2721 9.00805 104
      vertex 12.7037 9.74791 102.857
    endloop
  endfacet
  facet normal 0.812592 0.582202 -0.0271234
    outer loop
      vertex 13.3141 8.89618 102.857
      vertex 13.2721 9.00805 104
      vertex 13.3399 8.91342 104
    endloop
  endfacet
  facet normal 0.812521 0.5823 -0.0271357
    outer loop
      vertex 13.2721 9.00805 104
      vertex 13.3141 8.89618 102.857
      vertex 12.7037 9.74791 102.857
    endloop
  endfacet
  facet normal 0.510174 0.31727 -0.799414
    outer loop
      vertex 9.56007 6.16563 8
      vertex 10.5694 7.06228 9
      vertex 11.0087 6.35588 9
    endloop
  endfacet
  facet normal 0.51018 0.317262 -0.799413
    outer loop
      vertex 10.5694 7.06228 9
      vertex 9.56007 6.16563 8
      vertex 9.46245 6.32261 8
    endloop
  endfacet
  facet normal 0.51018 0.317249 -0.799418
    outer loop
      vertex 11.0087 6.35588 9
      vertex 9.85571 5.6902 8
      vertex 9.56007 6.16563 8
    endloop
  endfacet
  facet normal 0.587732 0.365536 -0.721772
    outer loop
      vertex 11.6848 7.80756 10.2857
      vertex 12.1705 7.02662 10.2857
      vertex 10.5694 7.06228 9
    endloop
  endfacet
  facet normal 0.587739 0.365506 -0.721781
    outer loop
      vertex 12.1705 7.02662 10.2857
      vertex 11.0087 6.35588 9
      vertex 10.5694 7.06228 9
    endloop
  endfacet
  facet normal 0.64055 0.398311 -0.65654
    outer loop
      vertex 12.6158 8.42959 11.5714
      vertex 13.1401 7.58643 11.5714
      vertex 11.6848 7.80756 10.2857
    endloop
  endfacet
  facet normal 0.640536 0.398377 -0.656513
    outer loop
      vertex 13.1401 7.58643 11.5714
      vertex 12.1705 7.02662 10.2857
      vertex 11.6848 7.80756 10.2857
    endloop
  endfacet
  facet normal 0.669901 0.416615 -0.614545
    outer loop
      vertex 13.449 8.98636 12.8571
      vertex 14.008 8.08751 12.8571
      vertex 12.6158 8.42959 11.5714
    endloop
  endfacet
  facet normal 0.66991 0.416568 -0.614567
    outer loop
      vertex 14.008 8.08751 12.8571
      vertex 13.1401 7.58643 11.5714
      vertex 12.6158 8.42959 11.5714
    endloop
  endfacet
  facet normal 0.715265 0.444712 -0.539097
    outer loop
      vertex 14.1337 9.4438 14.1429
      vertex 14.721 8.4992 14.1429
      vertex 13.449 8.98636 12.8571
    endloop
  endfacet
  facet normal 0.715246 0.444815 -0.539039
    outer loop
      vertex 14.721 8.4992 14.1429
      vertex 14.008 8.08751 12.8571
      vertex 13.449 8.98636 12.8571
    endloop
  endfacet
  facet normal 0.849163 0.528013 0.0111045
    outer loop
      vertex 13.8674 8.00635 102.857
      vertex 14.1337 9.4438 14.1429
      vertex 13.3141 8.89618 102.857
    endloop
  endfacet
  facet normal 0.849186 0.527977 0.011104
    outer loop
      vertex 14.721 8.4992 14.1429
      vertex 14.1337 9.4438 14.1429
      vertex 13.8674 8.00635 102.857
    endloop
  endfacet
  facet normal 0.848902 0.527853 -0.0271232
    outer loop
      vertex 13.3399 8.91342 104
      vertex 13.8328 8.12073 104
      vertex 13.3141 8.89618 102.857
    endloop
  endfacet
  facet normal 0.848817 0.527989 -0.0271411
    outer loop
      vertex 13.8674 8.00635 102.857
      vertex 13.8328 8.12073 104
      vertex 13.8943 8.02186 104
    endloop
  endfacet
  facet normal 0.848903 0.527852 -0.0271248
    outer loop
      vertex 13.8328 8.12073 104
      vertex 13.8674 8.00635 102.857
      vertex 13.3141 8.89618 102.857
    endloop
  endfacet
  facet normal 0.529844 0.283191 -0.799417
    outer loop
      vertex 9.94285 5.52717 8
      vertex 11.0087 6.35588 9
      vertex 11.4008 5.62227 9
    endloop
  endfacet
  facet normal 0.529838 0.2832 -0.799418
    outer loop
      vertex 11.0087 6.35588 9
      vertex 9.94285 5.52717 8
      vertex 9.85571 5.6902 8
    endloop
  endfacet
  facet normal 0.529834 0.28324 -0.799407
    outer loop
      vertex 11.4008 5.62227 9
      vertex 10.2068 5.03342 8
      vertex 9.94285 5.52717 8
    endloop
  endfacet
  facet normal 0.610397 0.326261 -0.721782
    outer loop
      vertex 12.1705 7.02662 10.2857
      vertex 12.604 6.21559 10.2857
      vertex 11.0087 6.35588 9
    endloop
  endfacet
  facet normal 0.610399 0.326246 -0.721787
    outer loop
      vertex 12.604 6.21559 10.2857
      vertex 11.4008 5.62227 9
      vertex 11.0087 6.35588 9
    endloop
  endfacet
  facet normal 0.665258 0.355558 -0.656513
    outer loop
      vertex 13.1401 7.58643 11.5714
      vertex 13.6081 6.71079 11.5714
      vertex 12.1705 7.02662 10.2857
    endloop
  endfacet
  facet normal 0.665255 0.355582 -0.656504
    outer loop
      vertex 13.6081 6.71079 11.5714
      vertex 12.604 6.21559 10.2857
      vertex 12.1705 7.02662 10.2857
    endloop
  endfacet
  facet normal 0.695734 0.371836 -0.614566
    outer loop
      vertex 14.008 8.08751 12.8571
      vertex 14.5069 7.15403 12.8571
      vertex 13.1401 7.58643 11.5714
    endloop
  endfacet
  facet normal 0.695733 0.371846 -0.614562
    outer loop
      vertex 14.5069 7.15403 12.8571
      vertex 13.6081 6.71079 11.5714
      vertex 13.1401 7.58643 11.5714
    endloop
  endfacet
  facet normal 0.742811 0.397075 -0.539039
    outer loop
      vertex 14.721 8.4992 14.1429
      vertex 15.2454 7.5182 14.1429
      vertex 14.008 8.08751 12.8571
    endloop
  endfacet
  facet normal 0.742821 0.397002 -0.53908
    outer loop
      vertex 15.2454 7.5182 14.1429
      vertex 14.5069 7.15403 12.8571
      vertex 14.008 8.08751 12.8571
    endloop
  endfacet
  facet normal 0.881888 0.471329 0.0111039
    outer loop
      vertex 14.3613 7.08223 102.857
      vertex 14.721 8.4992 14.1429
      vertex 13.8674 8.00635 102.857
    endloop
  endfacet
  facet normal 0.88185 0.471399 0.0111049
    outer loop
      vertex 15.2454 7.5182 14.1429
      vertex 14.721 8.4992 14.1429
      vertex 14.3613 7.08223 102.857
    endloop
  endfacet
  facet normal 0.881608 0.471202 -0.0271422
    outer loop
      vertex 13.8943 8.02186 104
      vertex 14.3343 7.19863 104
      vertex 13.8674 8.00635 102.857
    endloop
  endfacet
  facet normal 0.881518 0.471368 -0.0271796
    outer loop
      vertex 14.3613 7.08223 102.857
      vertex 14.3343 7.19863 104
      vertex 14.3892 7.09596 104
    endloop
  endfacet
  facet normal 0.881617 0.471184 -0.0271585
    outer loop
      vertex 14.3343 7.19863 104
      vertex 14.3613 7.08223 102.857
      vertex 13.8674 8.00635 102.857
    endloop
  endfacet
  facet normal 0.547241 0.247948 -0.799405
    outer loop
      vertex 10.2831 4.86504 8
      vertex 11.4008 5.62227 9
      vertex 11.7441 4.86458 9
    endloop
  endfacet
  facet normal 0.547227 0.247972 -0.799407
    outer loop
      vertex 11.4008 5.62227 9
      vertex 10.2831 4.86504 8
      vertex 10.2068 5.03342 8
    endloop
  endfacet
  facet normal 0.547249 0.247896 -0.799416
    outer loop
      vertex 11.7441 4.86458 9
      vertex 10.5141 4.35509 8
      vertex 10.2831 4.86504 8
    endloop
  endfacet
  facet normal 0.630433 0.28562 -0.721786
    outer loop
      vertex 12.604 6.21559 10.2857
      vertex 12.9835 5.37794 10.2857
      vertex 11.4008 5.62227 9
    endloop
  endfacet
  facet normal 0.630431 0.28564 -0.72178
    outer loop
      vertex 12.9835 5.37794 10.2857
      vertex 11.7441 4.86458 9
      vertex 11.4008 5.62227 9
    endloop
  endfacet
  facet normal 0.687078 0.311331 -0.656503
    outer loop
      vertex 13.6081 6.71079 11.5714
      vertex 14.0179 5.8064 11.5714
      vertex 12.604 6.21559 10.2857
    endloop
  endfacet
  facet normal 0.687082 0.311284 -0.656522
    outer loop
      vertex 14.0179 5.8064 11.5714
      vertex 12.9835 5.37794 10.2857
      vertex 12.604 6.21559 10.2857
    endloop
  endfacet
  facet normal 0.718534 0.325611 -0.614562
    outer loop
      vertex 14.5069 7.15403 12.8571
      vertex 14.9438 6.18991 12.8571
      vertex 13.6081 6.71079 11.5714
    endloop
  endfacet
  facet normal 0.718536 0.325585 -0.614574
    outer loop
      vertex 14.9438 6.18991 12.8571
      vertex 14.0179 5.8064 11.5714
      vertex 13.6081 6.71079 11.5714
    endloop
  endfacet
  facet normal 0.767172 0.34762 -0.53908
    outer loop
      vertex 15.2454 7.5182 14.1429
      vertex 15.7045 6.505 14.1429
      vertex 14.5069 7.15403 12.8571
    endloop
  endfacet
  facet normal 0.76717 0.34765 -0.539063
    outer loop
      vertex 15.7045 6.505 14.1429
      vertex 14.9438 6.18991 12.8571
      vertex 14.5069 7.15403 12.8571
    endloop
  endfacet
  facet normal 0.91079 0.41272 0.0111049
    outer loop
      vertex 14.7938 6.12779 102.857
      vertex 15.2454 7.5182 14.1429
      vertex 14.3613 7.08223 102.857
    endloop
  endfacet
  facet normal 0.910799 0.4127 0.0111047
    outer loop
      vertex 15.7045 6.505 14.1429
      vertex 15.2454 7.5182 14.1429
      vertex 14.7938 6.12779 102.857
    endloop
  endfacet
  facet normal 0.910545 0.412516 -0.0271811
    outer loop
      vertex 14.3892 7.09596 104
      vertex 14.7744 6.24571 104
      vertex 14.3613 7.08223 102.857
    endloop
  endfacet
  facet normal 0.910354 0.412939 -0.0271504
    outer loop
      vertex 14.7938 6.12779 102.857
      vertex 14.7744 6.24571 104
      vertex 14.8225 6.13967 104
    endloop
  endfacet
  facet normal 0.910511 0.412594 -0.0271121
    outer loop
      vertex 14.7744 6.24571 104
      vertex 14.7938 6.12779 102.857
      vertex 14.3613 7.08223 102.857
    endloop
  endfacet
  facet normal 0.562273 0.211614 -0.799418
    outer loop
      vertex 10.5792 4.18208 8
      vertex 11.7441 4.86458 9
      vertex 12.0371 4.08606 9
    endloop
  endfacet
  facet normal 0.562291 0.211578 -0.799415
    outer loop
      vertex 11.7441 4.86458 9
      vertex 10.5792 4.18208 8
      vertex 10.5141 4.35509 8
    endloop
  endfacet
  facet normal 0.562272 0.211615 -0.799418
    outer loop
      vertex 12.0371 4.08606 9
      vertex 10.7764 3.65811 8
      vertex 10.5792 4.18208 8
    endloop
  endfacet
  facet normal 0.647771 0.243776 -0.72178
    outer loop
      vertex 12.9835 5.37794 10.2857
      vertex 13.3074 4.51726 10.2857
      vertex 11.7441 4.86458 9
    endloop
  endfacet
  facet normal 0.647771 0.243792 -0.721775
    outer loop
      vertex 13.3074 4.51726 10.2857
      vertex 12.0371 4.08606 9
      vertex 11.7441 4.86458 9
    endloop
  endfacet
  facet normal 0.705971 0.265678 -0.656521
    outer loop
      vertex 14.0179 5.8064 11.5714
      vertex 14.3676 4.87716 11.5714
      vertex 12.9835 5.37794 10.2857
    endloop
  endfacet
  facet normal 0.705971 0.265678 -0.656521
    outer loop
      vertex 14.3676 4.87716 11.5714
      vertex 13.3074 4.51726 10.2857
      vertex 12.9835 5.37794 10.2857
    endloop
  endfacet
  facet normal 0.738309 0.277848 -0.614574
    outer loop
      vertex 14.9438 6.18991 12.8571
      vertex 15.3166 5.19929 12.8571
      vertex 14.0179 5.8064 11.5714
    endloop
  endfacet
  facet normal 0.738309 0.277847 -0.614574
    outer loop
      vertex 15.3166 5.19929 12.8571
      vertex 14.3676 4.87716 11.5714
      vertex 14.0179 5.8064 11.5714
    endloop
  endfacet
  facet normal 0.788286 0.296675 -0.539064
    outer loop
      vertex 15.7045 6.505 14.1429
      vertex 16.0963 5.46396 14.1429
      vertex 14.9438 6.18991 12.8571
    endloop
  endfacet
  facet normal 0.788286 0.296655 -0.539075
    outer loop
      vertex 16.0963 5.46396 14.1429
      vertex 15.3166 5.19929 12.8571
      vertex 14.9438 6.18991 12.8571
    endloop
  endfacet
  facet normal 0.935849 0.352227 0.0111047
    outer loop
      vertex 15.1629 5.14711 102.857
      vertex 15.7045 6.505 14.1429
      vertex 14.7938 6.12779 102.857
    endloop
  endfacet
  facet normal 0.935854 0.352213 0.0111045
    outer loop
      vertex 16.0963 5.46396 14.1429
      vertex 15.7045 6.505 14.1429
      vertex 15.1629 5.14711 102.857
    endloop
  endfacet
  facet normal 0.935563 0.352113 -0.0271512
    outer loop
      vertex 14.8225 6.13967 104
      vertex 15.1513 5.26605 104
      vertex 14.7938 6.12779 102.857
    endloop
  endfacet
  facet normal 0.935588 0.352048 -0.0271389
    outer loop
      vertex 15.1629 5.14711 102.857
      vertex 15.1513 5.26605 104
      vertex 15.1923 5.15709 104
    endloop
  endfacet
  facet normal 0.935562 0.352119 -0.0271465
    outer loop
      vertex 15.1513 5.26605 104
      vertex 15.1629 5.14711 102.857
      vertex 14.7938 6.12779 102.857
    endloop
  endfacet
  facet normal 0.574908 0.17442 -0.799412
    outer loop
      vertex 10.8301 3.48121 8
      vertex 12.0371 4.08606 9
      vertex 12.2786 3.29005 9
    endloop
  endfacet
  facet normal 0.57487 0.174508 -0.799419
    outer loop
      vertex 12.0371 4.08606 9
      vertex 10.8301 3.48121 8
      vertex 10.7764 3.65811 8
    endloop
  endfacet
  facet normal 0.574908 0.174377 -0.799421
    outer loop
      vertex 12.2786 3.29005 9
      vertex 10.9926 2.94546 8
      vertex 10.8301 3.48121 8
    endloop
  endfacet
  facet normal 0.662314 0.20095 -0.721775
    outer loop
      vertex 13.3074 4.51726 10.2857
      vertex 13.5744 3.63725 10.2857
      vertex 12.0371 4.08606 9
    endloop
  endfacet
  facet normal 0.662313 0.200938 -0.721779
    outer loop
      vertex 13.5744 3.63725 10.2857
      vertex 12.2786 3.29005 9
      vertex 12.0371 4.08606 9
    endloop
  endfacet
  facet normal 0.72181 0.219021 -0.656521
    outer loop
      vertex 14.3676 4.87716 11.5714
      vertex 14.6559 3.92703 11.5714
      vertex 13.3074 4.51726 10.2857
    endloop
  endfacet
  facet normal 0.721809 0.219001 -0.656529
    outer loop
      vertex 14.6559 3.92703 11.5714
      vertex 13.5744 3.63725 10.2857
      vertex 13.3074 4.51726 10.2857
    endloop
  endfacet
  facet normal 0.754882 0.229023 -0.614574
    outer loop
      vertex 15.3166 5.19929 12.8571
      vertex 15.6239 4.1864 12.8571
      vertex 14.3676 4.87716 11.5714
    endloop
  endfacet
  facet normal 0.754884 0.229056 -0.614559
    outer loop
      vertex 15.6239 4.1864 12.8571
      vertex 14.6559 3.92703 11.5714
      vertex 14.3676 4.87716 11.5714
    endloop
  endfacet
  facet normal 0.80599 0.244496 -0.539074
    outer loop
      vertex 16.0963 5.46396 14.1429
      vertex 16.4192 4.39951 14.1429
      vertex 15.3166 5.19929 12.8571
    endloop
  endfacet
  facet normal 0.805993 0.24453 -0.539056
    outer loop
      vertex 16.4192 4.39951 14.1429
      vertex 15.6239 4.1864 12.8571
      vertex 15.3166 5.19929 12.8571
    endloop
  endfacet
  facet normal 0.956874 0.290291 0.0111045
    outer loop
      vertex 15.4671 4.14439 102.857
      vertex 16.0963 5.46396 14.1429
      vertex 15.1629 5.14711 102.857
    endloop
  endfacet
  facet normal 0.956881 0.290269 0.0111042
    outer loop
      vertex 16.4192 4.39951 14.1429
      vertex 16.0963 5.46396 14.1429
      vertex 15.4671 4.14439 102.857
    endloop
  endfacet
  facet normal 0.956578 0.29021 -0.0271388
    outer loop
      vertex 15.1923 5.15709 104
      vertex 15.4633 4.26383 104
      vertex 15.1629 5.14711 102.857
    endloop
  endfacet
  facet normal 0.956578 0.29021 -0.0271459
    outer loop
      vertex 15.4671 4.14439 102.857
      vertex 15.4633 4.26383 104
      vertex 15.4971 4.15242 104
    endloop
  endfacet
  facet normal 0.95658 0.290202 -0.027145
    outer loop
      vertex 15.4633 4.26383 104
      vertex 15.4671 4.14439 102.857
      vertex 15.1629 5.14711 102.857
    endloop
  endfacet
  facet normal 0.585083 0.136429 -0.799415
    outer loop
      vertex 11.0346 2.76544 8
      vertex 12.2786 3.29005 9
      vertex 12.4675 2.47994 9
    endloop
  endfacet
  facet normal 0.585059 0.136499 -0.799421
    outer loop
      vertex 12.2786 3.29005 9
      vertex 11.0346 2.76544 8
      vertex 10.9926 2.94546 8
    endloop
  endfacet
  facet normal 0.585081 0.13639 -0.799423
    outer loop
      vertex 12.4675 2.47994 9
      vertex 11.1617 2.22021 8
      vertex 11.0346 2.76544 8
    endloop
  endfacet
  facet normal 0.674047 0.157147 -0.721779
    outer loop
      vertex 13.5744 3.63725 10.2857
      vertex 13.7832 2.74165 10.2857
      vertex 12.2786 3.29005 9
    endloop
  endfacet
  facet normal 0.67405 0.157174 -0.721771
    outer loop
      vertex 13.7832 2.74165 10.2857
      vertex 12.4675 2.47994 9
      vertex 12.2786 3.29005 9
    endloop
  endfacet
  facet normal 0.734607 0.17124 -0.656529
    outer loop
      vertex 14.6559 3.92703 11.5714
      vertex 14.8813 2.96008 11.5714
      vertex 13.5744 3.63725 10.2857
    endloop
  endfacet
  facet normal 0.73461 0.171267 -0.656518
    outer loop
      vertex 14.8813 2.96008 11.5714
      vertex 13.7832 2.74165 10.2857
      vertex 13.5744 3.63725 10.2857
    endloop
  endfacet
  facet normal 0.768271 0.179098 -0.614559
    outer loop
      vertex 15.6239 4.1864 12.8571
      vertex 15.8642 3.15559 12.8571
      vertex 14.6559 3.92703 11.5714
    endloop
  endfacet
  facet normal 0.76827 0.179087 -0.614565
    outer loop
      vertex 15.8642 3.15559 12.8571
      vertex 14.8813 2.96008 11.5714
      vertex 14.6559 3.92703 11.5714
    endloop
  endfacet
  facet normal 0.820265 0.191268 -0.539056
    outer loop
      vertex 16.4192 4.39951 14.1429
      vertex 16.6718 3.31622 14.1429
      vertex 15.6239 4.1864 12.8571
    endloop
  endfacet
  facet normal 0.820258 0.191217 -0.539085
    outer loop
      vertex 16.6718 3.31622 14.1429
      vertex 15.8642 3.15559 12.8571
      vertex 15.6239 4.1864 12.8571
    endloop
  endfacet
  facet normal 0.973825 0.227026 0.0111042
    outer loop
      vertex 15.705 3.12392 102.857
      vertex 16.4192 4.39951 14.1429
      vertex 15.4671 4.14439 102.857
    endloop
  endfacet
  facet normal 0.973815 0.227073 0.0111048
    outer loop
      vertex 16.6718 3.31622 14.1429
      vertex 16.4192 4.39951 14.1429
      vertex 15.705 3.12392 102.857
    endloop
  endfacet
  facet normal 0.973533 0.226929 -0.0271463
    outer loop
      vertex 15.4971 4.15242 104
      vertex 15.709 3.24336 104
      vertex 15.4671 4.14439 102.857
    endloop
  endfacet
  facet normal 0.973396 0.227509 -0.0271805
    outer loop
      vertex 15.705 3.12392 102.857
      vertex 15.709 3.24336 104
      vertex 15.7355 3.12998 104
    endloop
  endfacet
  facet normal 0.973527 0.226956 -0.0271232
    outer loop
      vertex 15.709 3.24336 104
      vertex 15.705 3.12392 102.857
      vertex 15.4671 4.14439 102.857
    endloop
  endfacet
  facet normal 0.592741 0.0978609 -0.799426
    outer loop
      vertex 11.1918 2.03782 8
      vertex 12.4675 2.47994 9
      vertex 12.603 1.65922 9
    endloop
  endfacet
  facet normal 0.592752 0.0978224 -0.799422
    outer loop
      vertex 12.4675 2.47994 9
      vertex 11.1918 2.03782 8
      vertex 11.1617 2.22021 8
    endloop
  endfacet
  facet normal 0.592741 0.0978638 -0.799425
    outer loop
      vertex 12.603 1.65922 9
      vertex 11.283 1.48544 8
      vertex 11.1918 2.03782 8
    endloop
  endfacet
  facet normal 0.682887 0.112745 -0.721771
    outer loop
      vertex 13.7832 2.74165 10.2857
      vertex 13.933 1.83432 10.2857
      vertex 12.4675 2.47994 9
    endloop
  endfacet
  facet normal 0.682887 0.112744 -0.721771
    outer loop
      vertex 13.933 1.83432 10.2857
      vertex 12.603 1.65922 9
      vertex 12.4675 2.47994 9
    endloop
  endfacet
  facet normal 0.744227 0.122921 -0.656518
    outer loop
      vertex 14.8813 2.96008 11.5714
      vertex 15.0431 1.98046 11.5714
      vertex 13.7832 2.74165 10.2857
    endloop
  endfacet
  facet normal 0.744217 0.12287 -0.656539
    outer loop
      vertex 15.0431 1.98046 11.5714
      vertex 13.933 1.83432 10.2857
      vertex 13.7832 2.74165 10.2857
    endloop
  endfacet
  facet normal 0.778333 0.128489 -0.614564
    outer loop
      vertex 15.8642 3.15559 12.8571
      vertex 16.0366 2.11126 12.8571
      vertex 14.8813 2.96008 11.5714
    endloop
  endfacet
  facet normal 0.778347 0.128557 -0.614531
    outer loop
      vertex 16.0366 2.11126 12.8571
      vertex 15.0431 1.98046 11.5714
      vertex 14.8813 2.96008 11.5714
    endloop
  endfacet
  facet normal 0.831001 0.137203 -0.539085
    outer loop
      vertex 16.6718 3.31622 14.1429
      vertex 16.853 2.21874 14.1429
      vertex 15.8642 3.15559 12.8571
    endloop
  endfacet
  facet normal 0.830997 0.137183 -0.539097
    outer loop
      vertex 16.853 2.21874 14.1429
      vertex 16.0366 2.11126 12.8571
      vertex 15.8642 3.15559 12.8571
    endloop
  endfacet
  facet normal 0.986581 0.162897 0.0111048
    outer loop
      vertex 15.8757 2.09008 102.857
      vertex 16.6718 3.31622 14.1429
      vertex 15.705 3.12392 102.857
    endloop
  endfacet
  facet normal 0.986582 0.16289 0.0111047
    outer loop
      vertex 16.853 2.21874 14.1429
      vertex 16.6718 3.31622 14.1429
      vertex 15.8757 2.09008 102.857
    endloop
  endfacet
  facet normal 0.986288 0.162777 -0.0271813
    outer loop
      vertex 15.7355 3.12998 104
      vertex 15.8875 2.20899 104
      vertex 15.705 3.12392 102.857
    endloop
  endfacet
  facet normal 0.986229 0.163141 -0.0271536
    outer loop
      vertex 15.8757 2.09008 102.857
      vertex 15.8875 2.20899 104
      vertex 15.9065 2.09413 104
    endloop
  endfacet
  facet normal 0.986278 0.162847 -0.0271236
    outer loop
      vertex 15.8875 2.20899 104
      vertex 15.8757 2.09008 102.857
      vertex 15.705 3.12392 102.857
    endloop
  endfacet
  facet normal 0.597901 0.0588633 -0.799406
    outer loop
      vertex 11.3012 1.30147 8
      vertex 12.603 1.65922 9
      vertex 12.6845 0.831388 9
    endloop
  endfacet
  facet normal 0.597842 0.059144 -0.799429
    outer loop
      vertex 12.603 1.65922 9
      vertex 11.3012 1.30147 8
      vertex 11.283 1.48544 8
    endloop
  endfacet
  facet normal 0.59789 0.0588064 -0.799418
    outer loop
      vertex 12.6845 0.831388 9
      vertex 11.356 0.744313 8
      vertex 11.3012 1.30147 8
    endloop
  endfacet
  facet normal 0.688802 0.0678119 -0.721771
    outer loop
      vertex 13.933 1.83432 10.2857
      vertex 14.0231 0.919126 10.2857
      vertex 12.603 1.65922 9
    endloop
  endfacet
  facet normal 0.688802 0.0678125 -0.721771
    outer loop
      vertex 14.0231 0.919126 10.2857
      vertex 12.6845 0.831388 9
      vertex 12.603 1.65922 9
    endloop
  endfacet
  facet normal 0.750662 0.0739184 -0.656539
    outer loop
      vertex 15.0431 1.98046 11.5714
      vertex 15.1404 0.992352 11.5714
      vertex 13.933 1.83432 10.2857
    endloop
  endfacet
  facet normal 0.750657 0.0739015 -0.656546
    outer loop
      vertex 15.1404 0.992352 11.5714
      vertex 14.0231 0.919126 10.2857
      vertex 13.933 1.83432 10.2857
    endloop
  endfacet
  facet normal 0.785089 0.0773641 -0.614533
    outer loop
      vertex 16.0366 2.11126 12.8571
      vertex 16.1404 1.0579 12.8571
      vertex 15.0431 1.98046 11.5714
    endloop
  endfacet
  facet normal 0.785073 0.0773069 -0.61456
    outer loop
      vertex 16.1404 1.0579 12.8571
      vertex 15.1404 0.992352 11.5714
      vertex 15.0431 1.98046 11.5714
    endloop
  endfacet
  facet normal 0.838191 0.0825326 -0.539096
    outer loop
      vertex 16.853 2.21874 14.1429
      vertex 16.962 1.11175 14.1429
      vertex 16.0366 2.11126 12.8571
    endloop
  endfacet
  facet normal 0.838209 0.0825986 -0.539058
    outer loop
      vertex 16.962 1.11175 14.1429
      vertex 16.1404 1.0579 12.8571
      vertex 16.0366 2.11126 12.8571
    endloop
  endfacet
  facet normal 0.995124 0.0980046 0.0111047
    outer loop
      vertex 15.9784 1.04728 102.857
      vertex 16.853 2.21874 14.1429
      vertex 15.8757 2.09008 102.857
    endloop
  endfacet
  facet normal 0.995126 0.0979853 0.0111045
    outer loop
      vertex 16.962 1.11175 14.1429
      vertex 16.853 2.21874 14.1429
      vertex 15.9784 1.04728 102.857
    endloop
  endfacet
  facet normal 0.994817 0.0979868 -0.0271542
    outer loop
      vertex 15.9065 2.09413 104
      vertex 15.998 1.16517 104
      vertex 15.8757 2.09008 102.857
    endloop
  endfacet
  facet normal 0.994827 0.0978856 -0.0271552
    outer loop
      vertex 15.9784 1.04728 102.857
      vertex 15.998 1.16517 104
      vertex 16.0094 1.04931 104
    endloop
  endfacet
  facet normal 0.994818 0.0979745 -0.0271642
    outer loop
      vertex 15.998 1.16517 104
      vertex 15.9784 1.04728 102.857
      vertex 15.8757 2.09008 102.857
    endloop
  endfacet
  facet normal 0.600462 0.0197172 -0.79941
    outer loop
      vertex 11.3621 0.559557 8
      vertex 12.6845 0.831388 9
      vertex 12.7118 0 9
    endloop
  endfacet
  facet normal 0.600446 0.0198246 -0.799419
    outer loop
      vertex 12.6845 0.831388 9
      vertex 11.3621 0.559557 8
      vertex 11.356 0.744313 8
    endloop
  endfacet
  facet normal 0.600441 0.0196371 -0.799428
    outer loop
      vertex 12.7118 0 9
      vertex 11.3804 0 8
      vertex 11.3621 0.559557 8
    endloop
  endfacet
  facet normal 0.691762 0.0226542 -0.72177
    outer loop
      vertex 14.0231 0.919126 10.2857
      vertex 14.0532 0 10.2857
      vertex 12.6845 0.831388 9
    endloop
  endfacet
  facet normal 0.691781 0.0227158 -0.72175
    outer loop
      vertex 14.0532 0 10.2857
      vertex 12.7118 0 9
      vertex 12.6845 0.831388 9
    endloop
  endfacet
  facet normal 0.753882 0.02469 -0.656546
    outer loop
      vertex 15.1404 0.992352 11.5714
      vertex 15.1729 0 11.5714
      vertex 14.0231 0.919126 10.2857
    endloop
  endfacet
  facet normal 0.753882 0.0246885 -0.656546
    outer loop
      vertex 15.1729 0 11.5714
      vertex 14.0532 0 10.2857
      vertex 14.0231 0.919126 10.2857
    endloop
  endfacet
  facet normal 0.788449 0.0257872 -0.61456
    outer loop
      vertex 16.1404 1.0579 12.8571
      vertex 16.175 0 12.8571
      vertex 15.1404 0.992352 11.5714
    endloop
  endfacet
  facet normal 0.788461 0.0258225 -0.614542
    outer loop
      vertex 16.175 0 12.8571
      vertex 15.1729 0 11.5714
      vertex 15.1404 0.992352 11.5714
    endloop
  endfacet
  facet normal 0.841817 0.0275621 -0.539058
    outer loop
      vertex 16.962 1.11175 14.1429
      vertex 16.9984 0 14.1429
      vertex 16.1404 1.0579 12.8571
    endloop
  endfacet
  facet normal 0.841807 0.0275324 -0.539076
    outer loop
      vertex 16.9984 0 14.1429
      vertex 16.175 0 12.8571
      vertex 16.1404 1.0579 12.8571
    endloop
  endfacet
  facet normal 0.999402 0.0327319 0.0111045
    outer loop
      vertex 16.0127 0 102.857
      vertex 16.962 1.11175 14.1429
      vertex 15.9784 1.04728 102.857
    endloop
  endfacet
  facet normal 0.999403 0.0327216 0.0111043
    outer loop
      vertex 16.9984 0 14.1429
      vertex 16.962 1.11175 14.1429
      vertex 16.0127 0 102.857
    endloop
  endfacet
  facet normal 0.999097 0.0326625 -0.0271551
    outer loop
      vertex 16.0094 1.04931 104
      vertex 16.0399 0.11636 104
      vertex 15.9784 1.04728 102.857
    endloop
  endfacet
  facet normal 0.9991 0.0326279 -0.0270972
    outer loop
      vertex 16.0127 0 102.857
      vertex 16.0399 0.11636 104
      vertex 16.0437 0 104
    endloop
  endfacet
  facet normal 0.999097 0.0327219 -0.0271067
    outer loop
      vertex 16.0399 0.11636 104
      vertex 16.0127 0 102.857
      vertex 15.9784 1.04728 102.857
    endloop
  endfacet
  facet normal 0.600431 -0.0197161 -0.799434
    outer loop
      vertex 11.3743 -0.184756 8
      vertex 12.7118 0 9
      vertex 12.6845 -0.831388 9
    endloop
  endfacet
  facet normal 0.600439 -0.0198244 -0.799425
    outer loop
      vertex 12.7118 0 9
      vertex 11.3743 -0.184756 8
      vertex 11.3804 0 8
    endloop
  endfacet
  facet normal 0.600456 -0.0196376 -0.799416
    outer loop
      vertex 11.3743 -0.184756 8
      vertex 12.6845 -0.831388 9
      vertex 11.356 -0.744313 8
    endloop
  endfacet
  facet normal 0.691782 -0.0226548 -0.721751
    outer loop
      vertex 14.0532 0 10.2857
      vertex 14.0231 -0.919126 10.2857
      vertex 12.7118 0 9
    endloop
  endfacet
  facet normal 0.691759 -0.022715 -0.721771
    outer loop
      vertex 12.7118 0 9
      vertex 14.0231 -0.919126 10.2857
      vertex 12.6845 -0.831388 9
    endloop
  endfacet
  facet normal 0.753882 -0.02469 -0.656546
    outer loop
      vertex 15.1729 0 11.5714
      vertex 15.1404 -0.992352 11.5714
      vertex 14.0532 0 10.2857
    endloop
  endfacet
  facet normal 0.753882 -0.0246885 -0.656545
    outer loop
      vertex 14.0532 0 10.2857
      vertex 15.1404 -0.992352 11.5714
      vertex 14.0231 -0.919126 10.2857
    endloop
  endfacet
  facet normal 0.788462 -0.0257877 -0.614543
    outer loop
      vertex 16.175 0 12.8571
      vertex 16.1404 -1.0579 12.8571
      vertex 15.1729 0 11.5714
    endloop
  endfacet
  facet normal 0.788447 -0.025822 -0.61456
    outer loop
      vertex 15.1729 0 11.5714
      vertex 16.1404 -1.0579 12.8571
      vertex 15.1404 -0.992352 11.5714
    endloop
  endfacet
  facet normal 0.841806 -0.0275617 -0.539076
    outer loop
      vertex 16.9984 0 14.1429
      vertex 16.962 -1.11175 14.1429
      vertex 16.175 0 12.8571
    endloop
  endfacet
  facet normal 0.841819 -0.0275328 -0.539058
    outer loop
      vertex 16.175 0 12.8571
      vertex 16.962 -1.11175 14.1429
      vertex 16.1404 -1.0579 12.8571
    endloop
  endfacet
  facet normal 0.999402 -0.0327319 0.0111043
    outer loop
      vertex 16.9984 0 14.1429
      vertex 16.0127 0 102.857
      vertex 15.9784 -1.04728 102.857
    endloop
  endfacet
  facet normal 0.999403 -0.0327216 0.0111045
    outer loop
      vertex 16.962 -1.11175 14.1429
      vertex 16.9984 0 14.1429
      vertex 15.9784 -1.04728 102.857
    endloop
  endfacet
  facet normal 0.999099 -0.0326626 -0.0270972
    outer loop
      vertex 16.0437 0 104
      vertex 16.0132 -0.932949 104
      vertex 16.0127 0 102.857
    endloop
  endfacet
  facet normal 0.999096 -0.0327219 -0.0271456
    outer loop
      vertex 16.0132 -0.932949 104
      vertex 15.9784 -1.04728 102.857
      vertex 16.0127 0 102.857
    endloop
  endfacet
  facet normal 0.999099 -0.0326276 -0.0271551
    outer loop
      vertex 15.9784 -1.04728 102.857
      vertex 16.0132 -0.932949 104
      vertex 16.0094 -1.04931 104
    endloop
  endfacet
  facet normal 0.597889 -0.0588622 -0.799415
    outer loop
      vertex 11.3379 -0.928278 8
      vertex 12.6845 -0.831388 9
      vertex 12.603 -1.65922 9
    endloop
  endfacet
  facet normal 0.597889 -0.0588253 -0.799418
    outer loop
      vertex 12.6845 -0.831388 9
      vertex 11.3379 -0.928278 8
      vertex 11.356 -0.744313 8
    endloop
  endfacet
  facet normal 0.59787 -0.0589111 -0.799426
    outer loop
      vertex 11.3379 -0.928278 8
      vertex 12.603 -1.65922 9
      vertex 11.283 -1.48544 8
    endloop
  endfacet
  facet normal 0.688802 -0.067812 -0.721771
    outer loop
      vertex 14.0231 -0.919126 10.2857
      vertex 13.933 -1.83432 10.2857
      vertex 12.6845 -0.831388 9
    endloop
  endfacet
  facet normal 0.688802 -0.0678125 -0.721771
    outer loop
      vertex 12.6845 -0.831388 9
      vertex 13.933 -1.83432 10.2857
      vertex 12.603 -1.65922 9
    endloop
  endfacet
  facet normal 0.750656 -0.0739178 -0.656545
    outer loop
      vertex 15.1404 -0.992352 11.5714
      vertex 15.0431 -1.98046 11.5714
      vertex 14.0231 -0.919126 10.2857
    endloop
  endfacet
  facet normal 0.750663 -0.0739021 -0.656539
    outer loop
      vertex 14.0231 -0.919126 10.2857
      vertex 15.0431 -1.98046 11.5714
      vertex 13.933 -1.83432 10.2857
    endloop
  endfacet
  facet normal 0.785068 -0.077362 -0.614559
    outer loop
      vertex 16.1404 -1.0579 12.8571
      vertex 16.0366 -2.11126 12.8571
      vertex 15.1404 -0.992352 11.5714
    endloop
  endfacet
  facet normal 0.785095 -0.0773091 -0.614532
    outer loop
      vertex 15.1404 -0.992352 11.5714
      vertex 16.0366 -2.11126 12.8571
      vertex 15.0431 -1.98046 11.5714
    endloop
  endfacet
  facet normal 0.838215 -0.082535 -0.539059
    outer loop
      vertex 16.962 -1.11175 14.1429
      vertex 16.853 -2.21874 14.1429
      vertex 16.1404 -1.0579 12.8571
    endloop
  endfacet
  facet normal 0.838184 -0.0825962 -0.539097
    outer loop
      vertex 16.1404 -1.0579 12.8571
      vertex 16.853 -2.21874 14.1429
      vertex 16.0366 -2.11126 12.8571
    endloop
  endfacet
  facet normal 0.995124 -0.0980046 0.0111045
    outer loop
      vertex 16.962 -1.11175 14.1429
      vertex 15.9784 -1.04728 102.857
      vertex 15.8757 -2.09008 102.857
    endloop
  endfacet
  facet normal 0.995126 -0.0979853 0.0111047
    outer loop
      vertex 16.853 -2.21874 14.1429
      vertex 16.962 -1.11175 14.1429
      vertex 15.8757 -2.09008 102.857
    endloop
  endfacet
  facet normal 0.994817 -0.0979878 -0.0271551
    outer loop
      vertex 15.9784 -1.04728 102.857
      vertex 16.0094 -1.04931 104
      vertex 15.9179 -1.97826 104
    endloop
  endfacet
  facet normal 0.994819 -0.0979746 -0.0271442
    outer loop
      vertex 15.9179 -1.97826 104
      vertex 15.8757 -2.09008 102.857
      vertex 15.9784 -1.04728 102.857
    endloop
  endfacet
  facet normal 0.994828 -0.0978773 -0.0271541
    outer loop
      vertex 15.8757 -2.09008 102.857
      vertex 15.9179 -1.97826 104
      vertex 15.9065 -2.09413 104
    endloop
  endfacet
  facet normal 0.592745 -0.0978616 -0.799423
    outer loop
      vertex 11.2529 -1.66783 8
      vertex 12.603 -1.65922 9
      vertex 12.4675 -2.47994 9
    endloop
  endfacet
  facet normal 0.592747 -0.0978217 -0.799426
    outer loop
      vertex 12.603 -1.65922 9
      vertex 11.2529 -1.66783 8
      vertex 11.283 -1.48544 8
    endloop
  endfacet
  facet normal 0.592744 -0.0978642 -0.799423
    outer loop
      vertex 11.2529 -1.66783 8
      vertex 12.4675 -2.47994 9
      vertex 11.1617 -2.22021 8
    endloop
  endfacet
  facet normal 0.682887 -0.112745 -0.721771
    outer loop
      vertex 13.933 -1.83432 10.2857
      vertex 13.7832 -2.74165 10.2857
      vertex 12.603 -1.65922 9
    endloop
  endfacet
  facet normal 0.682887 -0.112744 -0.721771
    outer loop
      vertex 12.603 -1.65922 9
      vertex 13.7832 -2.74165 10.2857
      vertex 12.4675 -2.47994 9
    endloop
  endfacet
  facet normal 0.74421 -0.122918 -0.656538
    outer loop
      vertex 15.0431 -1.98046 11.5714
      vertex 14.8813 -2.96008 11.5714
      vertex 13.933 -1.83432 10.2857
    endloop
  endfacet
  facet normal 0.744236 -0.122873 -0.656517
    outer loop
      vertex 13.933 -1.83432 10.2857
      vertex 14.8813 -2.96008 11.5714
      vertex 13.7832 -2.74165 10.2857
    endloop
  endfacet
  facet normal 0.778357 -0.128493 -0.614532
    outer loop
      vertex 16.0366 -2.11126 12.8571
      vertex 15.8642 -3.15559 12.8571
      vertex 15.0431 -1.98046 11.5714
    endloop
  endfacet
  facet normal 0.778322 -0.128552 -0.614565
    outer loop
      vertex 15.0431 -1.98046 11.5714
      vertex 15.8642 -3.15559 12.8571
      vertex 14.8813 -2.96008 11.5714
    endloop
  endfacet
  facet normal 0.830994 -0.137202 -0.539096
    outer loop
      vertex 16.853 -2.21874 14.1429
      vertex 16.6718 -3.31622 14.1429
      vertex 16.0366 -2.11126 12.8571
    endloop
  endfacet
  facet normal 0.831004 -0.137184 -0.539085
    outer loop
      vertex 16.0366 -2.11126 12.8571
      vertex 16.6718 -3.31622 14.1429
      vertex 15.8642 -3.15559 12.8571
    endloop
  endfacet
  facet normal 0.986581 -0.162897 0.0111047
    outer loop
      vertex 16.853 -2.21874 14.1429
      vertex 15.8757 -2.09008 102.857
      vertex 15.705 -3.12392 102.857
    endloop
  endfacet
  facet normal 0.986582 -0.16289 0.0111048
    outer loop
      vertex 16.6718 -3.31622 14.1429
      vertex 16.853 -2.21874 14.1429
      vertex 15.705 -3.12392 102.857
    endloop
  endfacet
  facet normal 0.986272 -0.162883 -0.0271538
    outer loop
      vertex 15.8757 -2.09008 102.857
      vertex 15.9065 -2.09413 104
      vertex 15.7544 -3.01511 104
    endloop
  endfacet
  facet normal 0.986278 -0.162847 -0.027124
    outer loop
      vertex 15.7544 -3.01511 104
      vertex 15.705 -3.12392 102.857
      vertex 15.8757 -2.09008 102.857
    endloop
  endfacet
  facet normal 0.986369 -0.162291 -0.0271809
    outer loop
      vertex 15.705 -3.12392 102.857
      vertex 15.7544 -3.01511 104
      vertex 15.7355 -3.12998 104
    endloop
  endfacet
  facet normal 0.585094 -0.136431 -0.799407
    outer loop
      vertex 11.1198 -2.40023 8
      vertex 12.4675 -2.47994 9
      vertex 12.2786 -3.29005 9
    endloop
  endfacet
  facet normal 0.585124 -0.136189 -0.799427
    outer loop
      vertex 12.4675 -2.47994 9
      vertex 11.1198 -2.40023 8
      vertex 11.1617 -2.22021 8
    endloop
  endfacet
  facet normal 0.58506 -0.136492 -0.799421
    outer loop
      vertex 11.1198 -2.40023 8
      vertex 12.2786 -3.29005 9
      vertex 10.9926 -2.94546 8
    endloop
  endfacet
  facet normal 0.674055 -0.157149 -0.721771
    outer loop
      vertex 13.7832 -2.74165 10.2857
      vertex 13.5744 -3.63725 10.2857
      vertex 12.4675 -2.47994 9
    endloop
  endfacet
  facet normal 0.674041 -0.157172 -0.72178
    outer loop
      vertex 12.4675 -2.47994 9
      vertex 13.5744 -3.63725 10.2857
      vertex 12.2786 -3.29005 9
    endloop
  endfacet
  facet normal 0.734615 -0.171242 -0.656518
    outer loop
      vertex 14.8813 -2.96008 11.5714
      vertex 14.6559 -3.92703 11.5714
      vertex 13.7832 -2.74165 10.2857
    endloop
  endfacet
  facet normal 0.734601 -0.171265 -0.656529
    outer loop
      vertex 13.7832 -2.74165 10.2857
      vertex 14.6559 -3.92703 11.5714
      vertex 13.5744 -3.63725 10.2857
    endloop
  endfacet
  facet normal 0.768268 -0.179097 -0.614564
    outer loop
      vertex 15.8642 -3.15559 12.8571
      vertex 15.6239 -4.1864 12.8571
      vertex 14.8813 -2.96008 11.5714
    endloop
  endfacet
  facet normal 0.768274 -0.179088 -0.614559
    outer loop
      vertex 14.8813 -2.96008 11.5714
      vertex 15.6239 -4.1864 12.8571
      vertex 14.6559 -3.92703 11.5714
    endloop
  endfacet
  facet normal 0.820248 -0.191264 -0.539084
    outer loop
      vertex 16.6718 -3.31622 14.1429
      vertex 16.4192 -4.39951 14.1429
      vertex 15.8642 -3.15559 12.8571
    endloop
  endfacet
  facet normal 0.820277 -0.191221 -0.539055
    outer loop
      vertex 15.8642 -3.15559 12.8571
      vertex 16.4192 -4.39951 14.1429
      vertex 15.6239 -4.1864 12.8571
    endloop
  endfacet
  facet normal 0.973825 -0.227026 0.0111048
    outer loop
      vertex 16.6718 -3.31622 14.1429
      vertex 15.705 -3.12392 102.857
      vertex 15.4671 -4.14439 102.857
    endloop
  endfacet
  facet normal 0.973815 -0.227073 0.0111042
    outer loop
      vertex 16.4192 -4.39951 14.1429
      vertex 16.6718 -3.31622 14.1429
      vertex 15.4671 -4.14439 102.857
    endloop
  endfacet
  facet normal 0.973508 -0.22703 -0.0271809
    outer loop
      vertex 15.705 -3.12392 102.857
      vertex 15.7355 -3.12998 104
      vertex 15.5235 -4.03904 104
    endloop
  endfacet
  facet normal 0.973527 -0.226956 -0.0271191
    outer loop
      vertex 15.5235 -4.03904 104
      vertex 15.4671 -4.14439 102.857
      vertex 15.705 -3.12392 102.857
    endloop
  endfacet
  facet normal 0.973587 -0.226695 -0.0271461
    outer loop
      vertex 15.4671 -4.14439 102.857
      vertex 15.5235 -4.03904 104
      vertex 15.4971 -4.15242 104
    endloop
  endfacet
  facet normal 0.574915 -0.174422 -0.799405
    outer loop
      vertex 10.939 -3.12236 8
      vertex 12.2786 -3.29005 9
      vertex 12.0371 -4.08606 9
    endloop
  endfacet
  facet normal 0.574955 -0.174209 -0.799423
    outer loop
      vertex 12.2786 -3.29005 9
      vertex 10.939 -3.12236 8
      vertex 10.9926 -2.94546 8
    endloop
  endfacet
  facet normal 0.57488 -0.174476 -0.799419
    outer loop
      vertex 10.939 -3.12236 8
      vertex 12.0371 -4.08606 9
      vertex 10.7764 -3.65811 8
    endloop
  endfacet
  facet normal 0.66231 -0.200949 -0.721779
    outer loop
      vertex 13.5744 -3.63725 10.2857
      vertex 13.3074 -4.51726 10.2857
      vertex 12.2786 -3.29005 9
    endloop
  endfacet
  facet normal 0.662317 -0.200939 -0.721775
    outer loop
      vertex 12.2786 -3.29005 9
      vertex 13.3074 -4.51726 10.2857
      vertex 12.0371 -4.08606 9
    endloop
  endfacet
  facet normal 0.721804 -0.219019 -0.656528
    outer loop
      vertex 14.6559 -3.92703 11.5714
      vertex 14.3676 -4.87716 11.5714
      vertex 13.5744 -3.63725 10.2857
    endloop
  endfacet
  facet normal 0.721816 -0.219003 -0.656521
    outer loop
      vertex 13.5744 -3.63725 10.2857
      vertex 14.3676 -4.87716 11.5714
      vertex 13.3074 -4.51726 10.2857
    endloop
  endfacet
  facet normal 0.754893 -0.229026 -0.614559
    outer loop
      vertex 15.6239 -4.1864 12.8571
      vertex 15.3166 -5.19929 12.8571
      vertex 14.6559 -3.92703 11.5714
    endloop
  endfacet
  facet normal 0.754873 -0.229053 -0.614575
    outer loop
      vertex 14.6559 -3.92703 11.5714
      vertex 15.3166 -5.19929 12.8571
      vertex 14.3676 -4.87716 11.5714
    endloop
  endfacet
  facet normal 0.806001 -0.2445 -0.539056
    outer loop
      vertex 16.4192 -4.39951 14.1429
      vertex 16.0963 -5.46396 14.1429
      vertex 15.6239 -4.1864 12.8571
    endloop
  endfacet
  facet normal 0.805981 -0.244526 -0.539075
    outer loop
      vertex 15.6239 -4.1864 12.8571
      vertex 16.0963 -5.46396 14.1429
      vertex 15.3166 -5.19929 12.8571
    endloop
  endfacet
  facet normal 0.956874 -0.290291 0.0111042
    outer loop
      vertex 16.4192 -4.39951 14.1429
      vertex 15.4671 -4.14439 102.857
      vertex 15.1629 -5.14711 102.857
    endloop
  endfacet
  facet normal 0.956881 -0.290269 0.0111045
    outer loop
      vertex 16.0963 -5.46396 14.1429
      vertex 16.4192 -4.39951 14.1429
      vertex 15.1629 -5.14711 102.857
    endloop
  endfacet
  facet normal 0.956578 -0.29021 -0.0271459
    outer loop
      vertex 15.4671 -4.14439 102.857
      vertex 15.4971 -4.15242 104
      vertex 15.2261 -5.04568 104
    endloop
  endfacet
  facet normal 0.95658 -0.290202 -0.0271397
    outer loop
      vertex 15.2261 -5.04568 104
      vertex 15.1629 -5.14711 102.857
      vertex 15.4671 -4.14439 102.857
    endloop
  endfacet
  facet normal 0.956578 -0.29021 -0.0271388
    outer loop
      vertex 15.1629 -5.14711 102.857
      vertex 15.2261 -5.04568 104
      vertex 15.1923 -5.15709 104
    endloop
  endfacet
  facet normal 0.562276 -0.211616 -0.799415
    outer loop
      vertex 10.7113 -3.83112 8
      vertex 12.0371 -4.08606 9
      vertex 11.7441 -4.86458 9
    endloop
  endfacet
  facet normal 0.562286 -0.211576 -0.799418
    outer loop
      vertex 12.0371 -4.08606 9
      vertex 10.7113 -3.83112 8
      vertex 10.7764 -3.65811 8
    endloop
  endfacet
  facet normal 0.562275 -0.211617 -0.799415
    outer loop
      vertex 10.7113 -3.83112 8
      vertex 11.7441 -4.86458 9
      vertex 10.5141 -4.35509 8
    endloop
  endfacet
  facet normal 0.647776 -0.243778 -0.721775
    outer loop
      vertex 13.3074 -4.51726 10.2857
      vertex 12.9835 -5.37794 10.2857
      vertex 12.0371 -4.08606 9
    endloop
  endfacet
  facet normal 0.647766 -0.24379 -0.72178
    outer loop
      vertex 12.0371 -4.08606 9
      vertex 12.9835 -5.37794 10.2857
      vertex 11.7441 -4.86458 9
    endloop
  endfacet
  facet normal 0.705972 -0.265678 -0.656521
    outer loop
      vertex 14.3676 -4.87716 11.5714
      vertex 14.0179 -5.8064 11.5714
      vertex 13.3074 -4.51726 10.2857
    endloop
  endfacet
  facet normal 0.705971 -0.265678 -0.656521
    outer loop
      vertex 13.3074 -4.51726 10.2857
      vertex 14.0179 -5.8064 11.5714
      vertex 12.9835 -5.37794 10.2857
    endloop
  endfacet
  facet normal 0.738309 -0.277848 -0.614574
    outer loop
      vertex 15.3166 -5.19929 12.8571
      vertex 14.9438 -6.18991 12.8571
      vertex 14.3676 -4.87716 11.5714
    endloop
  endfacet
  facet normal 0.738309 -0.277847 -0.614574
    outer loop
      vertex 14.3676 -4.87716 11.5714
      vertex 14.9438 -6.18991 12.8571
      vertex 14.0179 -5.8064 11.5714
    endloop
  endfacet
  facet normal 0.788279 -0.296672 -0.539074
    outer loop
      vertex 16.0963 -5.46396 14.1429
      vertex 15.7045 -6.505 14.1429
      vertex 15.3166 -5.19929 12.8571
    endloop
  endfacet
  facet normal 0.788292 -0.296658 -0.539063
    outer loop
      vertex 15.3166 -5.19929 12.8571
      vertex 15.7045 -6.505 14.1429
      vertex 14.9438 -6.18991 12.8571
    endloop
  endfacet
  facet normal 0.935849 -0.352227 0.0111045
    outer loop
      vertex 16.0963 -5.46396 14.1429
      vertex 15.1629 -5.14711 102.857
      vertex 14.7938 -6.12779 102.857
    endloop
  endfacet
  facet normal 0.935854 -0.352213 0.0111047
    outer loop
      vertex 15.7045 -6.505 14.1429
      vertex 16.0963 -5.46396 14.1429
      vertex 14.7938 -6.12779 102.857
    endloop
  endfacet
  facet normal 0.935564 -0.352113 -0.0271388
    outer loop
      vertex 15.1629 -5.14711 102.857
      vertex 15.1923 -5.15709 104
      vertex 14.8635 -6.03071 104
    endloop
  endfacet
  facet normal 0.935562 -0.352119 -0.0271434
    outer loop
      vertex 14.8635 -6.03071 104
      vertex 14.7938 -6.12779 102.857
      vertex 15.1629 -5.14711 102.857
    endloop
  endfacet
  facet normal 0.935588 -0.352048 -0.0271511
    outer loop
      vertex 14.7938 -6.12779 102.857
      vertex 14.8635 -6.03071 104
      vertex 14.8225 -6.13967 104
    endloop
  endfacet
  facet normal 0.547227 -0.247942 -0.799417
    outer loop
      vertex 10.4378 -4.52347 8
      vertex 11.7441 -4.86458 9
      vertex 11.4008 -5.62227 9
    endloop
  endfacet
  facet normal 0.547218 -0.247967 -0.799415
    outer loop
      vertex 11.7441 -4.86458 9
      vertex 10.4378 -4.52347 8
      vertex 10.5141 -4.35509 8
    endloop
  endfacet
  facet normal 0.547261 -0.247901 -0.799406
    outer loop
      vertex 10.4378 -4.52347 8
      vertex 11.4008 -5.62227 9
      vertex 10.2068 -5.03342 8
    endloop
  endfacet
  facet normal 0.630439 -0.285622 -0.72178
    outer loop
      vertex 12.9835 -5.37794 10.2857
      vertex 12.604 -6.21559 10.2857
      vertex 11.7441 -4.86458 9
    endloop
  endfacet
  facet normal 0.630424 -0.285638 -0.721787
    outer loop
      vertex 11.7441 -4.86458 9
      vertex 12.604 -6.21559 10.2857
      vertex 11.4008 -5.62227 9
    endloop
  endfacet
  facet normal 0.687064 -0.311325 -0.656521
    outer loop
      vertex 14.0179 -5.8064 11.5714
      vertex 13.6081 -6.71079 11.5714
      vertex 12.9835 -5.37794 10.2857
    endloop
  endfacet
  facet normal 0.687097 -0.311291 -0.656503
    outer loop
      vertex 12.9835 -5.37794 10.2857
      vertex 13.6081 -6.71079 11.5714
      vertex 12.604 -6.21559 10.2857
    endloop
  endfacet
  facet normal 0.718526 -0.325607 -0.614573
    outer loop
      vertex 14.9438 -6.18991 12.8571
      vertex 14.5069 -7.15403 12.8571
      vertex 14.0179 -5.8064 11.5714
    endloop
  endfacet
  facet normal 0.718544 -0.325589 -0.614562
    outer loop
      vertex 14.0179 -5.8064 11.5714
      vertex 14.5069 -7.15403 12.8571
      vertex 13.6081 -6.71079 11.5714
    endloop
  endfacet
  facet normal 0.767182 -0.347624 -0.539064
    outer loop
      vertex 15.7045 -6.505 14.1429
      vertex 15.2454 -7.5182 14.1429
      vertex 14.9438 -6.18991 12.8571
    endloop
  endfacet
  facet normal 0.76716 -0.347646 -0.539081
    outer loop
      vertex 14.9438 -6.18991 12.8571
      vertex 15.2454 -7.5182 14.1429
      vertex 14.5069 -7.15403 12.8571
    endloop
  endfacet
  facet normal 0.91079 -0.41272 0.0111046
    outer loop
      vertex 15.7045 -6.505 14.1429
      vertex 14.7938 -6.12779 102.857
      vertex 14.3613 -7.08223 102.857
    endloop
  endfacet
  facet normal 0.910799 -0.4127 0.0111049
    outer loop
      vertex 15.2454 -7.5182 14.1429
      vertex 15.7045 -6.505 14.1429
      vertex 14.3613 -7.08223 102.857
    endloop
  endfacet
  facet normal 0.910503 -0.412609 -0.0271507
    outer loop
      vertex 14.7938 -6.12779 102.857
      vertex 14.8225 -6.13967 104
      vertex 14.4372 -6.98991 104
    endloop
  endfacet
  facet normal 0.910511 -0.412594 -0.0271366
    outer loop
      vertex 14.4372 -6.98991 104
      vertex 14.3613 -7.08223 102.857
      vertex 14.7938 -6.12779 102.857
    endloop
  endfacet
  facet normal 0.910691 -0.412194 -0.0271808
    outer loop
      vertex 14.3613 -7.08223 102.857
      vertex 14.4372 -6.98991 104
      vertex 14.3892 -7.09596 104
    endloop
  endfacet
  facet normal 0.529841 -0.283189 -0.79942
    outer loop
      vertex 10.1196 -5.19645 8
      vertex 11.4008 -5.62227 9
      vertex 11.0087 -6.35588 9
    endloop
  endfacet
  facet normal 0.529773 -0.28336 -0.799405
    outer loop
      vertex 11.4008 -5.62227 9
      vertex 10.1196 -5.19645 8
      vertex 10.2068 -5.03342 8
    endloop
  endfacet
  facet normal 0.529848 -0.283183 -0.799418
    outer loop
      vertex 10.1196 -5.19645 8
      vertex 11.0087 -6.35588 9
      vertex 9.85571 -5.6902 8
    endloop
  endfacet
  facet normal 0.610393 -0.326259 -0.721786
    outer loop
      vertex 12.604 -6.21559 10.2857
      vertex 12.1705 -7.02662 10.2857
      vertex 11.4008 -5.62227 9
    endloop
  endfacet
  facet normal 0.610404 -0.326249 -0.721782
    outer loop
      vertex 11.4008 -5.62227 9
      vertex 12.1705 -7.02662 10.2857
      vertex 11.0087 -6.35588 9
    endloop
  endfacet
  facet normal 0.665265 -0.355562 -0.656504
    outer loop
      vertex 13.6081 -6.71079 11.5714
      vertex 13.1401 -7.58643 11.5714
      vertex 12.604 -6.21559 10.2857
    endloop
  endfacet
  facet normal 0.665247 -0.355578 -0.656514
    outer loop
      vertex 12.604 -6.21559 10.2857
      vertex 13.1401 -7.58643 11.5714
      vertex 12.1705 -7.02662 10.2857
    endloop
  endfacet
  facet normal 0.695737 -0.371838 -0.614562
    outer loop
      vertex 14.5069 -7.15403 12.8571
      vertex 14.008 -8.08751 12.8571
      vertex 13.6081 -6.71079 11.5714
    endloop
  endfacet
  facet normal 0.69573 -0.371844 -0.614566
    outer loop
      vertex 13.6081 -6.71079 11.5714
      vertex 14.008 -8.08751 12.8571
      vertex 13.1401 -7.58643 11.5714
    endloop
  endfacet
  facet normal 0.742789 -0.397063 -0.539079
    outer loop
      vertex 15.2454 -7.5182 14.1429
      vertex 14.721 -8.4992 14.1429
      vertex 14.5069 -7.15403 12.8571
    endloop
  endfacet
  facet normal 0.742844 -0.397014 -0.539038
    outer loop
      vertex 14.5069 -7.15403 12.8571
      vertex 14.721 -8.4992 14.1429
      vertex 14.008 -8.08751 12.8571
    endloop
  endfacet
  facet normal 0.881888 -0.471329 0.0111049
    outer loop
      vertex 15.2454 -7.5182 14.1429
      vertex 14.3613 -7.08223 102.857
      vertex 13.8674 -8.00635 102.857
    endloop
  endfacet
  facet normal 0.88185 -0.471399 0.0111039
    outer loop
      vertex 14.721 -8.4992 14.1429
      vertex 15.2454 -7.5182 14.1429
      vertex 13.8674 -8.00635 102.857
    endloop
  endfacet
  facet normal 0.881607 -0.471201 -0.0271797
    outer loop
      vertex 14.3613 -7.08223 102.857
      vertex 14.3892 -7.09596 104
      vertex 13.9492 -7.91919 104
    endloop
  endfacet
  facet normal 0.881617 -0.471184 -0.0271635
    outer loop
      vertex 13.9492 -7.91919 104
      vertex 13.8674 -8.00635 102.857
      vertex 14.3613 -7.08223 102.857
    endloop
  endfacet
  facet normal 0.881519 -0.471368 -0.0271424
    outer loop
      vertex 13.8674 -8.00635 102.857
      vertex 13.9492 -7.91919 104
      vertex 13.8943 -8.02186 104
    endloop
  endfacet
  facet normal 0.510172 -0.317269 -0.799416
    outer loop
      vertex 9.7581 -5.84718 8
      vertex 11.0087 -6.35588 9
      vertex 10.5694 -7.06228 9
    endloop
  endfacet
  facet normal 0.510188 -0.317235 -0.799419
    outer loop
      vertex 11.0087 -6.35588 9
      vertex 9.7581 -5.84718 8
      vertex 9.85571 -5.6902 8
    endloop
  endfacet
  facet normal 0.510181 -0.31726 -0.799413
    outer loop
      vertex 9.7581 -5.84718 8
      vertex 10.5694 -7.06228 9
      vertex 9.46245 -6.32261 8
    endloop
  endfacet
  facet normal 0.587724 -0.365531 -0.721781
    outer loop
      vertex 12.1705 -7.02662 10.2857
      vertex 11.6848 -7.80756 10.2857
      vertex 11.0087 -6.35588 9
    endloop
  endfacet
  facet normal 0.587747 -0.365512 -0.721772
    outer loop
      vertex 11.0087 -6.35588 9
      vertex 11.6848 -7.80756 10.2857
      vertex 10.5694 -7.06228 9
    endloop
  endfacet
  facet normal 0.640568 -0.398323 -0.656514
    outer loop
      vertex 13.1401 -7.58643 11.5714
      vertex 12.6158 -8.42959 11.5714
      vertex 12.1705 -7.02662 10.2857
    endloop
  endfacet
  facet normal 0.640516 -0.398364 -0.656541
    outer loop
      vertex 12.1705 -7.02662 10.2857
      vertex 12.6158 -8.42959 11.5714
      vertex 11.6848 -7.80756 10.2857
    endloop
  endfacet
  facet normal 0.669886 -0.416606 -0.614566
    outer loop
      vertex 14.008 -8.08751 12.8571
      vertex 13.449 -8.98636 12.8571
      vertex 13.1401 -7.58643 11.5714
    endloop
  endfacet
  facet normal 0.669925 -0.416578 -0.614544
    outer loop
      vertex 13.1401 -7.58643 11.5714
      vertex 13.449 -8.98636 12.8571
      vertex 12.6158 -8.42959 11.5714
    endloop
  endfacet
  facet normal 0.715297 -0.444732 -0.53904
    outer loop
      vertex 14.721 -8.4992 14.1429
      vertex 14.1337 -9.4438 14.1429
      vertex 14.008 -8.08751 12.8571
    endloop
  endfacet
  facet normal 0.715213 -0.444795 -0.539099
    outer loop
      vertex 14.008 -8.08751 12.8571
      vertex 14.1337 -9.4438 14.1429
      vertex 13.449 -8.98636 12.8571
    endloop
  endfacet
  facet normal 0.849163 -0.528013 0.011104
    outer loop
      vertex 14.721 -8.4992 14.1429
      vertex 13.8674 -8.00635 102.857
      vertex 13.3141 -8.89618 102.857
    endloop
  endfacet
  facet normal 0.849186 -0.527977 0.0111045
    outer loop
      vertex 14.1337 -9.4438 14.1429
      vertex 14.721 -8.4992 14.1429
      vertex 13.3141 -8.89618 102.857
    endloop
  endfacet
  facet normal 0.848902 -0.527853 -0.0271413
    outer loop
      vertex 13.8674 -8.00635 102.857
      vertex 13.8943 -8.02186 104
      vertex 13.4014 -8.81455 104
    endloop
  endfacet
  facet normal 0.848903 -0.527851 -0.0271397
    outer loop
      vertex 13.4014 -8.81455 104
      vertex 13.3141 -8.89618 102.857
      vertex 13.8674 -8.00635 102.857
    endloop
  endfacet
  facet normal 0.848818 -0.527989 -0.0271234
    outer loop
      vertex 13.3141 -8.89618 102.857
      vertex 13.4014 -8.81455 104
      vertex 13.3399 -8.91342 104
    endloop
  endfacet
  facet normal 0.488351 -0.349931 -0.799413
    outer loop
      vertex 9.35478 -6.47287 8
      vertex 10.5694 -7.06228 9
      vertex 10.0849 -7.73843 9
    endloop
  endfacet
  facet normal 0.488351 -0.349931 -0.799413
    outer loop
      vertex 10.5694 -7.06228 9
      vertex 9.35478 -6.47287 8
      vertex 9.46245 -6.32261 8
    endloop
  endfacet
  facet normal 0.488344 -0.349936 -0.799415
    outer loop
      vertex 9.35478 -6.47287 8
      vertex 10.0849 -7.73843 9
      vertex 9.02868 -6.92795 8
    endloop
  endfacet
  facet normal 0.562617 -0.403122 -0.721772
    outer loop
      vertex 11.6848 -7.80756 10.2857
      vertex 11.1492 -8.55507 10.2857
      vertex 10.5694 -7.06228 9
    endloop
  endfacet
  facet normal 0.5626 -0.403135 -0.721778
    outer loop
      vertex 10.5694 -7.06228 9
      vertex 11.1492 -8.55507 10.2857
      vertex 10.0849 -7.73843 9
    endloop
  endfacet
  facet normal 0.613102 -0.43939 -0.656538
    outer loop
      vertex 12.6158 -8.42959 11.5714
      vertex 12.0374 -9.23666 11.5714
      vertex 11.6848 -7.80756 10.2857
    endloop
  endfacet
  facet normal 0.61317 -0.439344 -0.656506
    outer loop
      vertex 11.6848 -7.80756 10.2857
      vertex 12.0374 -9.23666 11.5714
      vertex 11.1492 -8.55507 10.2857
    endloop
  endfacet
  facet normal 0.641251 -0.45949 -0.614545
    outer loop
      vertex 13.449 -8.98636 12.8571
      vertex 12.8325 -9.84673 12.8571
      vertex 12.6158 -8.42959 11.5714
    endloop
  endfacet
  facet normal 0.641198 -0.459525 -0.614575
    outer loop
      vertex 12.6158 -8.42959 11.5714
      vertex 12.8325 -9.84673 12.8571
      vertex 12.0374 -9.23666 11.5714
    endloop
  endfacet
  facet normal 0.684594 -0.490618 -0.539096
    outer loop
      vertex 14.1337 -9.4438 14.1429
      vertex 13.4857 -10.348 14.1429
      vertex 13.449 -8.98636 12.8571
    endloop
  endfacet
  facet normal 0.684646 -0.490584 -0.539062
    outer loop
      vertex 13.449 -8.98636 12.8571
      vertex 13.4857 -10.348 14.1429
      vertex 12.8325 -9.84673 12.8571
    endloop
  endfacet
  facet normal 0.81277 -0.582479 0.0111045
    outer loop
      vertex 14.1337 -9.4438 14.1429
      vertex 13.3141 -8.89618 102.857
      vertex 12.7037 -9.74791 102.857
    endloop
  endfacet
  facet normal 0.812771 -0.582477 0.0111045
    outer loop
      vertex 13.4857 -10.348 14.1429
      vertex 14.1337 -9.4438 14.1429
      vertex 12.7037 -9.74791 102.857
    endloop
  endfacet
  facet normal 0.812554 -0.582255 -0.0271233
    outer loop
      vertex 13.3141 -8.89618 102.857
      vertex 13.3399 -8.91342 104
      vertex 12.7962 -9.67217 104
    endloop
  endfacet
  facet normal 0.81252 -0.5823 -0.0271695
    outer loop
      vertex 12.7962 -9.67217 104
      vertex 12.7037 -9.74791 102.857
      vertex 13.3141 -8.89618 102.857
    endloop
  endfacet
  facet normal 0.812186 -0.582769 -0.0271113
    outer loop
      vertex 12.7037 -9.74791 102.857
      vertex 12.7962 -9.67217 104
      vertex 12.7283 -9.7668 104
    endloop
  endfacet
  facet normal 0.464415 -0.381119 -0.799417
    outer loop
      vertex 8.91141 -7.07084 8
      vertex 10.0849 -7.73843 9
      vertex 9.55721 -8.38145 9
    endloop
  endfacet
  facet normal 0.464403 -0.381136 -0.799415
    outer loop
      vertex 10.0849 -7.73843 9
      vertex 8.91141 -7.07084 8
      vertex 9.02868 -6.92795 8
    endloop
  endfacet
  facet normal 0.464406 -0.381125 -0.799419
    outer loop
      vertex 8.91141 -7.07084 8
      vertex 9.55721 -8.38145 9
      vertex 8.55624 -7.50362 8
    endloop
  endfacet
  facet normal 0.535018 -0.439081 -0.721778
    outer loop
      vertex 11.1492 -8.55507 10.2857
      vertex 10.5658 -9.26594 10.2857
      vertex 10.0849 -7.73843 9
    endloop
  endfacet
  facet normal 0.535033 -0.439071 -0.721773
    outer loop
      vertex 10.0849 -7.73843 9
      vertex 10.5658 -9.26594 10.2857
      vertex 9.55721 -8.38145 9
    endloop
  endfacet
  facet normal 0.583135 -0.478488 -0.656508
    outer loop
      vertex 12.0374 -9.23666 11.5714
      vertex 11.4076 -10.0042 11.5714
      vertex 11.1492 -8.55507 10.2857
    endloop
  endfacet
  facet normal 0.583077 -0.478522 -0.656535
    outer loop
      vertex 11.1492 -8.55507 10.2857
      vertex 11.4076 -10.0042 11.5714
      vertex 10.5658 -9.26594 10.2857
    endloop
  endfacet
  facet normal 0.60978 -0.500468 -0.614573
    outer loop
      vertex 12.8325 -9.84673 12.8571
      vertex 12.161 -10.6649 12.8571
      vertex 12.0374 -9.23666 11.5714
    endloop
  endfacet
  facet normal 0.609864 -0.50042 -0.614529
    outer loop
      vertex 12.0374 -9.23666 11.5714
      vertex 12.161 -10.6649 12.8571
      vertex 11.4076 -10.0042 11.5714
    endloop
  endfacet
  facet normal 0.651087 -0.534318 -0.539064
    outer loop
      vertex 12.8325 -9.84673 12.8571
      vertex 13.4857 -10.348 14.1429
      vertex 12.7801 -11.2078 14.1429
    endloop
  endfacet
  facet normal 0.65105 -0.534339 -0.539087
    outer loop
      vertex 12.8325 -9.84673 12.8571
      vertex 12.7801 -11.2078 14.1429
      vertex 12.161 -10.6649 12.8571
    endloop
  endfacet
  facet normal 0.772982 -0.63433 0.0111045
    outer loop
      vertex 13.4857 -10.348 14.1429
      vertex 12.7037 -9.74791 102.857
      vertex 12.039 -10.5579 102.857
    endloop
  endfacet
  facet normal 0.772971 -0.634344 0.0111043
    outer loop
      vertex 12.7801 -11.2078 14.1429
      vertex 13.4857 -10.348 14.1429
      vertex 12.039 -10.5579 102.857
    endloop
  endfacet
  facet normal 0.77278 -0.634095 -0.0271115
    outer loop
      vertex 12.7037 -9.74791 102.857
      vertex 12.7283 -9.7668 104
      vertex 12.1362 -10.4884 104
    endloop
  endfacet
  facet normal 0.772745 -0.634136 -0.0271552
    outer loop
      vertex 12.1362 -10.4884 104
      vertex 12.039 -10.5579 102.857
      vertex 12.7037 -9.74791 102.857
    endloop
  endfacet
  facet normal 0.772562 -0.634359 -0.027126
    outer loop
      vertex 12.039 -10.5579 102.857
      vertex 12.1362 -10.4884 104
      vertex 12.0623 -10.5784 104
    endloop
  endfacet
  facet normal 0.438479 -0.410688 -0.799419
    outer loop
      vertex 8.42987 -7.63854 8
      vertex 9.55721 -8.38145 9
      vertex 8.98857 -8.98857 9
    endloop
  endfacet
  facet normal 0.438477 -0.410691 -0.799419
    outer loop
      vertex 9.55721 -8.38145 9
      vertex 8.42987 -7.63854 8
      vertex 8.55624 -7.50362 8
    endloop
  endfacet
  facet normal 0.438487 -0.410683 -0.799417
    outer loop
      vertex 8.42987 -7.63854 8
      vertex 8.98857 -8.98857 9
      vertex 8.04716 -8.04716 8
    endloop
  endfacet
  facet normal 0.505156 -0.47314 -0.721773
    outer loop
      vertex 10.5658 -9.26594 10.2857
      vertex 9.93714 -9.93714 10.2857
      vertex 9.55721 -8.38145 9
    endloop
  endfacet
  facet normal 0.505157 -0.47314 -0.721772
    outer loop
      vertex 9.55721 -8.38145 9
      vertex 9.93714 -9.93714 10.2857
      vertex 8.98857 -8.98857 9
    endloop
  endfacet
  facet normal 0.550481 -0.515687 -0.656534
    outer loop
      vertex 11.4076 -10.0042 11.5714
      vertex 10.7288 -10.7288 11.5714
      vertex 10.5658 -9.26594 10.2857
    endloop
  endfacet
  facet normal 0.550547 -0.515654 -0.656505
    outer loop
      vertex 10.5658 -9.26594 10.2857
      vertex 10.7288 -10.7288 11.5714
      vertex 9.93714 -9.93714 10.2857
    endloop
  endfacet
  facet normal 0.575829 -0.539234 -0.61453
    outer loop
      vertex 12.161 -10.6649 12.8571
      vertex 11.4375 -11.4375 12.8571
      vertex 11.4076 -10.0042 11.5714
    endloop
  endfacet
  facet normal 0.575689 -0.539302 -0.614602
    outer loop
      vertex 11.4076 -10.0042 11.5714
      vertex 11.4375 -11.4375 12.8571
      vertex 10.7288 -10.7288 11.5714
    endloop
  endfacet
  facet normal 0.614739 -0.575745 -0.539086
    outer loop
      vertex 12.161 -10.6649 12.8571
      vertex 12.7801 -11.2078 14.1429
      vertex 12.0197 -12.0197 14.1429
    endloop
  endfacet
  facet normal 0.614791 -0.57572 -0.539054
    outer loop
      vertex 12.161 -10.6649 12.8571
      vertex 12.0197 -12.0197 14.1429
      vertex 11.4375 -11.4375 12.8571
    endloop
  endfacet
  facet normal 0.729825 -0.683543 0.0111043
    outer loop
      vertex 12.7801 -11.2078 14.1429
      vertex 12.039 -10.5579 102.857
      vertex 11.3227 -11.3227 102.857
    endloop
  endfacet
  facet normal 0.729831 -0.683537 0.0111044
    outer loop
      vertex 12.0197 -12.0197 14.1429
      vertex 12.7801 -11.2078 14.1429
      vertex 11.3227 -11.3227 102.857
    endloop
  endfacet
  facet normal 0.729599 -0.683337 -0.0271287
    outer loop
      vertex 12.039 -10.5579 102.857
      vertex 12.0623 -10.5784 104
      vertex 11.4242 -11.2597 104
    endloop
  endfacet
  facet normal 0.729602 -0.683334 -0.0271256
    outer loop
      vertex 11.4242 -11.2597 104
      vertex 11.3227 -11.3227 102.857
      vertex 12.039 -10.5579 102.857
    endloop
  endfacet
  facet normal 0.729243 -0.683719 -0.0270725
    outer loop
      vertex 11.3227 -11.3227 102.857
      vertex 11.4242 -11.2597 104
      vertex 11.3446 -11.3446 104
    endloop
  endfacet
  facet normal 0.410688 -0.43848 -0.799419
    outer loop
      vertex 7.91224 -8.17352 8
      vertex 8.98857 -8.98857 9
      vertex 8.38145 -9.55721 9
    endloop
  endfacet
  facet normal 0.410675 -0.438495 -0.799417
    outer loop
      vertex 8.98857 -8.98857 9
      vertex 7.91224 -8.17352 8
      vertex 8.04716 -8.04716 8
    endloop
  endfacet
  facet normal 0.410687 -0.43848 -0.799419
    outer loop
      vertex 7.91224 -8.17352 8
      vertex 8.38145 -9.55721 9
      vertex 7.50362 -8.55624 8
    endloop
  endfacet
  facet normal 0.47314 -0.505156 -0.721772
    outer loop
      vertex 9.93714 -9.93714 10.2857
      vertex 9.26594 -10.5658 10.2857
      vertex 8.98857 -8.98857 9
    endloop
  endfacet
  facet normal 0.473139 -0.505157 -0.721773
    outer loop
      vertex 8.98857 -8.98857 9
      vertex 9.26594 -10.5658 10.2857
      vertex 8.38145 -9.55721 9
    endloop
  endfacet
  facet normal 0.515704 -0.550499 -0.656506
    outer loop
      vertex 10.7288 -10.7288 11.5714
      vertex 10.0042 -11.4076 11.5714
      vertex 9.93714 -9.93714 10.2857
    endloop
  endfacet
  facet normal 0.515636 -0.550528 -0.656535
    outer loop
      vertex 9.93714 -9.93714 10.2857
      vertex 10.0042 -11.4076 11.5714
      vertex 9.26594 -10.5658 10.2857
    endloop
  endfacet
  facet normal 0.539197 -0.575789 -0.6146
    outer loop
      vertex 10.7288 -10.7288 11.5714
      vertex 11.4375 -11.4375 12.8571
      vertex 10.6649 -12.161 12.8571
    endloop
  endfacet
  facet normal 0.539341 -0.575731 -0.614528
    outer loop
      vertex 10.7288 -10.7288 11.5714
      vertex 10.6649 -12.161 12.8571
      vertex 10.0042 -11.4076 11.5714
    endloop
  endfacet
  facet normal 0.575759 -0.614754 -0.539055
    outer loop
      vertex 11.4375 -11.4375 12.8571
      vertex 12.0197 -12.0197 14.1429
      vertex 11.2078 -12.7801 14.1429
    endloop
  endfacet
  facet normal 0.575705 -0.614775 -0.539087
    outer loop
      vertex 11.4375 -11.4375 12.8571
      vertex 11.2078 -12.7801 14.1429
      vertex 10.6649 -12.161 12.8571
    endloop
  endfacet
  facet normal 0.683543 -0.729825 0.0111044
    outer loop
      vertex 12.0197 -12.0197 14.1429
      vertex 11.3227 -11.3227 102.857
      vertex 10.5579 -12.039 102.857
    endloop
  endfacet
  facet normal 0.683537 -0.729831 0.0111043
    outer loop
      vertex 11.2078 -12.7801 14.1429
      vertex 12.0197 -12.0197 14.1429
      vertex 10.5579 -12.039 102.857
    endloop
  endfacet
  facet normal 0.683338 -0.7296 -0.027072
    outer loop
      vertex 11.3227 -11.3227 102.857
      vertex 11.3446 -11.3446 104
      vertex 10.6633 -11.9827 104
    endloop
  endfacet
  facet normal 0.683718 -0.729242 -0.0271282
    outer loop
      vertex 10.5579 -12.039 102.857
      vertex 10.6633 -11.9827 104
      vertex 10.5784 -12.0623 104
    endloop
  endfacet
  facet normal 0.683335 -0.729603 -0.0270751
    outer loop
      vertex 10.6633 -11.9827 104
      vertex 10.5579 -12.039 102.857
      vertex 11.3227 -11.3227 102.857
    endloop
  endfacet
  facet normal 0.381117 -0.464413 -0.799419
    outer loop
      vertex 7.36072 -8.67351 8
      vertex 8.38145 -9.55721 9
      vertex 7.73843 -10.0849 9
    endloop
  endfacet
  facet normal 0.381117 -0.464412 -0.799419
    outer loop
      vertex 8.38145 -9.55721 9
      vertex 7.36072 -8.67351 8
      vertex 7.50362 -8.55624 8
    endloop
  endfacet
  facet normal 0.381133 -0.464406 -0.799415
    outer loop
      vertex 7.36072 -8.67351 8
      vertex 7.73843 -10.0849 9
      vertex 6.92795 -9.02868 8
    endloop
  endfacet
  facet normal 0.439084 -0.535022 -0.721773
    outer loop
      vertex 9.26594 -10.5658 10.2857
      vertex 8.55507 -11.1492 10.2857
      vertex 8.38145 -9.55721 9
    endloop
  endfacet
  facet normal 0.439067 -0.535028 -0.721779
    outer loop
      vertex 8.38145 -9.55721 9
      vertex 8.55507 -11.1492 10.2857
      vertex 7.73843 -10.0849 9
    endloop
  endfacet
  facet normal 0.478473 -0.583118 -0.656534
    outer loop
      vertex 9.26594 -10.5658 10.2857
      vertex 10.0042 -11.4076 11.5714
      vertex 9.23666 -12.0374 11.5714
    endloop
  endfacet
  facet normal 0.478537 -0.583095 -0.656507
    outer loop
      vertex 9.26594 -10.5658 10.2857
      vertex 9.23666 -12.0374 11.5714
      vertex 8.55507 -11.1492 10.2857
    endloop
  endfacet
  facet normal 0.500489 -0.609806 -0.61453
    outer loop
      vertex 10.0042 -11.4076 11.5714
      vertex 10.6649 -12.161 12.8571
      vertex 9.84673 -12.8325 12.8571
    endloop
  endfacet
  facet normal 0.500397 -0.609837 -0.614575
    outer loop
      vertex 10.0042 -11.4076 11.5714
      vertex 9.84673 -12.8325 12.8571
      vertex 9.23666 -12.0374 11.5714
    endloop
  endfacet
  facet normal 0.534309 -0.651076 -0.539086
    outer loop
      vertex 10.6649 -12.161 12.8571
      vertex 11.2078 -12.7801 14.1429
      vertex 10.348 -13.4857 14.1429
    endloop
  endfacet
  facet normal 0.534349 -0.651062 -0.539063
    outer loop
      vertex 10.6649 -12.161 12.8571
      vertex 10.348 -13.4857 14.1429
      vertex 9.84673 -12.8325 12.8571
    endloop
  endfacet
  facet normal 0.63433 -0.772982 0.0111043
    outer loop
      vertex 11.2078 -12.7801 14.1429
      vertex 10.5579 -12.039 102.857
      vertex 9.74791 -12.7037 102.857
    endloop
  endfacet
  facet normal 0.634344 -0.772971 0.0111045
    outer loop
      vertex 10.348 -13.4857 14.1429
      vertex 11.2078 -12.7801 14.1429
      vertex 9.74791 -12.7037 102.857
    endloop
  endfacet
  facet normal 0.634159 -0.772727 -0.0271258
    outer loop
      vertex 10.5579 -12.039 102.857
      vertex 10.5784 -12.0623 104
      vertex 9.8568 -12.6545 104
    endloop
  endfacet
  facet normal 0.633847 -0.772984 -0.0271118
    outer loop
      vertex 9.74791 -12.7037 102.857
      vertex 9.8568 -12.6545 104
      vertex 9.7668 -12.7283 104
    endloop
  endfacet
  facet normal 0.634136 -0.772745 -0.0271496
    outer loop
      vertex 9.8568 -12.6545 104
      vertex 9.74791 -12.7037 102.857
      vertex 10.5579 -12.039 102.857
    endloop
  endfacet
  facet normal 0.34993 -0.488349 -0.799415
    outer loop
      vertex 6.77769 -9.13635 8
      vertex 7.73843 -10.0849 9
      vertex 7.06228 -10.5694 9
    endloop
  endfacet
  facet normal 0.34993 -0.488349 -0.799415
    outer loop
      vertex 7.73843 -10.0849 9
      vertex 6.77769 -9.13635 8
      vertex 6.92795 -9.02868 8
    endloop
  endfacet
  facet normal 0.349938 -0.488346 -0.799413
    outer loop
      vertex 6.77769 -9.13635 8
      vertex 7.06228 -10.5694 9
      vertex 6.32261 -9.46245 8
    endloop
  endfacet
  facet normal 0.403118 -0.562612 -0.721778
    outer loop
      vertex 8.55507 -11.1492 10.2857
      vertex 7.80756 -11.6848 10.2857
      vertex 7.73843 -10.0849 9
    endloop
  endfacet
  facet normal 0.403139 -0.562606 -0.721771
    outer loop
      vertex 7.73843 -10.0849 9
      vertex 7.80756 -11.6848 10.2857
      vertex 7.06228 -10.5694 9
    endloop
  endfacet
  facet normal 0.439405 -0.613124 -0.656507
    outer loop
      vertex 8.55507 -11.1492 10.2857
      vertex 9.23666 -12.0374 11.5714
      vertex 8.42959 -12.6158 11.5714
    endloop
  endfacet
  facet normal 0.439326 -0.613146 -0.65654
    outer loop
      vertex 8.55507 -11.1492 10.2857
      vertex 8.42959 -12.6158 11.5714
      vertex 7.80756 -11.6848 10.2857
    endloop
  endfacet
  facet normal 0.459477 -0.641233 -0.614574
    outer loop
      vertex 9.23666 -12.0374 11.5714
      vertex 9.84673 -12.8325 12.8571
      vertex 8.98636 -13.449 12.8571
    endloop
  endfacet
  facet normal 0.459539 -0.641217 -0.614544
    outer loop
      vertex 9.23666 -12.0374 11.5714
      vertex 8.98636 -13.449 12.8571
      vertex 8.42959 -12.6158 11.5714
    endloop
  endfacet
  facet normal 0.490631 -0.684612 -0.539063
    outer loop
      vertex 9.84673 -12.8325 12.8571
      vertex 10.348 -13.4857 14.1429
      vertex 9.4438 -14.1337 14.1429
    endloop
  endfacet
  facet normal 0.490571 -0.684627 -0.539097
    outer loop
      vertex 9.84673 -12.8325 12.8571
      vertex 9.4438 -14.1337 14.1429
      vertex 8.98636 -13.449 12.8571
    endloop
  endfacet
  facet normal 0.582479 -0.81277 0.0111045
    outer loop
      vertex 10.348 -13.4857 14.1429
      vertex 9.74791 -12.7037 102.857
      vertex 8.89618 -13.3141 102.857
    endloop
  endfacet
  facet normal 0.582477 -0.812771 0.0111045
    outer loop
      vertex 9.4438 -14.1337 14.1429
      vertex 10.348 -13.4857 14.1429
      vertex 8.89618 -13.3141 102.857
    endloop
  endfacet
  facet normal 0.582325 -0.812504 -0.0271109
    outer loop
      vertex 9.74791 -12.7037 102.857
      vertex 9.7668 -12.7283 104
      vertex 9.00805 -13.2721 104
    endloop
  endfacet
  facet normal 0.582202 -0.812592 -0.0271234
    outer loop
      vertex 8.89618 -13.3141 102.857
      vertex 9.00805 -13.2721 104
      vertex 8.91342 -13.3399 104
    endloop
  endfacet
  facet normal 0.5823 -0.812521 -0.0271357
    outer loop
      vertex 9.00805 -13.2721 104
      vertex 8.89618 -13.3141 102.857
      vertex 9.74791 -12.7037 102.857
    endloop
  endfacet
  facet normal 0.31727 -0.510174 -0.799414
    outer loop
      vertex 6.16563 -9.56007 8
      vertex 7.06228 -10.5694 9
      vertex 6.35588 -11.0087 9
    endloop
  endfacet
  facet normal 0.317262 -0.51018 -0.799413
    outer loop
      vertex 7.06228 -10.5694 9
      vertex 6.16563 -9.56007 8
      vertex 6.32261 -9.46245 8
    endloop
  endfacet
  facet normal 0.317249 -0.51018 -0.799418
    outer loop
      vertex 6.16563 -9.56007 8
      vertex 6.35588 -11.0087 9
      vertex 5.6902 -9.85571 8
    endloop
  endfacet
  facet normal 0.365536 -0.587732 -0.721772
    outer loop
      vertex 7.06228 -10.5694 9
      vertex 7.80756 -11.6848 10.2857
      vertex 7.02662 -12.1705 10.2857
    endloop
  endfacet
  facet normal 0.365506 -0.587739 -0.721781
    outer loop
      vertex 7.06228 -10.5694 9
      vertex 7.02662 -12.1705 10.2857
      vertex 6.35588 -11.0087 9
    endloop
  endfacet
  facet normal 0.398311 -0.64055 -0.65654
    outer loop
      vertex 7.80756 -11.6848 10.2857
      vertex 8.42959 -12.6158 11.5714
      vertex 7.58643 -13.1401 11.5714
    endloop
  endfacet
  facet normal 0.398377 -0.640536 -0.656513
    outer loop
      vertex 7.80756 -11.6848 10.2857
      vertex 7.58643 -13.1401 11.5714
      vertex 7.02662 -12.1705 10.2857
    endloop
  endfacet
  facet normal 0.416615 -0.669901 -0.614545
    outer loop
      vertex 8.42959 -12.6158 11.5714
      vertex 8.98636 -13.449 12.8571
      vertex 8.08751 -14.008 12.8571
    endloop
  endfacet
  facet normal 0.416568 -0.66991 -0.614567
    outer loop
      vertex 8.42959 -12.6158 11.5714
      vertex 8.08751 -14.008 12.8571
      vertex 7.58643 -13.1401 11.5714
    endloop
  endfacet
  facet normal 0.444712 -0.715265 -0.539097
    outer loop
      vertex 8.98636 -13.449 12.8571
      vertex 9.4438 -14.1337 14.1429
      vertex 8.4992 -14.721 14.1429
    endloop
  endfacet
  facet normal 0.444815 -0.715246 -0.539039
    outer loop
      vertex 8.98636 -13.449 12.8571
      vertex 8.4992 -14.721 14.1429
      vertex 8.08751 -14.008 12.8571
    endloop
  endfacet
  facet normal 0.528013 -0.849163 0.0111045
    outer loop
      vertex 9.4438 -14.1337 14.1429
      vertex 8.89618 -13.3141 102.857
      vertex 8.00635 -13.8674 102.857
    endloop
  endfacet
  facet normal 0.527977 -0.849186 0.011104
    outer loop
      vertex 8.4992 -14.721 14.1429
      vertex 9.4438 -14.1337 14.1429
      vertex 8.00635 -13.8674 102.857
    endloop
  endfacet
  facet normal 0.527853 -0.848902 -0.0271232
    outer loop
      vertex 8.89618 -13.3141 102.857
      vertex 8.91342 -13.3399 104
      vertex 8.12073 -13.8328 104
    endloop
  endfacet
  facet normal 0.527989 -0.848817 -0.0271411
    outer loop
      vertex 8.00635 -13.8674 102.857
      vertex 8.12073 -13.8328 104
      vertex 8.02186 -13.8943 104
    endloop
  endfacet
  facet normal 0.527852 -0.848903 -0.0271248
    outer loop
      vertex 8.12073 -13.8328 104
      vertex 8.00635 -13.8674 102.857
      vertex 8.89618 -13.3141 102.857
    endloop
  endfacet
  facet normal 0.283191 -0.529844 -0.799417
    outer loop
      vertex 5.52717 -9.94285 8
      vertex 6.35588 -11.0087 9
      vertex 5.62227 -11.4008 9
    endloop
  endfacet
  facet normal 0.2832 -0.529838 -0.799418
    outer loop
      vertex 6.35588 -11.0087 9
      vertex 5.52717 -9.94285 8
      vertex 5.6902 -9.85571 8
    endloop
  endfacet
  facet normal 0.28324 -0.529834 -0.799407
    outer loop
      vertex 5.52717 -9.94285 8
      vertex 5.62227 -11.4008 9
      vertex 5.03342 -10.2068 8
    endloop
  endfacet
  facet normal 0.326261 -0.610397 -0.721782
    outer loop
      vertex 6.35588 -11.0087 9
      vertex 7.02662 -12.1705 10.2857
      vertex 6.21559 -12.604 10.2857
    endloop
  endfacet
  facet normal 0.326246 -0.610399 -0.721787
    outer loop
      vertex 6.35588 -11.0087 9
      vertex 6.21559 -12.604 10.2857
      vertex 5.62227 -11.4008 9
    endloop
  endfacet
  facet normal 0.355558 -0.665258 -0.656513
    outer loop
      vertex 7.02662 -12.1705 10.2857
      vertex 7.58643 -13.1401 11.5714
      vertex 6.71079 -13.6081 11.5714
    endloop
  endfacet
  facet normal 0.355582 -0.665255 -0.656504
    outer loop
      vertex 7.02662 -12.1705 10.2857
      vertex 6.71079 -13.6081 11.5714
      vertex 6.21559 -12.604 10.2857
    endloop
  endfacet
  facet normal 0.371836 -0.695734 -0.614566
    outer loop
      vertex 7.58643 -13.1401 11.5714
      vertex 8.08751 -14.008 12.8571
      vertex 7.15403 -14.5069 12.8571
    endloop
  endfacet
  facet normal 0.371846 -0.695733 -0.614562
    outer loop
      vertex 7.58643 -13.1401 11.5714
      vertex 7.15403 -14.5069 12.8571
      vertex 6.71079 -13.6081 11.5714
    endloop
  endfacet
  facet normal 0.397075 -0.742811 -0.539039
    outer loop
      vertex 8.08751 -14.008 12.8571
      vertex 8.4992 -14.721 14.1429
      vertex 7.5182 -15.2454 14.1429
    endloop
  endfacet
  facet normal 0.397002 -0.742821 -0.53908
    outer loop
      vertex 8.08751 -14.008 12.8571
      vertex 7.5182 -15.2454 14.1429
      vertex 7.15403 -14.5069 12.8571
    endloop
  endfacet
  facet normal 0.471329 -0.881888 0.0111039
    outer loop
      vertex 8.4992 -14.721 14.1429
      vertex 8.00635 -13.8674 102.857
      vertex 7.08223 -14.3613 102.857
    endloop
  endfacet
  facet normal 0.471399 -0.88185 0.0111049
    outer loop
      vertex 7.5182 -15.2454 14.1429
      vertex 8.4992 -14.721 14.1429
      vertex 7.08223 -14.3613 102.857
    endloop
  endfacet
  facet normal 0.471202 -0.881608 -0.0271422
    outer loop
      vertex 8.00635 -13.8674 102.857
      vertex 8.02186 -13.8943 104
      vertex 7.19863 -14.3343 104
    endloop
  endfacet
  facet normal 0.471368 -0.881518 -0.0271796
    outer loop
      vertex 7.08223 -14.3613 102.857
      vertex 7.19863 -14.3343 104
      vertex 7.09596 -14.3892 104
    endloop
  endfacet
  facet normal 0.471184 -0.881617 -0.0271585
    outer loop
      vertex 7.19863 -14.3343 104
      vertex 7.08223 -14.3613 102.857
      vertex 8.00635 -13.8674 102.857
    endloop
  endfacet
  facet normal 0.247972 -0.547227 -0.799407
    outer loop
      vertex 5.62227 -11.4008 9
      vertex 4.86504 -10.2831 8
      vertex 5.03342 -10.2068 8
    endloop
  endfacet
  facet normal 0.247948 -0.547241 -0.799405
    outer loop
      vertex 4.86504 -10.2831 8
      vertex 5.62227 -11.4008 9
      vertex 4.86458 -11.7441 9
    endloop
  endfacet
  facet normal 0.247896 -0.547249 -0.799416
    outer loop
      vertex 4.86504 -10.2831 8
      vertex 4.86458 -11.7441 9
      vertex 4.35509 -10.5141 8
    endloop
  endfacet
  facet normal 0.28562 -0.630433 -0.721786
    outer loop
      vertex 5.62227 -11.4008 9
      vertex 6.21559 -12.604 10.2857
      vertex 5.37794 -12.9835 10.2857
    endloop
  endfacet
  facet normal 0.28564 -0.630431 -0.72178
    outer loop
      vertex 5.62227 -11.4008 9
      vertex 5.37794 -12.9835 10.2857
      vertex 4.86458 -11.7441 9
    endloop
  endfacet
  facet normal 0.311331 -0.687078 -0.656503
    outer loop
      vertex 6.21559 -12.604 10.2857
      vertex 6.71079 -13.6081 11.5714
      vertex 5.8064 -14.0179 11.5714
    endloop
  endfacet
  facet normal 0.311284 -0.687082 -0.656522
    outer loop
      vertex 6.21559 -12.604 10.2857
      vertex 5.8064 -14.0179 11.5714
      vertex 5.37794 -12.9835 10.2857
    endloop
  endfacet
  facet normal 0.325611 -0.718534 -0.614562
    outer loop
      vertex 6.71079 -13.6081 11.5714
      vertex 7.15403 -14.5069 12.8571
      vertex 6.18991 -14.9438 12.8571
    endloop
  endfacet
  facet normal 0.325585 -0.718536 -0.614574
    outer loop
      vertex 6.71079 -13.6081 11.5714
      vertex 6.18991 -14.9438 12.8571
      vertex 5.8064 -14.0179 11.5714
    endloop
  endfacet
  facet normal 0.34762 -0.767172 -0.53908
    outer loop
      vertex 7.15403 -14.5069 12.8571
      vertex 7.5182 -15.2454 14.1429
      vertex 6.505 -15.7045 14.1429
    endloop
  endfacet
  facet normal 0.34765 -0.76717 -0.539063
    outer loop
      vertex 7.15403 -14.5069 12.8571
      vertex 6.505 -15.7045 14.1429
      vertex 6.18991 -14.9438 12.8571
    endloop
  endfacet
  facet normal 0.41272 -0.91079 0.0111049
    outer loop
      vertex 7.5182 -15.2454 14.1429
      vertex 7.08223 -14.3613 102.857
      vertex 6.12779 -14.7938 102.857
    endloop
  endfacet
  facet normal 0.4127 -0.910799 0.0111047
    outer loop
      vertex 6.505 -15.7045 14.1429
      vertex 7.5182 -15.2454 14.1429
      vertex 6.12779 -14.7938 102.857
    endloop
  endfacet
  facet normal 0.412516 -0.910545 -0.0271811
    outer loop
      vertex 7.08223 -14.3613 102.857
      vertex 7.09596 -14.3892 104
      vertex 6.24571 -14.7744 104
    endloop
  endfacet
  facet normal 0.412939 -0.910354 -0.0271504
    outer loop
      vertex 6.12779 -14.7938 102.857
      vertex 6.24571 -14.7744 104
      vertex 6.13967 -14.8225 104
    endloop
  endfacet
  facet normal 0.412594 -0.910511 -0.0271121
    outer loop
      vertex 6.24571 -14.7744 104
      vertex 6.12779 -14.7938 102.857
      vertex 7.08223 -14.3613 102.857
    endloop
  endfacet
  facet normal 0.211578 -0.562291 -0.799415
    outer loop
      vertex 4.86458 -11.7441 9
      vertex 4.18208 -10.5792 8
      vertex 4.35509 -10.5141 8
    endloop
  endfacet
  facet normal 0.211614 -0.562273 -0.799418
    outer loop
      vertex 4.18208 -10.5792 8
      vertex 4.86458 -11.7441 9
      vertex 4.08606 -12.0371 9
    endloop
  endfacet
  facet normal 0.211615 -0.562272 -0.799418
    outer loop
      vertex 4.18208 -10.5792 8
      vertex 4.08606 -12.0371 9
      vertex 3.65811 -10.7764 8
    endloop
  endfacet
  facet normal 0.243776 -0.647771 -0.72178
    outer loop
      vertex 4.86458 -11.7441 9
      vertex 5.37794 -12.9835 10.2857
      vertex 4.51726 -13.3074 10.2857
    endloop
  endfacet
  facet normal 0.243792 -0.647771 -0.721775
    outer loop
      vertex 4.86458 -11.7441 9
      vertex 4.51726 -13.3074 10.2857
      vertex 4.08606 -12.0371 9
    endloop
  endfacet
  facet normal 0.265678 -0.705971 -0.656521
    outer loop
      vertex 5.37794 -12.9835 10.2857
      vertex 5.8064 -14.0179 11.5714
      vertex 4.87716 -14.3676 11.5714
    endloop
  endfacet
  facet normal 0.265678 -0.705971 -0.656521
    outer loop
      vertex 5.37794 -12.9835 10.2857
      vertex 4.87716 -14.3676 11.5714
      vertex 4.51726 -13.3074 10.2857
    endloop
  endfacet
  facet normal 0.277848 -0.738309 -0.614574
    outer loop
      vertex 5.8064 -14.0179 11.5714
      vertex 6.18991 -14.9438 12.8571
      vertex 5.19929 -15.3166 12.8571
    endloop
  endfacet
  facet normal 0.277847 -0.738309 -0.614574
    outer loop
      vertex 5.8064 -14.0179 11.5714
      vertex 5.19929 -15.3166 12.8571
      vertex 4.87716 -14.3676 11.5714
    endloop
  endfacet
  facet normal 0.296675 -0.788286 -0.539064
    outer loop
      vertex 6.18991 -14.9438 12.8571
      vertex 6.505 -15.7045 14.1429
      vertex 5.46396 -16.0963 14.1429
    endloop
  endfacet
  facet normal 0.296655 -0.788286 -0.539075
    outer loop
      vertex 6.18991 -14.9438 12.8571
      vertex 5.46396 -16.0963 14.1429
      vertex 5.19929 -15.3166 12.8571
    endloop
  endfacet
  facet normal 0.352227 -0.935849 0.0111047
    outer loop
      vertex 6.505 -15.7045 14.1429
      vertex 6.12779 -14.7938 102.857
      vertex 5.14711 -15.1629 102.857
    endloop
  endfacet
  facet normal 0.352213 -0.935854 0.0111045
    outer loop
      vertex 5.46396 -16.0963 14.1429
      vertex 6.505 -15.7045 14.1429
      vertex 5.14711 -15.1629 102.857
    endloop
  endfacet
  facet normal 0.352113 -0.935563 -0.0271512
    outer loop
      vertex 6.12779 -14.7938 102.857
      vertex 6.13967 -14.8225 104
      vertex 5.26605 -15.1513 104
    endloop
  endfacet
  facet normal 0.352048 -0.935588 -0.0271389
    outer loop
      vertex 5.14711 -15.1629 102.857
      vertex 5.26605 -15.1513 104
      vertex 5.15709 -15.1923 104
    endloop
  endfacet
  facet normal 0.352119 -0.935562 -0.0271465
    outer loop
      vertex 5.26605 -15.1513 104
      vertex 5.14711 -15.1629 102.857
      vertex 6.12779 -14.7938 102.857
    endloop
  endfacet
  facet normal 0.174508 -0.57487 -0.799419
    outer loop
      vertex 4.08606 -12.0371 9
      vertex 3.48121 -10.8301 8
      vertex 3.65811 -10.7764 8
    endloop
  endfacet
  facet normal 0.17442 -0.574908 -0.799412
    outer loop
      vertex 3.48121 -10.8301 8
      vertex 4.08606 -12.0371 9
      vertex 3.29005 -12.2786 9
    endloop
  endfacet
  facet normal 0.174377 -0.574908 -0.799421
    outer loop
      vertex 3.48121 -10.8301 8
      vertex 3.29005 -12.2786 9
      vertex 2.94546 -10.9926 8
    endloop
  endfacet
  facet normal 0.20095 -0.662314 -0.721775
    outer loop
      vertex 4.08606 -12.0371 9
      vertex 4.51726 -13.3074 10.2857
      vertex 3.63725 -13.5744 10.2857
    endloop
  endfacet
  facet normal 0.200938 -0.662313 -0.721779
    outer loop
      vertex 4.08606 -12.0371 9
      vertex 3.63725 -13.5744 10.2857
      vertex 3.29005 -12.2786 9
    endloop
  endfacet
  facet normal 0.219021 -0.72181 -0.656521
    outer loop
      vertex 4.51726 -13.3074 10.2857
      vertex 4.87716 -14.3676 11.5714
      vertex 3.92703 -14.6559 11.5714
    endloop
  endfacet
  facet normal 0.219001 -0.721809 -0.656529
    outer loop
      vertex 4.51726 -13.3074 10.2857
      vertex 3.92703 -14.6559 11.5714
      vertex 3.63725 -13.5744 10.2857
    endloop
  endfacet
  facet normal 0.229023 -0.754882 -0.614574
    outer loop
      vertex 4.87716 -14.3676 11.5714
      vertex 5.19929 -15.3166 12.8571
      vertex 4.1864 -15.6239 12.8571
    endloop
  endfacet
  facet normal 0.229056 -0.754884 -0.614559
    outer loop
      vertex 4.87716 -14.3676 11.5714
      vertex 4.1864 -15.6239 12.8571
      vertex 3.92703 -14.6559 11.5714
    endloop
  endfacet
  facet normal 0.244496 -0.80599 -0.539074
    outer loop
      vertex 5.19929 -15.3166 12.8571
      vertex 5.46396 -16.0963 14.1429
      vertex 4.39951 -16.4192 14.1429
    endloop
  endfacet
  facet normal 0.24453 -0.805993 -0.539056
    outer loop
      vertex 5.19929 -15.3166 12.8571
      vertex 4.39951 -16.4192 14.1429
      vertex 4.1864 -15.6239 12.8571
    endloop
  endfacet
  facet normal 0.290291 -0.956874 0.0111045
    outer loop
      vertex 5.46396 -16.0963 14.1429
      vertex 5.14711 -15.1629 102.857
      vertex 4.14439 -15.4671 102.857
    endloop
  endfacet
  facet normal 0.290269 -0.956881 0.0111042
    outer loop
      vertex 4.39951 -16.4192 14.1429
      vertex 5.46396 -16.0963 14.1429
      vertex 4.14439 -15.4671 102.857
    endloop
  endfacet
  facet normal 0.29021 -0.956578 -0.0271388
    outer loop
      vertex 5.14711 -15.1629 102.857
      vertex 5.15709 -15.1923 104
      vertex 4.26383 -15.4633 104
    endloop
  endfacet
  facet normal 0.29021 -0.956578 -0.0271459
    outer loop
      vertex 4.14439 -15.4671 102.857
      vertex 4.26383 -15.4633 104
      vertex 4.15242 -15.4971 104
    endloop
  endfacet
  facet normal 0.290202 -0.95658 -0.027145
    outer loop
      vertex 4.26383 -15.4633 104
      vertex 4.14439 -15.4671 102.857
      vertex 5.14711 -15.1629 102.857
    endloop
  endfacet
  facet normal 0.136499 -0.585059 -0.799421
    outer loop
      vertex 3.29005 -12.2786 9
      vertex 2.76544 -11.0346 8
      vertex 2.94546 -10.9926 8
    endloop
  endfacet
  facet normal 0.136429 -0.585083 -0.799415
    outer loop
      vertex 2.76544 -11.0346 8
      vertex 3.29005 -12.2786 9
      vertex 2.47994 -12.4675 9
    endloop
  endfacet
  facet normal 0.13639 -0.585081 -0.799423
    outer loop
      vertex 2.76544 -11.0346 8
      vertex 2.47994 -12.4675 9
      vertex 2.22021 -11.1617 8
    endloop
  endfacet
  facet normal 0.157147 -0.674047 -0.721779
    outer loop
      vertex 3.29005 -12.2786 9
      vertex 3.63725 -13.5744 10.2857
      vertex 2.74165 -13.7832 10.2857
    endloop
  endfacet
  facet normal 0.157174 -0.67405 -0.721771
    outer loop
      vertex 3.29005 -12.2786 9
      vertex 2.74165 -13.7832 10.2857
      vertex 2.47994 -12.4675 9
    endloop
  endfacet
  facet normal 0.17124 -0.734607 -0.656529
    outer loop
      vertex 3.63725 -13.5744 10.2857
      vertex 3.92703 -14.6559 11.5714
      vertex 2.96008 -14.8813 11.5714
    endloop
  endfacet
  facet normal 0.171267 -0.73461 -0.656518
    outer loop
      vertex 3.63725 -13.5744 10.2857
      vertex 2.96008 -14.8813 11.5714
      vertex 2.74165 -13.7832 10.2857
    endloop
  endfacet
  facet normal 0.179098 -0.768271 -0.614559
    outer loop
      vertex 3.92703 -14.6559 11.5714
      vertex 4.1864 -15.6239 12.8571
      vertex 3.15559 -15.8642 12.8571
    endloop
  endfacet
  facet normal 0.179087 -0.76827 -0.614565
    outer loop
      vertex 3.92703 -14.6559 11.5714
      vertex 3.15559 -15.8642 12.8571
      vertex 2.96008 -14.8813 11.5714
    endloop
  endfacet
  facet normal 0.191268 -0.820265 -0.539056
    outer loop
      vertex 4.1864 -15.6239 12.8571
      vertex 4.39951 -16.4192 14.1429
      vertex 3.31622 -16.6718 14.1429
    endloop
  endfacet
  facet normal 0.191217 -0.820258 -0.539085
    outer loop
      vertex 4.1864 -15.6239 12.8571
      vertex 3.31622 -16.6718 14.1429
      vertex 3.15559 -15.8642 12.8571
    endloop
  endfacet
  facet normal 0.227026 -0.973825 0.0111042
    outer loop
      vertex 4.39951 -16.4192 14.1429
      vertex 4.14439 -15.4671 102.857
      vertex 3.12392 -15.705 102.857
    endloop
  endfacet
  facet normal 0.227073 -0.973815 0.0111048
    outer loop
      vertex 3.31622 -16.6718 14.1429
      vertex 4.39951 -16.4192 14.1429
      vertex 3.12392 -15.705 102.857
    endloop
  endfacet
  facet normal 0.226929 -0.973533 -0.0271463
    outer loop
      vertex 4.14439 -15.4671 102.857
      vertex 4.15242 -15.4971 104
      vertex 3.24336 -15.709 104
    endloop
  endfacet
  facet normal 0.227509 -0.973396 -0.0271805
    outer loop
      vertex 3.12392 -15.705 102.857
      vertex 3.24336 -15.709 104
      vertex 3.12998 -15.7355 104
    endloop
  endfacet
  facet normal 0.226956 -0.973527 -0.0271232
    outer loop
      vertex 3.24336 -15.709 104
      vertex 3.12392 -15.705 102.857
      vertex 4.14439 -15.4671 102.857
    endloop
  endfacet
  facet normal 0.0978224 -0.592752 -0.799422
    outer loop
      vertex 2.47994 -12.4675 9
      vertex 2.03782 -11.1918 8
      vertex 2.22021 -11.1617 8
    endloop
  endfacet
  facet normal 0.0978609 -0.592741 -0.799426
    outer loop
      vertex 2.03782 -11.1918 8
      vertex 2.47994 -12.4675 9
      vertex 1.65922 -12.603 9
    endloop
  endfacet
  facet normal 0.0978638 -0.592741 -0.799425
    outer loop
      vertex 2.03782 -11.1918 8
      vertex 1.65922 -12.603 9
      vertex 1.48544 -11.283 8
    endloop
  endfacet
  facet normal 0.112745 -0.682887 -0.721771
    outer loop
      vertex 2.47994 -12.4675 9
      vertex 2.74165 -13.7832 10.2857
      vertex 1.83432 -13.933 10.2857
    endloop
  endfacet
  facet normal 0.112744 -0.682887 -0.721771
    outer loop
      vertex 2.47994 -12.4675 9
      vertex 1.83432 -13.933 10.2857
      vertex 1.65922 -12.603 9
    endloop
  endfacet
  facet normal 0.122921 -0.744227 -0.656518
    outer loop
      vertex 2.74165 -13.7832 10.2857
      vertex 2.96008 -14.8813 11.5714
      vertex 1.98046 -15.0431 11.5714
    endloop
  endfacet
  facet normal 0.12287 -0.744217 -0.656539
    outer loop
      vertex 2.74165 -13.7832 10.2857
      vertex 1.98046 -15.0431 11.5714
      vertex 1.83432 -13.933 10.2857
    endloop
  endfacet
  facet normal 0.128489 -0.778333 -0.614564
    outer loop
      vertex 2.96008 -14.8813 11.5714
      vertex 3.15559 -15.8642 12.8571
      vertex 2.11126 -16.0366 12.8571
    endloop
  endfacet
  facet normal 0.128557 -0.778347 -0.614531
    outer loop
      vertex 2.96008 -14.8813 11.5714
      vertex 2.11126 -16.0366 12.8571
      vertex 1.98046 -15.0431 11.5714
    endloop
  endfacet
  facet normal 0.137203 -0.831001 -0.539085
    outer loop
      vertex 3.15559 -15.8642 12.8571
      vertex 3.31622 -16.6718 14.1429
      vertex 2.21874 -16.853 14.1429
    endloop
  endfacet
  facet normal 0.137183 -0.830997 -0.539097
    outer loop
      vertex 3.15559 -15.8642 12.8571
      vertex 2.21874 -16.853 14.1429
      vertex 2.11126 -16.0366 12.8571
    endloop
  endfacet
  facet normal 0.162897 -0.986581 0.0111048
    outer loop
      vertex 3.31622 -16.6718 14.1429
      vertex 3.12392 -15.705 102.857
      vertex 2.09008 -15.8757 102.857
    endloop
  endfacet
  facet normal 0.16289 -0.986582 0.0111047
    outer loop
      vertex 2.21874 -16.853 14.1429
      vertex 3.31622 -16.6718 14.1429
      vertex 2.09008 -15.8757 102.857
    endloop
  endfacet
  facet normal 0.162777 -0.986288 -0.0271813
    outer loop
      vertex 3.12392 -15.705 102.857
      vertex 3.12998 -15.7355 104
      vertex 2.20899 -15.8875 104
    endloop
  endfacet
  facet normal 0.163141 -0.986229 -0.0271536
    outer loop
      vertex 2.09008 -15.8757 102.857
      vertex 2.20899 -15.8875 104
      vertex 2.09413 -15.9065 104
    endloop
  endfacet
  facet normal 0.162847 -0.986278 -0.0271236
    outer loop
      vertex 2.20899 -15.8875 104
      vertex 2.09008 -15.8757 102.857
      vertex 3.12392 -15.705 102.857
    endloop
  endfacet
  facet normal 0.059144 -0.597842 -0.799429
    outer loop
      vertex 1.65922 -12.603 9
      vertex 1.30147 -11.3012 8
      vertex 1.48544 -11.283 8
    endloop
  endfacet
  facet normal 0.0588633 -0.597901 -0.799406
    outer loop
      vertex 1.30147 -11.3012 8
      vertex 1.65922 -12.603 9
      vertex 0.831388 -12.6845 9
    endloop
  endfacet
  facet normal 0.0588064 -0.59789 -0.799418
    outer loop
      vertex 1.30147 -11.3012 8
      vertex 0.831388 -12.6845 9
      vertex 0.744313 -11.356 8
    endloop
  endfacet
  facet normal 0.0678119 -0.688802 -0.721771
    outer loop
      vertex 1.65922 -12.603 9
      vertex 1.83432 -13.933 10.2857
      vertex 0.919126 -14.0231 10.2857
    endloop
  endfacet
  facet normal 0.0678125 -0.688802 -0.721771
    outer loop
      vertex 1.65922 -12.603 9
      vertex 0.919126 -14.0231 10.2857
      vertex 0.831388 -12.6845 9
    endloop
  endfacet
  facet normal 0.0739184 -0.750662 -0.656539
    outer loop
      vertex 1.83432 -13.933 10.2857
      vertex 1.98046 -15.0431 11.5714
      vertex 0.992352 -15.1404 11.5714
    endloop
  endfacet
  facet normal 0.0739015 -0.750657 -0.656546
    outer loop
      vertex 1.83432 -13.933 10.2857
      vertex 0.992352 -15.1404 11.5714
      vertex 0.919126 -14.0231 10.2857
    endloop
  endfacet
  facet normal 0.0773641 -0.785089 -0.614533
    outer loop
      vertex 1.98046 -15.0431 11.5714
      vertex 2.11126 -16.0366 12.8571
      vertex 1.0579 -16.1404 12.8571
    endloop
  endfacet
  facet normal 0.0773069 -0.785073 -0.61456
    outer loop
      vertex 1.98046 -15.0431 11.5714
      vertex 1.0579 -16.1404 12.8571
      vertex 0.992352 -15.1404 11.5714
    endloop
  endfacet
  facet normal 0.0825326 -0.838191 -0.539096
    outer loop
      vertex 2.11126 -16.0366 12.8571
      vertex 2.21874 -16.853 14.1429
      vertex 1.11175 -16.962 14.1429
    endloop
  endfacet
  facet normal 0.0825986 -0.838209 -0.539058
    outer loop
      vertex 2.11126 -16.0366 12.8571
      vertex 1.11175 -16.962 14.1429
      vertex 1.0579 -16.1404 12.8571
    endloop
  endfacet
  facet normal 0.0980046 -0.995124 0.0111047
    outer loop
      vertex 2.21874 -16.853 14.1429
      vertex 2.09008 -15.8757 102.857
      vertex 1.04728 -15.9784 102.857
    endloop
  endfacet
  facet normal 0.0979853 -0.995126 0.0111045
    outer loop
      vertex 1.11175 -16.962 14.1429
      vertex 2.21874 -16.853 14.1429
      vertex 1.04728 -15.9784 102.857
    endloop
  endfacet
  facet normal 0.0979868 -0.994817 -0.0271542
    outer loop
      vertex 2.09008 -15.8757 102.857
      vertex 2.09413 -15.9065 104
      vertex 1.16517 -15.998 104
    endloop
  endfacet
  facet normal 0.0978856 -0.994827 -0.0271552
    outer loop
      vertex 1.04728 -15.9784 102.857
      vertex 1.16517 -15.998 104
      vertex 1.04931 -16.0094 104
    endloop
  endfacet
  facet normal 0.0979745 -0.994818 -0.0271642
    outer loop
      vertex 1.16517 -15.998 104
      vertex 1.04728 -15.9784 102.857
      vertex 2.09008 -15.8757 102.857
    endloop
  endfacet
  facet normal 0.0198246 -0.600446 -0.799419
    outer loop
      vertex 0.831388 -12.6845 9
      vertex 0.559557 -11.3621 8
      vertex 0.744313 -11.356 8
    endloop
  endfacet
  facet normal 0.0197172 -0.600462 -0.79941
    outer loop
      vertex 0.559557 -11.3621 8
      vertex 0.831388 -12.6845 9
      vertex 0 -12.7118 9
    endloop
  endfacet
  facet normal 0.0196371 -0.600441 -0.799428
    outer loop
      vertex 0 -11.3804 8
      vertex 0.559557 -11.3621 8
      vertex 0 -12.7118 9
    endloop
  endfacet
  facet normal 0.0226542 -0.691762 -0.72177
    outer loop
      vertex 0.831388 -12.6845 9
      vertex 0.919126 -14.0231 10.2857
      vertex 0 -14.0532 10.2857
    endloop
  endfacet
  facet normal 0.0227158 -0.691781 -0.72175
    outer loop
      vertex 0 -12.7118 9
      vertex 0.831388 -12.6845 9
      vertex 0 -14.0532 10.2857
    endloop
  endfacet
  facet normal 0.02469 -0.753882 -0.656546
    outer loop
      vertex 0.919126 -14.0231 10.2857
      vertex 0.992352 -15.1404 11.5714
      vertex 0 -15.1729 11.5714
    endloop
  endfacet
  facet normal 0.0246885 -0.753882 -0.656546
    outer loop
      vertex 0 -14.0532 10.2857
      vertex 0.919126 -14.0231 10.2857
      vertex 0 -15.1729 11.5714
    endloop
  endfacet
  facet normal 0.0257872 -0.788449 -0.61456
    outer loop
      vertex 0.992352 -15.1404 11.5714
      vertex 1.0579 -16.1404 12.8571
      vertex 0 -16.175 12.8571
    endloop
  endfacet
  facet normal 0.0258225 -0.788461 -0.614542
    outer loop
      vertex 0 -15.1729 11.5714
      vertex 0.992352 -15.1404 11.5714
      vertex 0 -16.175 12.8571
    endloop
  endfacet
  facet normal 0.0275621 -0.841817 -0.539058
    outer loop
      vertex 1.0579 -16.1404 12.8571
      vertex 1.11175 -16.962 14.1429
      vertex 0 -16.9984 14.1429
    endloop
  endfacet
  facet normal 0.0275324 -0.841807 -0.539076
    outer loop
      vertex 0 -16.175 12.8571
      vertex 1.0579 -16.1404 12.8571
      vertex 0 -16.9984 14.1429
    endloop
  endfacet
  facet normal 0.0327319 -0.999402 0.0111045
    outer loop
      vertex 1.11175 -16.962 14.1429
      vertex 1.04728 -15.9784 102.857
      vertex 0 -16.0127 102.857
    endloop
  endfacet
  facet normal 0.0327216 -0.999403 0.0111043
    outer loop
      vertex 1.11175 -16.962 14.1429
      vertex 0 -16.0127 102.857
      vertex 0 -16.9984 14.1429
    endloop
  endfacet
  facet normal 0.0326625 -0.999097 -0.0271551
    outer loop
      vertex 1.04728 -15.9784 102.857
      vertex 1.04931 -16.0094 104
      vertex 0.11636 -16.0399 104
    endloop
  endfacet
  facet normal 0.0326279 -0.9991 -0.0270972
    outer loop
      vertex 0 -16.0127 102.857
      vertex 0.11636 -16.0399 104
      vertex 0 -16.0437 104
    endloop
  endfacet
  facet normal 0.0327219 -0.999097 -0.0271067
    outer loop
      vertex 0.11636 -16.0399 104
      vertex 0 -16.0127 102.857
      vertex 1.04728 -15.9784 102.857
    endloop
  endfacet
  facet normal -0.0198244 -0.600439 -0.799425
    outer loop
      vertex 0 -12.7118 9
      vertex -0.184756 -11.3743 8
      vertex 0 -11.3804 8
    endloop
  endfacet
  facet normal -0.0197161 -0.600431 -0.799434
    outer loop
      vertex -0.184756 -11.3743 8
      vertex 0 -12.7118 9
      vertex -0.831388 -12.6845 9
    endloop
  endfacet
  facet normal -0.0196376 -0.600456 -0.799416
    outer loop
      vertex -0.744313 -11.356 8
      vertex -0.184756 -11.3743 8
      vertex -0.831388 -12.6845 9
    endloop
  endfacet
  facet normal -0.0226548 -0.691782 -0.721751
    outer loop
      vertex 0 -12.7118 9
      vertex 0 -14.0532 10.2857
      vertex -0.919126 -14.0231 10.2857
    endloop
  endfacet
  facet normal -0.022715 -0.691759 -0.721771
    outer loop
      vertex -0.831388 -12.6845 9
      vertex 0 -12.7118 9
      vertex -0.919126 -14.0231 10.2857
    endloop
  endfacet
  facet normal -0.02469 -0.753882 -0.656546
    outer loop
      vertex 0 -14.0532 10.2857
      vertex 0 -15.1729 11.5714
      vertex -0.992352 -15.1404 11.5714
    endloop
  endfacet
  facet normal -0.0246885 -0.753882 -0.656545
    outer loop
      vertex -0.919126 -14.0231 10.2857
      vertex 0 -14.0532 10.2857
      vertex -0.992352 -15.1404 11.5714
    endloop
  endfacet
  facet normal -0.0257877 -0.788462 -0.614543
    outer loop
      vertex 0 -15.1729 11.5714
      vertex 0 -16.175 12.8571
      vertex -1.0579 -16.1404 12.8571
    endloop
  endfacet
  facet normal -0.025822 -0.788447 -0.61456
    outer loop
      vertex -0.992352 -15.1404 11.5714
      vertex 0 -15.1729 11.5714
      vertex -1.0579 -16.1404 12.8571
    endloop
  endfacet
  facet normal -0.0275617 -0.841806 -0.539076
    outer loop
      vertex 0 -16.175 12.8571
      vertex 0 -16.9984 14.1429
      vertex -1.11175 -16.962 14.1429
    endloop
  endfacet
  facet normal -0.0275328 -0.841819 -0.539058
    outer loop
      vertex -1.0579 -16.1404 12.8571
      vertex 0 -16.175 12.8571
      vertex -1.11175 -16.962 14.1429
    endloop
  endfacet
  facet normal -0.0327319 -0.999402 0.0111043
    outer loop
      vertex 0 -16.9984 14.1429
      vertex 0 -16.0127 102.857
      vertex -1.04728 -15.9784 102.857
    endloop
  endfacet
  facet normal -0.0327216 -0.999403 0.0111045
    outer loop
      vertex 0 -16.9984 14.1429
      vertex -1.04728 -15.9784 102.857
      vertex -1.11175 -16.962 14.1429
    endloop
  endfacet
  facet normal -0.0326626 -0.999099 -0.0270972
    outer loop
      vertex 0 -16.0127 102.857
      vertex 0 -16.0437 104
      vertex -0.932949 -16.0132 104
    endloop
  endfacet
  facet normal -0.0326276 -0.999099 -0.0271551
    outer loop
      vertex -1.04728 -15.9784 102.857
      vertex -0.932949 -16.0132 104
      vertex -1.04931 -16.0094 104
    endloop
  endfacet
  facet normal -0.0327219 -0.999096 -0.0271456
    outer loop
      vertex -0.932949 -16.0132 104
      vertex -1.04728 -15.9784 102.857
      vertex 0 -16.0127 102.857
    endloop
  endfacet
  facet normal -0.0588253 -0.597889 -0.799418
    outer loop
      vertex -0.831388 -12.6845 9
      vertex -0.928278 -11.3379 8
      vertex -0.744313 -11.356 8
    endloop
  endfacet
  facet normal -0.0588622 -0.597889 -0.799415
    outer loop
      vertex -0.928278 -11.3379 8
      vertex -0.831388 -12.6845 9
      vertex -1.65922 -12.603 9
    endloop
  endfacet
  facet normal -0.0589111 -0.59787 -0.799426
    outer loop
      vertex -1.48544 -11.283 8
      vertex -0.928278 -11.3379 8
      vertex -1.65922 -12.603 9
    endloop
  endfacet
  facet normal -0.067812 -0.688802 -0.721771
    outer loop
      vertex -0.831388 -12.6845 9
      vertex -0.919126 -14.0231 10.2857
      vertex -1.83432 -13.933 10.2857
    endloop
  endfacet
  facet normal -0.0678125 -0.688802 -0.721771
    outer loop
      vertex -1.65922 -12.603 9
      vertex -0.831388 -12.6845 9
      vertex -1.83432 -13.933 10.2857
    endloop
  endfacet
  facet normal -0.0739178 -0.750656 -0.656545
    outer loop
      vertex -0.919126 -14.0231 10.2857
      vertex -0.992352 -15.1404 11.5714
      vertex -1.98046 -15.0431 11.5714
    endloop
  endfacet
  facet normal -0.0739021 -0.750663 -0.656539
    outer loop
      vertex -1.83432 -13.933 10.2857
      vertex -0.919126 -14.0231 10.2857
      vertex -1.98046 -15.0431 11.5714
    endloop
  endfacet
  facet normal -0.077362 -0.785068 -0.614559
    outer loop
      vertex -0.992352 -15.1404 11.5714
      vertex -1.0579 -16.1404 12.8571
      vertex -2.11126 -16.0366 12.8571
    endloop
  endfacet
  facet normal -0.0773091 -0.785095 -0.614532
    outer loop
      vertex -1.98046 -15.0431 11.5714
      vertex -0.992352 -15.1404 11.5714
      vertex -2.11126 -16.0366 12.8571
    endloop
  endfacet
  facet normal -0.082535 -0.838215 -0.539059
    outer loop
      vertex -1.0579 -16.1404 12.8571
      vertex -1.11175 -16.962 14.1429
      vertex -2.21874 -16.853 14.1429
    endloop
  endfacet
  facet normal -0.0825962 -0.838184 -0.539097
    outer loop
      vertex -2.11126 -16.0366 12.8571
      vertex -1.0579 -16.1404 12.8571
      vertex -2.21874 -16.853 14.1429
    endloop
  endfacet
  facet normal -0.0980046 -0.995124 0.0111045
    outer loop
      vertex -1.11175 -16.962 14.1429
      vertex -1.04728 -15.9784 102.857
      vertex -2.09008 -15.8757 102.857
    endloop
  endfacet
  facet normal -0.0979853 -0.995126 0.0111047
    outer loop
      vertex -1.11175 -16.962 14.1429
      vertex -2.09008 -15.8757 102.857
      vertex -2.21874 -16.853 14.1429
    endloop
  endfacet
  facet normal -0.0979878 -0.994817 -0.0271551
    outer loop
      vertex -1.04728 -15.9784 102.857
      vertex -1.04931 -16.0094 104
      vertex -1.97826 -15.9179 104
    endloop
  endfacet
  facet normal -0.0978773 -0.994828 -0.0271541
    outer loop
      vertex -2.09008 -15.8757 102.857
      vertex -1.97826 -15.9179 104
      vertex -2.09413 -15.9065 104
    endloop
  endfacet
  facet normal -0.0979746 -0.994819 -0.0271442
    outer loop
      vertex -1.97826 -15.9179 104
      vertex -2.09008 -15.8757 102.857
      vertex -1.04728 -15.9784 102.857
    endloop
  endfacet
  facet normal -0.0978217 -0.592747 -0.799426
    outer loop
      vertex -1.65922 -12.603 9
      vertex -1.66783 -11.2529 8
      vertex -1.48544 -11.283 8
    endloop
  endfacet
  facet normal -0.0978616 -0.592745 -0.799423
    outer loop
      vertex -1.66783 -11.2529 8
      vertex -1.65922 -12.603 9
      vertex -2.47994 -12.4675 9
    endloop
  endfacet
  facet normal -0.0978642 -0.592744 -0.799423
    outer loop
      vertex -2.22021 -11.1617 8
      vertex -1.66783 -11.2529 8
      vertex -2.47994 -12.4675 9
    endloop
  endfacet
  facet normal -0.112745 -0.682887 -0.721771
    outer loop
      vertex -1.65922 -12.603 9
      vertex -1.83432 -13.933 10.2857
      vertex -2.74165 -13.7832 10.2857
    endloop
  endfacet
  facet normal -0.112744 -0.682887 -0.721771
    outer loop
      vertex -2.47994 -12.4675 9
      vertex -1.65922 -12.603 9
      vertex -2.74165 -13.7832 10.2857
    endloop
  endfacet
  facet normal -0.122918 -0.74421 -0.656538
    outer loop
      vertex -1.83432 -13.933 10.2857
      vertex -1.98046 -15.0431 11.5714
      vertex -2.96008 -14.8813 11.5714
    endloop
  endfacet
  facet normal -0.122873 -0.744236 -0.656517
    outer loop
      vertex -2.74165 -13.7832 10.2857
      vertex -1.83432 -13.933 10.2857
      vertex -2.96008 -14.8813 11.5714
    endloop
  endfacet
  facet normal -0.128493 -0.778357 -0.614532
    outer loop
      vertex -1.98046 -15.0431 11.5714
      vertex -2.11126 -16.0366 12.8571
      vertex -3.15559 -15.8642 12.8571
    endloop
  endfacet
  facet normal -0.128552 -0.778322 -0.614565
    outer loop
      vertex -2.96008 -14.8813 11.5714
      vertex -1.98046 -15.0431 11.5714
      vertex -3.15559 -15.8642 12.8571
    endloop
  endfacet
  facet normal -0.137202 -0.830994 -0.539096
    outer loop
      vertex -2.11126 -16.0366 12.8571
      vertex -2.21874 -16.853 14.1429
      vertex -3.31622 -16.6718 14.1429
    endloop
  endfacet
  facet normal -0.137184 -0.831004 -0.539085
    outer loop
      vertex -3.15559 -15.8642 12.8571
      vertex -2.11126 -16.0366 12.8571
      vertex -3.31622 -16.6718 14.1429
    endloop
  endfacet
  facet normal -0.162897 -0.986581 0.0111047
    outer loop
      vertex -2.21874 -16.853 14.1429
      vertex -2.09008 -15.8757 102.857
      vertex -3.12392 -15.705 102.857
    endloop
  endfacet
  facet normal -0.16289 -0.986582 0.0111048
    outer loop
      vertex -2.21874 -16.853 14.1429
      vertex -3.12392 -15.705 102.857
      vertex -3.31622 -16.6718 14.1429
    endloop
  endfacet
  facet normal -0.162883 -0.986272 -0.0271538
    outer loop
      vertex -2.09008 -15.8757 102.857
      vertex -2.09413 -15.9065 104
      vertex -3.01511 -15.7544 104
    endloop
  endfacet
  facet normal -0.162291 -0.986369 -0.0271809
    outer loop
      vertex -3.12392 -15.705 102.857
      vertex -3.01511 -15.7544 104
      vertex -3.12998 -15.7355 104
    endloop
  endfacet
  facet normal -0.162847 -0.986278 -0.027124
    outer loop
      vertex -3.01511 -15.7544 104
      vertex -3.12392 -15.705 102.857
      vertex -2.09008 -15.8757 102.857
    endloop
  endfacet
  facet normal -0.136189 -0.585124 -0.799427
    outer loop
      vertex -2.47994 -12.4675 9
      vertex -2.40023 -11.1198 8
      vertex -2.22021 -11.1617 8
    endloop
  endfacet
  facet normal -0.136431 -0.585094 -0.799407
    outer loop
      vertex -2.40023 -11.1198 8
      vertex -2.47994 -12.4675 9
      vertex -3.29005 -12.2786 9
    endloop
  endfacet
  facet normal -0.136492 -0.58506 -0.799421
    outer loop
      vertex -2.94546 -10.9926 8
      vertex -2.40023 -11.1198 8
      vertex -3.29005 -12.2786 9
    endloop
  endfacet
  facet normal -0.157149 -0.674055 -0.721771
    outer loop
      vertex -2.47994 -12.4675 9
      vertex -2.74165 -13.7832 10.2857
      vertex -3.63725 -13.5744 10.2857
    endloop
  endfacet
  facet normal -0.157172 -0.674041 -0.72178
    outer loop
      vertex -3.29005 -12.2786 9
      vertex -2.47994 -12.4675 9
      vertex -3.63725 -13.5744 10.2857
    endloop
  endfacet
  facet normal -0.171242 -0.734615 -0.656518
    outer loop
      vertex -2.74165 -13.7832 10.2857
      vertex -2.96008 -14.8813 11.5714
      vertex -3.92703 -14.6559 11.5714
    endloop
  endfacet
  facet normal -0.171265 -0.734601 -0.656529
    outer loop
      vertex -3.63725 -13.5744 10.2857
      vertex -2.74165 -13.7832 10.2857
      vertex -3.92703 -14.6559 11.5714
    endloop
  endfacet
  facet normal -0.179097 -0.768268 -0.614564
    outer loop
      vertex -2.96008 -14.8813 11.5714
      vertex -3.15559 -15.8642 12.8571
      vertex -4.1864 -15.6239 12.8571
    endloop
  endfacet
  facet normal -0.179088 -0.768274 -0.614559
    outer loop
      vertex -3.92703 -14.6559 11.5714
      vertex -2.96008 -14.8813 11.5714
      vertex -4.1864 -15.6239 12.8571
    endloop
  endfacet
  facet normal -0.191264 -0.820248 -0.539084
    outer loop
      vertex -3.15559 -15.8642 12.8571
      vertex -3.31622 -16.6718 14.1429
      vertex -4.39951 -16.4192 14.1429
    endloop
  endfacet
  facet normal -0.191221 -0.820277 -0.539055
    outer loop
      vertex -4.1864 -15.6239 12.8571
      vertex -3.15559 -15.8642 12.8571
      vertex -4.39951 -16.4192 14.1429
    endloop
  endfacet
  facet normal -0.227026 -0.973825 0.0111048
    outer loop
      vertex -3.31622 -16.6718 14.1429
      vertex -3.12392 -15.705 102.857
      vertex -4.14439 -15.4671 102.857
    endloop
  endfacet
  facet normal -0.227073 -0.973815 0.0111042
    outer loop
      vertex -3.31622 -16.6718 14.1429
      vertex -4.14439 -15.4671 102.857
      vertex -4.39951 -16.4192 14.1429
    endloop
  endfacet
  facet normal -0.22703 -0.973508 -0.0271809
    outer loop
      vertex -3.12392 -15.705 102.857
      vertex -3.12998 -15.7355 104
      vertex -4.03904 -15.5235 104
    endloop
  endfacet
  facet normal -0.226695 -0.973587 -0.0271461
    outer loop
      vertex -4.14439 -15.4671 102.857
      vertex -4.03904 -15.5235 104
      vertex -4.15242 -15.4971 104
    endloop
  endfacet
  facet normal -0.226956 -0.973527 -0.0271191
    outer loop
      vertex -4.03904 -15.5235 104
      vertex -4.14439 -15.4671 102.857
      vertex -3.12392 -15.705 102.857
    endloop
  endfacet
  facet normal -0.174209 -0.574955 -0.799423
    outer loop
      vertex -3.29005 -12.2786 9
      vertex -3.12236 -10.939 8
      vertex -2.94546 -10.9926 8
    endloop
  endfacet
  facet normal -0.174422 -0.574915 -0.799405
    outer loop
      vertex -3.12236 -10.939 8
      vertex -3.29005 -12.2786 9
      vertex -4.08606 -12.0371 9
    endloop
  endfacet
  facet normal -0.174476 -0.57488 -0.799419
    outer loop
      vertex -3.65811 -10.7764 8
      vertex -3.12236 -10.939 8
      vertex -4.08606 -12.0371 9
    endloop
  endfacet
  facet normal -0.200949 -0.66231 -0.721779
    outer loop
      vertex -3.29005 -12.2786 9
      vertex -3.63725 -13.5744 10.2857
      vertex -4.51726 -13.3074 10.2857
    endloop
  endfacet
  facet normal -0.200939 -0.662317 -0.721775
    outer loop
      vertex -4.08606 -12.0371 9
      vertex -3.29005 -12.2786 9
      vertex -4.51726 -13.3074 10.2857
    endloop
  endfacet
  facet normal -0.219019 -0.721804 -0.656528
    outer loop
      vertex -3.63725 -13.5744 10.2857
      vertex -3.92703 -14.6559 11.5714
      vertex -4.87716 -14.3676 11.5714
    endloop
  endfacet
  facet normal -0.219003 -0.721816 -0.656521
    outer loop
      vertex -4.51726 -13.3074 10.2857
      vertex -3.63725 -13.5744 10.2857
      vertex -4.87716 -14.3676 11.5714
    endloop
  endfacet
  facet normal -0.229026 -0.754893 -0.614559
    outer loop
      vertex -3.92703 -14.6559 11.5714
      vertex -4.1864 -15.6239 12.8571
      vertex -5.19929 -15.3166 12.8571
    endloop
  endfacet
  facet normal -0.229053 -0.754873 -0.614575
    outer loop
      vertex -4.87716 -14.3676 11.5714
      vertex -3.92703 -14.6559 11.5714
      vertex -5.19929 -15.3166 12.8571
    endloop
  endfacet
  facet normal -0.2445 -0.806001 -0.539056
    outer loop
      vertex -4.1864 -15.6239 12.8571
      vertex -4.39951 -16.4192 14.1429
      vertex -5.46396 -16.0963 14.1429
    endloop
  endfacet
  facet normal -0.244526 -0.805981 -0.539075
    outer loop
      vertex -5.19929 -15.3166 12.8571
      vertex -4.1864 -15.6239 12.8571
      vertex -5.46396 -16.0963 14.1429
    endloop
  endfacet
  facet normal -0.290291 -0.956874 0.0111042
    outer loop
      vertex -4.39951 -16.4192 14.1429
      vertex -4.14439 -15.4671 102.857
      vertex -5.14711 -15.1629 102.857
    endloop
  endfacet
  facet normal -0.290269 -0.956881 0.0111045
    outer loop
      vertex -4.39951 -16.4192 14.1429
      vertex -5.14711 -15.1629 102.857
      vertex -5.46396 -16.0963 14.1429
    endloop
  endfacet
  facet normal -0.29021 -0.956578 -0.0271459
    outer loop
      vertex -4.14439 -15.4671 102.857
      vertex -4.15242 -15.4971 104
      vertex -5.04568 -15.2261 104
    endloop
  endfacet
  facet normal -0.29021 -0.956578 -0.0271388
    outer loop
      vertex -5.14711 -15.1629 102.857
      vertex -5.04568 -15.2261 104
      vertex -5.15709 -15.1923 104
    endloop
  endfacet
  facet normal -0.290202 -0.95658 -0.0271397
    outer loop
      vertex -5.04568 -15.2261 104
      vertex -5.14711 -15.1629 102.857
      vertex -4.14439 -15.4671 102.857
    endloop
  endfacet
  facet normal -0.211576 -0.562286 -0.799418
    outer loop
      vertex -4.08606 -12.0371 9
      vertex -3.83112 -10.7113 8
      vertex -3.65811 -10.7764 8
    endloop
  endfacet
  facet normal -0.211616 -0.562276 -0.799415
    outer loop
      vertex -3.83112 -10.7113 8
      vertex -4.08606 -12.0371 9
      vertex -4.86458 -11.7441 9
    endloop
  endfacet
  facet normal -0.211617 -0.562275 -0.799415
    outer loop
      vertex -4.35509 -10.5141 8
      vertex -3.83112 -10.7113 8
      vertex -4.86458 -11.7441 9
    endloop
  endfacet
  facet normal -0.243778 -0.647776 -0.721775
    outer loop
      vertex -4.08606 -12.0371 9
      vertex -4.51726 -13.3074 10.2857
      vertex -5.37794 -12.9835 10.2857
    endloop
  endfacet
  facet normal -0.24379 -0.647766 -0.72178
    outer loop
      vertex -4.86458 -11.7441 9
      vertex -4.08606 -12.0371 9
      vertex -5.37794 -12.9835 10.2857
    endloop
  endfacet
  facet normal -0.265678 -0.705972 -0.656521
    outer loop
      vertex -4.51726 -13.3074 10.2857
      vertex -4.87716 -14.3676 11.5714
      vertex -5.8064 -14.0179 11.5714
    endloop
  endfacet
  facet normal -0.265678 -0.705971 -0.656521
    outer loop
      vertex -5.37794 -12.9835 10.2857
      vertex -4.51726 -13.3074 10.2857
      vertex -5.8064 -14.0179 11.5714
    endloop
  endfacet
  facet normal -0.277848 -0.738309 -0.614574
    outer loop
      vertex -4.87716 -14.3676 11.5714
      vertex -5.19929 -15.3166 12.8571
      vertex -6.18991 -14.9438 12.8571
    endloop
  endfacet
  facet normal -0.277847 -0.738309 -0.614574
    outer loop
      vertex -5.8064 -14.0179 11.5714
      vertex -4.87716 -14.3676 11.5714
      vertex -6.18991 -14.9438 12.8571
    endloop
  endfacet
  facet normal -0.296672 -0.788279 -0.539074
    outer loop
      vertex -5.19929 -15.3166 12.8571
      vertex -5.46396 -16.0963 14.1429
      vertex -6.505 -15.7045 14.1429
    endloop
  endfacet
  facet normal -0.296658 -0.788292 -0.539063
    outer loop
      vertex -6.18991 -14.9438 12.8571
      vertex -5.19929 -15.3166 12.8571
      vertex -6.505 -15.7045 14.1429
    endloop
  endfacet
  facet normal -0.352227 -0.935849 0.0111045
    outer loop
      vertex -5.46396 -16.0963 14.1429
      vertex -5.14711 -15.1629 102.857
      vertex -6.12779 -14.7938 102.857
    endloop
  endfacet
  facet normal -0.352213 -0.935854 0.0111047
    outer loop
      vertex -5.46396 -16.0963 14.1429
      vertex -6.12779 -14.7938 102.857
      vertex -6.505 -15.7045 14.1429
    endloop
  endfacet
  facet normal -0.352113 -0.935564 -0.0271388
    outer loop
      vertex -5.14711 -15.1629 102.857
      vertex -5.15709 -15.1923 104
      vertex -6.03071 -14.8635 104
    endloop
  endfacet
  facet normal -0.352048 -0.935588 -0.0271511
    outer loop
      vertex -6.12779 -14.7938 102.857
      vertex -6.03071 -14.8635 104
      vertex -6.13967 -14.8225 104
    endloop
  endfacet
  facet normal -0.352119 -0.935562 -0.0271434
    outer loop
      vertex -6.03071 -14.8635 104
      vertex -6.12779 -14.7938 102.857
      vertex -5.14711 -15.1629 102.857
    endloop
  endfacet
  facet normal -0.247967 -0.547218 -0.799415
    outer loop
      vertex -4.86458 -11.7441 9
      vertex -4.52347 -10.4378 8
      vertex -4.35509 -10.5141 8
    endloop
  endfacet
  facet normal -0.247942 -0.547227 -0.799417
    outer loop
      vertex -4.52347 -10.4378 8
      vertex -4.86458 -11.7441 9
      vertex -5.62227 -11.4008 9
    endloop
  endfacet
  facet normal -0.247901 -0.547261 -0.799406
    outer loop
      vertex -5.03342 -10.2068 8
      vertex -4.52347 -10.4378 8
      vertex -5.62227 -11.4008 9
    endloop
  endfacet
  facet normal -0.285622 -0.630439 -0.72178
    outer loop
      vertex -4.86458 -11.7441 9
      vertex -5.37794 -12.9835 10.2857
      vertex -6.21559 -12.604 10.2857
    endloop
  endfacet
  facet normal -0.285638 -0.630424 -0.721787
    outer loop
      vertex -5.62227 -11.4008 9
      vertex -4.86458 -11.7441 9
      vertex -6.21559 -12.604 10.2857
    endloop
  endfacet
  facet normal -0.311325 -0.687064 -0.656521
    outer loop
      vertex -5.37794 -12.9835 10.2857
      vertex -5.8064 -14.0179 11.5714
      vertex -6.71079 -13.6081 11.5714
    endloop
  endfacet
  facet normal -0.311291 -0.687097 -0.656503
    outer loop
      vertex -6.21559 -12.604 10.2857
      vertex -5.37794 -12.9835 10.2857
      vertex -6.71079 -13.6081 11.5714
    endloop
  endfacet
  facet normal -0.325607 -0.718526 -0.614573
    outer loop
      vertex -5.8064 -14.0179 11.5714
      vertex -6.18991 -14.9438 12.8571
      vertex -7.15403 -14.5069 12.8571
    endloop
  endfacet
  facet normal -0.325589 -0.718544 -0.614562
    outer loop
      vertex -6.71079 -13.6081 11.5714
      vertex -5.8064 -14.0179 11.5714
      vertex -7.15403 -14.5069 12.8571
    endloop
  endfacet
  facet normal -0.347624 -0.767182 -0.539064
    outer loop
      vertex -6.18991 -14.9438 12.8571
      vertex -6.505 -15.7045 14.1429
      vertex -7.5182 -15.2454 14.1429
    endloop
  endfacet
  facet normal -0.347646 -0.76716 -0.539081
    outer loop
      vertex -7.15403 -14.5069 12.8571
      vertex -6.18991 -14.9438 12.8571
      vertex -7.5182 -15.2454 14.1429
    endloop
  endfacet
  facet normal -0.41272 -0.91079 0.0111046
    outer loop
      vertex -6.505 -15.7045 14.1429
      vertex -6.12779 -14.7938 102.857
      vertex -7.08223 -14.3613 102.857
    endloop
  endfacet
  facet normal -0.4127 -0.910799 0.0111049
    outer loop
      vertex -6.505 -15.7045 14.1429
      vertex -7.08223 -14.3613 102.857
      vertex -7.5182 -15.2454 14.1429
    endloop
  endfacet
  facet normal -0.412609 -0.910503 -0.0271507
    outer loop
      vertex -6.12779 -14.7938 102.857
      vertex -6.13967 -14.8225 104
      vertex -6.98991 -14.4372 104
    endloop
  endfacet
  facet normal -0.412194 -0.910691 -0.0271808
    outer loop
      vertex -7.08223 -14.3613 102.857
      vertex -6.98991 -14.4372 104
      vertex -7.09596 -14.3892 104
    endloop
  endfacet
  facet normal -0.412594 -0.910511 -0.0271366
    outer loop
      vertex -6.98991 -14.4372 104
      vertex -7.08223 -14.3613 102.857
      vertex -6.12779 -14.7938 102.857
    endloop
  endfacet
  facet normal -0.28336 -0.529773 -0.799405
    outer loop
      vertex -5.62227 -11.4008 9
      vertex -5.19645 -10.1196 8
      vertex -5.03342 -10.2068 8
    endloop
  endfacet
  facet normal -0.283189 -0.529841 -0.79942
    outer loop
      vertex -5.19645 -10.1196 8
      vertex -5.62227 -11.4008 9
      vertex -6.35588 -11.0087 9
    endloop
  endfacet
  facet normal -0.283183 -0.529848 -0.799418
    outer loop
      vertex -5.6902 -9.85571 8
      vertex -5.19645 -10.1196 8
      vertex -6.35588 -11.0087 9
    endloop
  endfacet
  facet normal -0.326259 -0.610393 -0.721786
    outer loop
      vertex -5.62227 -11.4008 9
      vertex -6.21559 -12.604 10.2857
      vertex -7.02662 -12.1705 10.2857
    endloop
  endfacet
  facet normal -0.326249 -0.610404 -0.721782
    outer loop
      vertex -6.35588 -11.0087 9
      vertex -5.62227 -11.4008 9
      vertex -7.02662 -12.1705 10.2857
    endloop
  endfacet
  facet normal -0.355562 -0.665265 -0.656504
    outer loop
      vertex -6.21559 -12.604 10.2857
      vertex -6.71079 -13.6081 11.5714
      vertex -7.58643 -13.1401 11.5714
    endloop
  endfacet
  facet normal -0.355578 -0.665247 -0.656514
    outer loop
      vertex -7.02662 -12.1705 10.2857
      vertex -6.21559 -12.604 10.2857
      vertex -7.58643 -13.1401 11.5714
    endloop
  endfacet
  facet normal -0.371838 -0.695737 -0.614562
    outer loop
      vertex -6.71079 -13.6081 11.5714
      vertex -7.15403 -14.5069 12.8571
      vertex -8.08751 -14.008 12.8571
    endloop
  endfacet
  facet normal -0.371844 -0.69573 -0.614566
    outer loop
      vertex -7.58643 -13.1401 11.5714
      vertex -6.71079 -13.6081 11.5714
      vertex -8.08751 -14.008 12.8571
    endloop
  endfacet
  facet normal -0.397063 -0.742789 -0.539079
    outer loop
      vertex -7.15403 -14.5069 12.8571
      vertex -7.5182 -15.2454 14.1429
      vertex -8.4992 -14.721 14.1429
    endloop
  endfacet
  facet normal -0.397014 -0.742844 -0.539038
    outer loop
      vertex -8.08751 -14.008 12.8571
      vertex -7.15403 -14.5069 12.8571
      vertex -8.4992 -14.721 14.1429
    endloop
  endfacet
  facet normal -0.471329 -0.881888 0.0111049
    outer loop
      vertex -7.5182 -15.2454 14.1429
      vertex -7.08223 -14.3613 102.857
      vertex -8.00635 -13.8674 102.857
    endloop
  endfacet
  facet normal -0.471399 -0.88185 0.0111039
    outer loop
      vertex -7.5182 -15.2454 14.1429
      vertex -8.00635 -13.8674 102.857
      vertex -8.4992 -14.721 14.1429
    endloop
  endfacet
  facet normal -0.471201 -0.881607 -0.0271797
    outer loop
      vertex -7.08223 -14.3613 102.857
      vertex -7.09596 -14.3892 104
      vertex -7.91919 -13.9492 104
    endloop
  endfacet
  facet normal -0.471368 -0.881519 -0.0271424
    outer loop
      vertex -8.00635 -13.8674 102.857
      vertex -7.91919 -13.9492 104
      vertex -8.02186 -13.8943 104
    endloop
  endfacet
  facet normal -0.471184 -0.881617 -0.0271635
    outer loop
      vertex -7.91919 -13.9492 104
      vertex -8.00635 -13.8674 102.857
      vertex -7.08223 -14.3613 102.857
    endloop
  endfacet
  facet normal -0.317235 -0.510188 -0.799419
    outer loop
      vertex -6.35588 -11.0087 9
      vertex -5.84718 -9.7581 8
      vertex -5.6902 -9.85571 8
    endloop
  endfacet
  facet normal -0.317269 -0.510172 -0.799416
    outer loop
      vertex -5.84718 -9.7581 8
      vertex -6.35588 -11.0087 9
      vertex -7.06228 -10.5694 9
    endloop
  endfacet
  facet normal -0.31726 -0.510181 -0.799413
    outer loop
      vertex -6.32261 -9.46245 8
      vertex -5.84718 -9.7581 8
      vertex -7.06228 -10.5694 9
    endloop
  endfacet
  facet normal -0.365531 -0.587724 -0.721781
    outer loop
      vertex -6.35588 -11.0087 9
      vertex -7.02662 -12.1705 10.2857
      vertex -7.80756 -11.6848 10.2857
    endloop
  endfacet
  facet normal -0.365512 -0.587747 -0.721772
    outer loop
      vertex -7.06228 -10.5694 9
      vertex -6.35588 -11.0087 9
      vertex -7.80756 -11.6848 10.2857
    endloop
  endfacet
  facet normal -0.398323 -0.640568 -0.656514
    outer loop
      vertex -7.02662 -12.1705 10.2857
      vertex -7.58643 -13.1401 11.5714
      vertex -8.42959 -12.6158 11.5714
    endloop
  endfacet
  facet normal -0.398364 -0.640516 -0.656541
    outer loop
      vertex -7.80756 -11.6848 10.2857
      vertex -7.02662 -12.1705 10.2857
      vertex -8.42959 -12.6158 11.5714
    endloop
  endfacet
  facet normal -0.416606 -0.669886 -0.614566
    outer loop
      vertex -7.58643 -13.1401 11.5714
      vertex -8.08751 -14.008 12.8571
      vertex -8.98636 -13.449 12.8571
    endloop
  endfacet
  facet normal -0.416578 -0.669925 -0.614544
    outer loop
      vertex -8.42959 -12.6158 11.5714
      vertex -7.58643 -13.1401 11.5714
      vertex -8.98636 -13.449 12.8571
    endloop
  endfacet
  facet normal -0.444732 -0.715297 -0.53904
    outer loop
      vertex -8.08751 -14.008 12.8571
      vertex -8.4992 -14.721 14.1429
      vertex -9.4438 -14.1337 14.1429
    endloop
  endfacet
  facet normal -0.444795 -0.715213 -0.539099
    outer loop
      vertex -8.98636 -13.449 12.8571
      vertex -8.08751 -14.008 12.8571
      vertex -9.4438 -14.1337 14.1429
    endloop
  endfacet
  facet normal -0.528013 -0.849163 0.011104
    outer loop
      vertex -8.4992 -14.721 14.1429
      vertex -8.00635 -13.8674 102.857
      vertex -8.89618 -13.3141 102.857
    endloop
  endfacet
  facet normal -0.527977 -0.849186 0.0111045
    outer loop
      vertex -8.4992 -14.721 14.1429
      vertex -8.89618 -13.3141 102.857
      vertex -9.4438 -14.1337 14.1429
    endloop
  endfacet
  facet normal -0.527853 -0.848902 -0.0271413
    outer loop
      vertex -8.00635 -13.8674 102.857
      vertex -8.02186 -13.8943 104
      vertex -8.81455 -13.4014 104
    endloop
  endfacet
  facet normal -0.527989 -0.848818 -0.0271234
    outer loop
      vertex -8.89618 -13.3141 102.857
      vertex -8.81455 -13.4014 104
      vertex -8.91342 -13.3399 104
    endloop
  endfacet
  facet normal -0.527851 -0.848903 -0.0271397
    outer loop
      vertex -8.81455 -13.4014 104
      vertex -8.89618 -13.3141 102.857
      vertex -8.00635 -13.8674 102.857
    endloop
  endfacet
  facet normal -0.349931 -0.488351 -0.799413
    outer loop
      vertex -7.06228 -10.5694 9
      vertex -6.47287 -9.35478 8
      vertex -6.32261 -9.46245 8
    endloop
  endfacet
  facet normal -0.349931 -0.488351 -0.799413
    outer loop
      vertex -6.47287 -9.35478 8
      vertex -7.06228 -10.5694 9
      vertex -7.73843 -10.0849 9
    endloop
  endfacet
  facet normal -0.349936 -0.488344 -0.799415
    outer loop
      vertex -6.92795 -9.02868 8
      vertex -6.47287 -9.35478 8
      vertex -7.73843 -10.0849 9
    endloop
  endfacet
  facet normal -0.403122 -0.562617 -0.721772
    outer loop
      vertex -7.06228 -10.5694 9
      vertex -7.80756 -11.6848 10.2857
      vertex -8.55507 -11.1492 10.2857
    endloop
  endfacet
  facet normal -0.403135 -0.5626 -0.721778
    outer loop
      vertex -7.73843 -10.0849 9
      vertex -7.06228 -10.5694 9
      vertex -8.55507 -11.1492 10.2857
    endloop
  endfacet
  facet normal -0.43939 -0.613102 -0.656538
    outer loop
      vertex -7.80756 -11.6848 10.2857
      vertex -8.42959 -12.6158 11.5714
      vertex -9.23666 -12.0374 11.5714
    endloop
  endfacet
  facet normal -0.439344 -0.61317 -0.656506
    outer loop
      vertex -8.55507 -11.1492 10.2857
      vertex -7.80756 -11.6848 10.2857
      vertex -9.23666 -12.0374 11.5714
    endloop
  endfacet
  facet normal -0.45949 -0.641251 -0.614545
    outer loop
      vertex -8.42959 -12.6158 11.5714
      vertex -8.98636 -13.449 12.8571
      vertex -9.84673 -12.8325 12.8571
    endloop
  endfacet
  facet normal -0.459525 -0.641198 -0.614575
    outer loop
      vertex -9.23666 -12.0374 11.5714
      vertex -8.42959 -12.6158 11.5714
      vertex -9.84673 -12.8325 12.8571
    endloop
  endfacet
  facet normal -0.490618 -0.684594 -0.539096
    outer loop
      vertex -8.98636 -13.449 12.8571
      vertex -9.4438 -14.1337 14.1429
      vertex -10.348 -13.4857 14.1429
    endloop
  endfacet
  facet normal -0.490584 -0.684646 -0.539062
    outer loop
      vertex -9.84673 -12.8325 12.8571
      vertex -8.98636 -13.449 12.8571
      vertex -10.348 -13.4857 14.1429
    endloop
  endfacet
  facet normal -0.582479 -0.81277 0.0111045
    outer loop
      vertex -9.4438 -14.1337 14.1429
      vertex -8.89618 -13.3141 102.857
      vertex -9.74791 -12.7037 102.857
    endloop
  endfacet
  facet normal -0.582477 -0.812771 0.0111045
    outer loop
      vertex -9.4438 -14.1337 14.1429
      vertex -9.74791 -12.7037 102.857
      vertex -10.348 -13.4857 14.1429
    endloop
  endfacet
  facet normal -0.582255 -0.812554 -0.0271233
    outer loop
      vertex -8.89618 -13.3141 102.857
      vertex -8.91342 -13.3399 104
      vertex -9.67217 -12.7962 104
    endloop
  endfacet
  facet normal -0.582769 -0.812186 -0.0271113
    outer loop
      vertex -9.74791 -12.7037 102.857
      vertex -9.67217 -12.7962 104
      vertex -9.7668 -12.7283 104
    endloop
  endfacet
  facet normal -0.5823 -0.81252 -0.0271695
    outer loop
      vertex -9.67217 -12.7962 104
      vertex -9.74791 -12.7037 102.857
      vertex -8.89618 -13.3141 102.857
    endloop
  endfacet
  facet normal -0.381136 -0.464403 -0.799415
    outer loop
      vertex -7.73843 -10.0849 9
      vertex -7.07084 -8.91141 8
      vertex -6.92795 -9.02868 8
    endloop
  endfacet
  facet normal -0.381119 -0.464415 -0.799417
    outer loop
      vertex -7.07084 -8.91141 8
      vertex -7.73843 -10.0849 9
      vertex -8.38145 -9.55721 9
    endloop
  endfacet
  facet normal -0.381125 -0.464406 -0.799419
    outer loop
      vertex -7.50362 -8.55624 8
      vertex -7.07084 -8.91141 8
      vertex -8.38145 -9.55721 9
    endloop
  endfacet
  facet normal -0.439081 -0.535018 -0.721778
    outer loop
      vertex -7.73843 -10.0849 9
      vertex -8.55507 -11.1492 10.2857
      vertex -9.26594 -10.5658 10.2857
    endloop
  endfacet
  facet normal -0.439071 -0.535033 -0.721773
    outer loop
      vertex -8.38145 -9.55721 9
      vertex -7.73843 -10.0849 9
      vertex -9.26594 -10.5658 10.2857
    endloop
  endfacet
  facet normal -0.478488 -0.583135 -0.656508
    outer loop
      vertex -8.55507 -11.1492 10.2857
      vertex -9.23666 -12.0374 11.5714
      vertex -10.0042 -11.4076 11.5714
    endloop
  endfacet
  facet normal -0.478522 -0.583077 -0.656535
    outer loop
      vertex -9.26594 -10.5658 10.2857
      vertex -8.55507 -11.1492 10.2857
      vertex -10.0042 -11.4076 11.5714
    endloop
  endfacet
  facet normal -0.500468 -0.60978 -0.614573
    outer loop
      vertex -9.23666 -12.0374 11.5714
      vertex -9.84673 -12.8325 12.8571
      vertex -10.6649 -12.161 12.8571
    endloop
  endfacet
  facet normal -0.50042 -0.609864 -0.614529
    outer loop
      vertex -10.0042 -11.4076 11.5714
      vertex -9.23666 -12.0374 11.5714
      vertex -10.6649 -12.161 12.8571
    endloop
  endfacet
  facet normal -0.534318 -0.651087 -0.539064
    outer loop
      vertex -9.84673 -12.8325 12.8571
      vertex -10.348 -13.4857 14.1429
      vertex -11.2078 -12.7801 14.1429
    endloop
  endfacet
  facet normal -0.534339 -0.65105 -0.539087
    outer loop
      vertex -10.6649 -12.161 12.8571
      vertex -9.84673 -12.8325 12.8571
      vertex -11.2078 -12.7801 14.1429
    endloop
  endfacet
  facet normal -0.63433 -0.772982 0.0111045
    outer loop
      vertex -10.348 -13.4857 14.1429
      vertex -9.74791 -12.7037 102.857
      vertex -10.5579 -12.039 102.857
    endloop
  endfacet
  facet normal -0.634344 -0.772971 0.0111043
    outer loop
      vertex -10.348 -13.4857 14.1429
      vertex -10.5579 -12.039 102.857
      vertex -11.2078 -12.7801 14.1429
    endloop
  endfacet
  facet normal -0.634095 -0.77278 -0.0271115
    outer loop
      vertex -9.74791 -12.7037 102.857
      vertex -9.7668 -12.7283 104
      vertex -10.4884 -12.1362 104
    endloop
  endfacet
  facet normal -0.634359 -0.772562 -0.027126
    outer loop
      vertex -10.5579 -12.039 102.857
      vertex -10.4884 -12.1362 104
      vertex -10.5784 -12.0623 104
    endloop
  endfacet
  facet normal -0.634136 -0.772745 -0.0271552
    outer loop
      vertex -10.4884 -12.1362 104
      vertex -10.5579 -12.039 102.857
      vertex -9.74791 -12.7037 102.857
    endloop
  endfacet
  facet normal -0.410691 -0.438477 -0.799419
    outer loop
      vertex -8.38145 -9.55721 9
      vertex -7.63854 -8.42987 8
      vertex -7.50362 -8.55624 8
    endloop
  endfacet
  facet normal -0.410688 -0.438479 -0.799419
    outer loop
      vertex -7.63854 -8.42987 8
      vertex -8.38145 -9.55721 9
      vertex -8.98857 -8.98857 9
    endloop
  endfacet
  facet normal -0.410683 -0.438487 -0.799417
    outer loop
      vertex -8.04716 -8.04716 8
      vertex -7.63854 -8.42987 8
      vertex -8.98857 -8.98857 9
    endloop
  endfacet
  facet normal -0.47314 -0.505156 -0.721773
    outer loop
      vertex -8.38145 -9.55721 9
      vertex -9.26594 -10.5658 10.2857
      vertex -9.93714 -9.93714 10.2857
    endloop
  endfacet
  facet normal -0.47314 -0.505157 -0.721772
    outer loop
      vertex -8.98857 -8.98857 9
      vertex -8.38145 -9.55721 9
      vertex -9.93714 -9.93714 10.2857
    endloop
  endfacet
  facet normal -0.515687 -0.550481 -0.656534
    outer loop
      vertex -9.26594 -10.5658 10.2857
      vertex -10.0042 -11.4076 11.5714
      vertex -10.7288 -10.7288 11.5714
    endloop
  endfacet
  facet normal -0.515654 -0.550547 -0.656505
    outer loop
      vertex -9.93714 -9.93714 10.2857
      vertex -9.26594 -10.5658 10.2857
      vertex -10.7288 -10.7288 11.5714
    endloop
  endfacet
  facet normal -0.539234 -0.575829 -0.61453
    outer loop
      vertex -10.0042 -11.4076 11.5714
      vertex -10.6649 -12.161 12.8571
      vertex -11.4375 -11.4375 12.8571
    endloop
  endfacet
  facet normal -0.539302 -0.575689 -0.614602
    outer loop
      vertex -10.7288 -10.7288 11.5714
      vertex -10.0042 -11.4076 11.5714
      vertex -11.4375 -11.4375 12.8571
    endloop
  endfacet
  facet normal -0.575745 -0.614739 -0.539086
    outer loop
      vertex -10.6649 -12.161 12.8571
      vertex -11.2078 -12.7801 14.1429
      vertex -12.0197 -12.0197 14.1429
    endloop
  endfacet
  facet normal -0.57572 -0.614791 -0.539054
    outer loop
      vertex -11.4375 -11.4375 12.8571
      vertex -10.6649 -12.161 12.8571
      vertex -12.0197 -12.0197 14.1429
    endloop
  endfacet
  facet normal -0.683543 -0.729825 0.0111043
    outer loop
      vertex -11.2078 -12.7801 14.1429
      vertex -10.5579 -12.039 102.857
      vertex -11.3227 -11.3227 102.857
    endloop
  endfacet
  facet normal -0.683537 -0.729831 0.0111044
    outer loop
      vertex -11.2078 -12.7801 14.1429
      vertex -11.3227 -11.3227 102.857
      vertex -12.0197 -12.0197 14.1429
    endloop
  endfacet
  facet normal -0.683337 -0.729599 -0.0271287
    outer loop
      vertex -10.5579 -12.039 102.857
      vertex -10.5784 -12.0623 104
      vertex -11.2597 -11.4242 104
    endloop
  endfacet
  facet normal -0.683719 -0.729243 -0.0270725
    outer loop
      vertex -11.3227 -11.3227 102.857
      vertex -11.2597 -11.4242 104
      vertex -11.3446 -11.3446 104
    endloop
  endfacet
  facet normal -0.683334 -0.729602 -0.0271256
    outer loop
      vertex -11.2597 -11.4242 104
      vertex -11.3227 -11.3227 102.857
      vertex -10.5579 -12.039 102.857
    endloop
  endfacet
  facet normal -0.438495 -0.410675 -0.799417
    outer loop
      vertex -8.98857 -8.98857 9
      vertex -8.17352 -7.91224 8
      vertex -8.04716 -8.04716 8
    endloop
  endfacet
  facet normal -0.43848 -0.410688 -0.799419
    outer loop
      vertex -8.17352 -7.91224 8
      vertex -8.98857 -8.98857 9
      vertex -9.55721 -8.38145 9
    endloop
  endfacet
  facet normal -0.43848 -0.410687 -0.799419
    outer loop
      vertex -8.55624 -7.50362 8
      vertex -8.17352 -7.91224 8
      vertex -9.55721 -8.38145 9
    endloop
  endfacet
  facet normal -0.505156 -0.47314 -0.721772
    outer loop
      vertex -8.98857 -8.98857 9
      vertex -9.93714 -9.93714 10.2857
      vertex -10.5658 -9.26594 10.2857
    endloop
  endfacet
  facet normal -0.505157 -0.473139 -0.721773
    outer loop
      vertex -9.55721 -8.38145 9
      vertex -8.98857 -8.98857 9
      vertex -10.5658 -9.26594 10.2857
    endloop
  endfacet
  facet normal -0.550499 -0.515704 -0.656506
    outer loop
      vertex -9.93714 -9.93714 10.2857
      vertex -10.7288 -10.7288 11.5714
      vertex -11.4076 -10.0042 11.5714
    endloop
  endfacet
  facet normal -0.550528 -0.515636 -0.656535
    outer loop
      vertex -10.5658 -9.26594 10.2857
      vertex -9.93714 -9.93714 10.2857
      vertex -11.4076 -10.0042 11.5714
    endloop
  endfacet
  facet normal -0.575789 -0.539197 -0.6146
    outer loop
      vertex -10.7288 -10.7288 11.5714
      vertex -11.4375 -11.4375 12.8571
      vertex -12.161 -10.6649 12.8571
    endloop
  endfacet
  facet normal -0.575731 -0.539341 -0.614528
    outer loop
      vertex -11.4076 -10.0042 11.5714
      vertex -10.7288 -10.7288 11.5714
      vertex -12.161 -10.6649 12.8571
    endloop
  endfacet
  facet normal -0.614754 -0.575759 -0.539055
    outer loop
      vertex -11.4375 -11.4375 12.8571
      vertex -12.0197 -12.0197 14.1429
      vertex -12.7801 -11.2078 14.1429
    endloop
  endfacet
  facet normal -0.614775 -0.575705 -0.539087
    outer loop
      vertex -12.161 -10.6649 12.8571
      vertex -11.4375 -11.4375 12.8571
      vertex -12.7801 -11.2078 14.1429
    endloop
  endfacet
  facet normal -0.729825 -0.683543 0.0111044
    outer loop
      vertex -12.0197 -12.0197 14.1429
      vertex -11.3227 -11.3227 102.857
      vertex -12.039 -10.5579 102.857
    endloop
  endfacet
  facet normal -0.729831 -0.683537 0.0111043
    outer loop
      vertex -12.0197 -12.0197 14.1429
      vertex -12.039 -10.5579 102.857
      vertex -12.7801 -11.2078 14.1429
    endloop
  endfacet
  facet normal -0.7296 -0.683338 -0.027072
    outer loop
      vertex -11.3227 -11.3227 102.857
      vertex -11.3446 -11.3446 104
      vertex -11.9827 -10.6633 104
    endloop
  endfacet
  facet normal -0.729242 -0.683718 -0.0271282
    outer loop
      vertex -12.039 -10.5579 102.857
      vertex -11.9827 -10.6633 104
      vertex -12.0623 -10.5784 104
    endloop
  endfacet
  facet normal -0.729603 -0.683335 -0.0270751
    outer loop
      vertex -11.9827 -10.6633 104
      vertex -12.039 -10.5579 102.857
      vertex -11.3227 -11.3227 102.857
    endloop
  endfacet
  facet normal -0.464412 -0.381117 -0.799419
    outer loop
      vertex -9.55721 -8.38145 9
      vertex -8.67351 -7.36072 8
      vertex -8.55624 -7.50362 8
    endloop
  endfacet
  facet normal -0.464413 -0.381117 -0.799419
    outer loop
      vertex -8.67351 -7.36072 8
      vertex -9.55721 -8.38145 9
      vertex -10.0849 -7.73843 9
    endloop
  endfacet
  facet normal -0.464406 -0.381133 -0.799415
    outer loop
      vertex -9.02868 -6.92795 8
      vertex -8.67351 -7.36072 8
      vertex -10.0849 -7.73843 9
    endloop
  endfacet
  facet normal -0.535022 -0.439084 -0.721773
    outer loop
      vertex -9.55721 -8.38145 9
      vertex -10.5658 -9.26594 10.2857
      vertex -11.1492 -8.55507 10.2857
    endloop
  endfacet
  facet normal -0.535028 -0.439067 -0.721779
    outer loop
      vertex -10.0849 -7.73843 9
      vertex -9.55721 -8.38145 9
      vertex -11.1492 -8.55507 10.2857
    endloop
  endfacet
  facet normal -0.583118 -0.478473 -0.656534
    outer loop
      vertex -10.5658 -9.26594 10.2857
      vertex -11.4076 -10.0042 11.5714
      vertex -12.0374 -9.23666 11.5714
    endloop
  endfacet
  facet normal -0.583095 -0.478537 -0.656507
    outer loop
      vertex -11.1492 -8.55507 10.2857
      vertex -10.5658 -9.26594 10.2857
      vertex -12.0374 -9.23666 11.5714
    endloop
  endfacet
  facet normal -0.609806 -0.500489 -0.61453
    outer loop
      vertex -11.4076 -10.0042 11.5714
      vertex -12.161 -10.6649 12.8571
      vertex -12.8325 -9.84673 12.8571
    endloop
  endfacet
  facet normal -0.609837 -0.500397 -0.614575
    outer loop
      vertex -12.0374 -9.23666 11.5714
      vertex -11.4076 -10.0042 11.5714
      vertex -12.8325 -9.84673 12.8571
    endloop
  endfacet
  facet normal -0.651076 -0.534309 -0.539086
    outer loop
      vertex -12.161 -10.6649 12.8571
      vertex -12.7801 -11.2078 14.1429
      vertex -13.4857 -10.348 14.1429
    endloop
  endfacet
  facet normal -0.651062 -0.534349 -0.539063
    outer loop
      vertex -12.8325 -9.84673 12.8571
      vertex -12.161 -10.6649 12.8571
      vertex -13.4857 -10.348 14.1429
    endloop
  endfacet
  facet normal -0.772982 -0.63433 0.0111043
    outer loop
      vertex -12.039 -10.5579 102.857
      vertex -12.7037 -9.74791 102.857
      vertex -12.7801 -11.2078 14.1429
    endloop
  endfacet
  facet normal -0.772971 -0.634344 0.0111045
    outer loop
      vertex -12.7801 -11.2078 14.1429
      vertex -12.7037 -9.74791 102.857
      vertex -13.4857 -10.348 14.1429
    endloop
  endfacet
  facet normal -0.772727 -0.634159 -0.0271258
    outer loop
      vertex -12.039 -10.5579 102.857
      vertex -12.0623 -10.5784 104
      vertex -12.6545 -9.8568 104
    endloop
  endfacet
  facet normal -0.772984 -0.633847 -0.0271118
    outer loop
      vertex -12.7037 -9.74791 102.857
      vertex -12.6545 -9.8568 104
      vertex -12.7283 -9.7668 104
    endloop
  endfacet
  facet normal -0.772745 -0.634136 -0.0271496
    outer loop
      vertex -12.6545 -9.8568 104
      vertex -12.7037 -9.74791 102.857
      vertex -12.039 -10.5579 102.857
    endloop
  endfacet
  facet normal -0.488349 -0.34993 -0.799415
    outer loop
      vertex -10.0849 -7.73843 9
      vertex -9.13635 -6.77769 8
      vertex -9.02868 -6.92795 8
    endloop
  endfacet
  facet normal -0.488349 -0.34993 -0.799415
    outer loop
      vertex -9.13635 -6.77769 8
      vertex -10.0849 -7.73843 9
      vertex -10.5694 -7.06228 9
    endloop
  endfacet
  facet normal -0.488346 -0.349938 -0.799413
    outer loop
      vertex -9.46245 -6.32261 8
      vertex -9.13635 -6.77769 8
      vertex -10.5694 -7.06228 9
    endloop
  endfacet
  facet normal -0.562612 -0.403118 -0.721778
    outer loop
      vertex -10.0849 -7.73843 9
      vertex -11.1492 -8.55507 10.2857
      vertex -11.6848 -7.80756 10.2857
    endloop
  endfacet
  facet normal -0.562606 -0.403139 -0.721771
    outer loop
      vertex -10.5694 -7.06228 9
      vertex -10.0849 -7.73843 9
      vertex -11.6848 -7.80756 10.2857
    endloop
  endfacet
  facet normal -0.613124 -0.439405 -0.656507
    outer loop
      vertex -11.1492 -8.55507 10.2857
      vertex -12.0374 -9.23666 11.5714
      vertex -12.6158 -8.42959 11.5714
    endloop
  endfacet
  facet normal -0.613146 -0.439326 -0.65654
    outer loop
      vertex -11.6848 -7.80756 10.2857
      vertex -11.1492 -8.55507 10.2857
      vertex -12.6158 -8.42959 11.5714
    endloop
  endfacet
  facet normal -0.641233 -0.459477 -0.614574
    outer loop
      vertex -12.0374 -9.23666 11.5714
      vertex -12.8325 -9.84673 12.8571
      vertex -13.449 -8.98636 12.8571
    endloop
  endfacet
  facet normal -0.641217 -0.459539 -0.614544
    outer loop
      vertex -12.6158 -8.42959 11.5714
      vertex -12.0374 -9.23666 11.5714
      vertex -13.449 -8.98636 12.8571
    endloop
  endfacet
  facet normal -0.684612 -0.490631 -0.539063
    outer loop
      vertex -12.8325 -9.84673 12.8571
      vertex -13.4857 -10.348 14.1429
      vertex -14.1337 -9.4438 14.1429
    endloop
  endfacet
  facet normal -0.684627 -0.490571 -0.539097
    outer loop
      vertex -13.449 -8.98636 12.8571
      vertex -12.8325 -9.84673 12.8571
      vertex -14.1337 -9.4438 14.1429
    endloop
  endfacet
  facet normal -0.81277 -0.582479 0.0111045
    outer loop
      vertex -12.7037 -9.74791 102.857
      vertex -13.3141 -8.89618 102.857
      vertex -13.4857 -10.348 14.1429
    endloop
  endfacet
  facet normal -0.812771 -0.582477 0.0111045
    outer loop
      vertex -13.4857 -10.348 14.1429
      vertex -13.3141 -8.89618 102.857
      vertex -14.1337 -9.4438 14.1429
    endloop
  endfacet
  facet normal -0.812504 -0.582325 -0.0271109
    outer loop
      vertex -12.7037 -9.74791 102.857
      vertex -12.7283 -9.7668 104
      vertex -13.2721 -9.00805 104
    endloop
  endfacet
  facet normal -0.812592 -0.582202 -0.0271234
    outer loop
      vertex -13.3141 -8.89618 102.857
      vertex -13.2721 -9.00805 104
      vertex -13.3399 -8.91342 104
    endloop
  endfacet
  facet normal -0.812521 -0.5823 -0.0271357
    outer loop
      vertex -13.2721 -9.00805 104
      vertex -13.3141 -8.89618 102.857
      vertex -12.7037 -9.74791 102.857
    endloop
  endfacet
  facet normal -0.51018 -0.317262 -0.799413
    outer loop
      vertex -10.5694 -7.06228 9
      vertex -9.56007 -6.16563 8
      vertex -9.46245 -6.32261 8
    endloop
  endfacet
  facet normal -0.510174 -0.31727 -0.799414
    outer loop
      vertex -9.56007 -6.16563 8
      vertex -10.5694 -7.06228 9
      vertex -11.0087 -6.35588 9
    endloop
  endfacet
  facet normal -0.51018 -0.317249 -0.799418
    outer loop
      vertex -9.85571 -5.6902 8
      vertex -9.56007 -6.16563 8
      vertex -11.0087 -6.35588 9
    endloop
  endfacet
  facet normal -0.587732 -0.365536 -0.721772
    outer loop
      vertex -10.5694 -7.06228 9
      vertex -11.6848 -7.80756 10.2857
      vertex -12.1705 -7.02662 10.2857
    endloop
  endfacet
  facet normal -0.587739 -0.365506 -0.721781
    outer loop
      vertex -11.0087 -6.35588 9
      vertex -10.5694 -7.06228 9
      vertex -12.1705 -7.02662 10.2857
    endloop
  endfacet
  facet normal -0.64055 -0.398311 -0.65654
    outer loop
      vertex -11.6848 -7.80756 10.2857
      vertex -12.6158 -8.42959 11.5714
      vertex -13.1401 -7.58643 11.5714
    endloop
  endfacet
  facet normal -0.640536 -0.398377 -0.656513
    outer loop
      vertex -12.1705 -7.02662 10.2857
      vertex -11.6848 -7.80756 10.2857
      vertex -13.1401 -7.58643 11.5714
    endloop
  endfacet
  facet normal -0.669901 -0.416615 -0.614545
    outer loop
      vertex -12.6158 -8.42959 11.5714
      vertex -13.449 -8.98636 12.8571
      vertex -14.008 -8.08751 12.8571
    endloop
  endfacet
  facet normal -0.66991 -0.416568 -0.614567
    outer loop
      vertex -13.1401 -7.58643 11.5714
      vertex -12.6158 -8.42959 11.5714
      vertex -14.008 -8.08751 12.8571
    endloop
  endfacet
  facet normal -0.715265 -0.444712 -0.539097
    outer loop
      vertex -13.449 -8.98636 12.8571
      vertex -14.1337 -9.4438 14.1429
      vertex -14.721 -8.4992 14.1429
    endloop
  endfacet
  facet normal -0.715246 -0.444815 -0.539039
    outer loop
      vertex -14.008 -8.08751 12.8571
      vertex -13.449 -8.98636 12.8571
      vertex -14.721 -8.4992 14.1429
    endloop
  endfacet
  facet normal -0.849163 -0.528013 0.0111045
    outer loop
      vertex -13.3141 -8.89618 102.857
      vertex -13.8674 -8.00635 102.857
      vertex -14.1337 -9.4438 14.1429
    endloop
  endfacet
  facet normal -0.849186 -0.527977 0.011104
    outer loop
      vertex -14.1337 -9.4438 14.1429
      vertex -13.8674 -8.00635 102.857
      vertex -14.721 -8.4992 14.1429
    endloop
  endfacet
  facet normal -0.848902 -0.527853 -0.0271232
    outer loop
      vertex -13.3141 -8.89618 102.857
      vertex -13.3399 -8.91342 104
      vertex -13.8328 -8.12073 104
    endloop
  endfacet
  facet normal -0.848817 -0.527989 -0.0271411
    outer loop
      vertex -13.8674 -8.00635 102.857
      vertex -13.8328 -8.12073 104
      vertex -13.8943 -8.02186 104
    endloop
  endfacet
  facet normal -0.848903 -0.527852 -0.0271248
    outer loop
      vertex -13.8328 -8.12073 104
      vertex -13.8674 -8.00635 102.857
      vertex -13.3141 -8.89618 102.857
    endloop
  endfacet
  facet normal -0.529838 -0.2832 -0.799418
    outer loop
      vertex -11.0087 -6.35588 9
      vertex -9.94285 -5.52717 8
      vertex -9.85571 -5.6902 8
    endloop
  endfacet
  facet normal -0.529844 -0.283191 -0.799417
    outer loop
      vertex -9.94285 -5.52717 8
      vertex -11.0087 -6.35588 9
      vertex -11.4008 -5.62227 9
    endloop
  endfacet
  facet normal -0.529834 -0.28324 -0.799407
    outer loop
      vertex -10.2068 -5.03342 8
      vertex -9.94285 -5.52717 8
      vertex -11.4008 -5.62227 9
    endloop
  endfacet
  facet normal -0.610397 -0.326261 -0.721782
    outer loop
      vertex -11.0087 -6.35588 9
      vertex -12.1705 -7.02662 10.2857
      vertex -12.604 -6.21559 10.2857
    endloop
  endfacet
  facet normal -0.610399 -0.326246 -0.721787
    outer loop
      vertex -11.4008 -5.62227 9
      vertex -11.0087 -6.35588 9
      vertex -12.604 -6.21559 10.2857
    endloop
  endfacet
  facet normal -0.665258 -0.355558 -0.656513
    outer loop
      vertex -12.1705 -7.02662 10.2857
      vertex -13.1401 -7.58643 11.5714
      vertex -13.6081 -6.71079 11.5714
    endloop
  endfacet
  facet normal -0.665255 -0.355582 -0.656504
    outer loop
      vertex -12.604 -6.21559 10.2857
      vertex -12.1705 -7.02662 10.2857
      vertex -13.6081 -6.71079 11.5714
    endloop
  endfacet
  facet normal -0.695734 -0.371836 -0.614566
    outer loop
      vertex -13.1401 -7.58643 11.5714
      vertex -14.008 -8.08751 12.8571
      vertex -14.5069 -7.15403 12.8571
    endloop
  endfacet
  facet normal -0.695733 -0.371846 -0.614562
    outer loop
      vertex -13.6081 -6.71079 11.5714
      vertex -13.1401 -7.58643 11.5714
      vertex -14.5069 -7.15403 12.8571
    endloop
  endfacet
  facet normal -0.742811 -0.397075 -0.539039
    outer loop
      vertex -14.008 -8.08751 12.8571
      vertex -14.721 -8.4992 14.1429
      vertex -15.2454 -7.5182 14.1429
    endloop
  endfacet
  facet normal -0.742821 -0.397002 -0.53908
    outer loop
      vertex -14.5069 -7.15403 12.8571
      vertex -14.008 -8.08751 12.8571
      vertex -15.2454 -7.5182 14.1429
    endloop
  endfacet
  facet normal -0.881888 -0.471329 0.0111039
    outer loop
      vertex -13.8674 -8.00635 102.857
      vertex -14.3613 -7.08223 102.857
      vertex -14.721 -8.4992 14.1429
    endloop
  endfacet
  facet normal -0.88185 -0.471399 0.0111049
    outer loop
      vertex -14.721 -8.4992 14.1429
      vertex -14.3613 -7.08223 102.857
      vertex -15.2454 -7.5182 14.1429
    endloop
  endfacet
  facet normal -0.881608 -0.471202 -0.0271422
    outer loop
      vertex -13.8674 -8.00635 102.857
      vertex -13.8943 -8.02186 104
      vertex -14.3343 -7.19863 104
    endloop
  endfacet
  facet normal -0.881518 -0.471368 -0.0271796
    outer loop
      vertex -14.3613 -7.08223 102.857
      vertex -14.3343 -7.19863 104
      vertex -14.3892 -7.09596 104
    endloop
  endfacet
  facet normal -0.881617 -0.471184 -0.0271585
    outer loop
      vertex -14.3343 -7.19863 104
      vertex -14.3613 -7.08223 102.857
      vertex -13.8674 -8.00635 102.857
    endloop
  endfacet
  facet normal -0.547227 -0.247972 -0.799407
    outer loop
      vertex -11.4008 -5.62227 9
      vertex -10.2831 -4.86504 8
      vertex -10.2068 -5.03342 8
    endloop
  endfacet
  facet normal -0.547241 -0.247948 -0.799405
    outer loop
      vertex -10.2831 -4.86504 8
      vertex -11.4008 -5.62227 9
      vertex -11.7441 -4.86458 9
    endloop
  endfacet
  facet normal -0.547249 -0.247896 -0.799416
    outer loop
      vertex -10.5141 -4.35509 8
      vertex -10.2831 -4.86504 8
      vertex -11.7441 -4.86458 9
    endloop
  endfacet
  facet normal -0.630433 -0.28562 -0.721786
    outer loop
      vertex -11.4008 -5.62227 9
      vertex -12.604 -6.21559 10.2857
      vertex -12.9835 -5.37794 10.2857
    endloop
  endfacet
  facet normal -0.630431 -0.28564 -0.72178
    outer loop
      vertex -11.7441 -4.86458 9
      vertex -11.4008 -5.62227 9
      vertex -12.9835 -5.37794 10.2857
    endloop
  endfacet
  facet normal -0.687078 -0.311331 -0.656503
    outer loop
      vertex -12.604 -6.21559 10.2857
      vertex -13.6081 -6.71079 11.5714
      vertex -14.0179 -5.8064 11.5714
    endloop
  endfacet
  facet normal -0.687082 -0.311284 -0.656522
    outer loop
      vertex -12.9835 -5.37794 10.2857
      vertex -12.604 -6.21559 10.2857
      vertex -14.0179 -5.8064 11.5714
    endloop
  endfacet
  facet normal -0.718534 -0.325611 -0.614562
    outer loop
      vertex -13.6081 -6.71079 11.5714
      vertex -14.5069 -7.15403 12.8571
      vertex -14.9438 -6.18991 12.8571
    endloop
  endfacet
  facet normal -0.718536 -0.325585 -0.614574
    outer loop
      vertex -14.0179 -5.8064 11.5714
      vertex -13.6081 -6.71079 11.5714
      vertex -14.9438 -6.18991 12.8571
    endloop
  endfacet
  facet normal -0.767172 -0.34762 -0.53908
    outer loop
      vertex -14.5069 -7.15403 12.8571
      vertex -15.2454 -7.5182 14.1429
      vertex -15.7045 -6.505 14.1429
    endloop
  endfacet
  facet normal -0.76717 -0.34765 -0.539063
    outer loop
      vertex -14.9438 -6.18991 12.8571
      vertex -14.5069 -7.15403 12.8571
      vertex -15.7045 -6.505 14.1429
    endloop
  endfacet
  facet normal -0.91079 -0.41272 0.0111049
    outer loop
      vertex -14.3613 -7.08223 102.857
      vertex -14.7938 -6.12779 102.857
      vertex -15.2454 -7.5182 14.1429
    endloop
  endfacet
  facet normal -0.910799 -0.4127 0.0111047
    outer loop
      vertex -15.2454 -7.5182 14.1429
      vertex -14.7938 -6.12779 102.857
      vertex -15.7045 -6.505 14.1429
    endloop
  endfacet
  facet normal -0.910545 -0.412516 -0.0271811
    outer loop
      vertex -14.3613 -7.08223 102.857
      vertex -14.3892 -7.09596 104
      vertex -14.7744 -6.24571 104
    endloop
  endfacet
  facet normal -0.910354 -0.412939 -0.0271504
    outer loop
      vertex -14.7938 -6.12779 102.857
      vertex -14.7744 -6.24571 104
      vertex -14.8225 -6.13967 104
    endloop
  endfacet
  facet normal -0.910511 -0.412594 -0.0271121
    outer loop
      vertex -14.7744 -6.24571 104
      vertex -14.7938 -6.12779 102.857
      vertex -14.3613 -7.08223 102.857
    endloop
  endfacet
  facet normal -0.562291 -0.211578 -0.799415
    outer loop
      vertex -11.7441 -4.86458 9
      vertex -10.5792 -4.18208 8
      vertex -10.5141 -4.35509 8
    endloop
  endfacet
  facet normal -0.562273 -0.211614 -0.799418
    outer loop
      vertex -10.5792 -4.18208 8
      vertex -11.7441 -4.86458 9
      vertex -12.0371 -4.08606 9
    endloop
  endfacet
  facet normal -0.562272 -0.211615 -0.799418
    outer loop
      vertex -10.7764 -3.65811 8
      vertex -10.5792 -4.18208 8
      vertex -12.0371 -4.08606 9
    endloop
  endfacet
  facet normal -0.647771 -0.243776 -0.72178
    outer loop
      vertex -11.7441 -4.86458 9
      vertex -12.9835 -5.37794 10.2857
      vertex -13.3074 -4.51726 10.2857
    endloop
  endfacet
  facet normal -0.647771 -0.243792 -0.721775
    outer loop
      vertex -12.0371 -4.08606 9
      vertex -11.7441 -4.86458 9
      vertex -13.3074 -4.51726 10.2857
    endloop
  endfacet
  facet normal -0.705971 -0.265678 -0.656521
    outer loop
      vertex -12.9835 -5.37794 10.2857
      vertex -14.0179 -5.8064 11.5714
      vertex -14.3676 -4.87716 11.5714
    endloop
  endfacet
  facet normal -0.705971 -0.265678 -0.656521
    outer loop
      vertex -13.3074 -4.51726 10.2857
      vertex -12.9835 -5.37794 10.2857
      vertex -14.3676 -4.87716 11.5714
    endloop
  endfacet
  facet normal -0.738309 -0.277848 -0.614574
    outer loop
      vertex -14.0179 -5.8064 11.5714
      vertex -14.9438 -6.18991 12.8571
      vertex -15.3166 -5.19929 12.8571
    endloop
  endfacet
  facet normal -0.738309 -0.277847 -0.614574
    outer loop
      vertex -14.3676 -4.87716 11.5714
      vertex -14.0179 -5.8064 11.5714
      vertex -15.3166 -5.19929 12.8571
    endloop
  endfacet
  facet normal -0.788286 -0.296675 -0.539064
    outer loop
      vertex -14.9438 -6.18991 12.8571
      vertex -15.7045 -6.505 14.1429
      vertex -16.0963 -5.46396 14.1429
    endloop
  endfacet
  facet normal -0.788286 -0.296655 -0.539075
    outer loop
      vertex -15.3166 -5.19929 12.8571
      vertex -14.9438 -6.18991 12.8571
      vertex -16.0963 -5.46396 14.1429
    endloop
  endfacet
  facet normal -0.935849 -0.352227 0.0111047
    outer loop
      vertex -14.7938 -6.12779 102.857
      vertex -15.1629 -5.14711 102.857
      vertex -15.7045 -6.505 14.1429
    endloop
  endfacet
  facet normal -0.935854 -0.352213 0.0111045
    outer loop
      vertex -15.7045 -6.505 14.1429
      vertex -15.1629 -5.14711 102.857
      vertex -16.0963 -5.46396 14.1429
    endloop
  endfacet
  facet normal -0.935563 -0.352113 -0.0271512
    outer loop
      vertex -14.7938 -6.12779 102.857
      vertex -14.8225 -6.13967 104
      vertex -15.1513 -5.26605 104
    endloop
  endfacet
  facet normal -0.935588 -0.352048 -0.0271389
    outer loop
      vertex -15.1629 -5.14711 102.857
      vertex -15.1513 -5.26605 104
      vertex -15.1923 -5.15709 104
    endloop
  endfacet
  facet normal -0.935562 -0.352119 -0.0271465
    outer loop
      vertex -15.1513 -5.26605 104
      vertex -15.1629 -5.14711 102.857
      vertex -14.7938 -6.12779 102.857
    endloop
  endfacet
  facet normal -0.57487 -0.174508 -0.799419
    outer loop
      vertex -12.0371 -4.08606 9
      vertex -10.8301 -3.48121 8
      vertex -10.7764 -3.65811 8
    endloop
  endfacet
  facet normal -0.574908 -0.17442 -0.799412
    outer loop
      vertex -10.8301 -3.48121 8
      vertex -12.0371 -4.08606 9
      vertex -12.2786 -3.29005 9
    endloop
  endfacet
  facet normal -0.574908 -0.174377 -0.799421
    outer loop
      vertex -10.9926 -2.94546 8
      vertex -10.8301 -3.48121 8
      vertex -12.2786 -3.29005 9
    endloop
  endfacet
  facet normal -0.662314 -0.20095 -0.721775
    outer loop
      vertex -12.0371 -4.08606 9
      vertex -13.3074 -4.51726 10.2857
      vertex -13.5744 -3.63725 10.2857
    endloop
  endfacet
  facet normal -0.662313 -0.200938 -0.721779
    outer loop
      vertex -12.2786 -3.29005 9
      vertex -12.0371 -4.08606 9
      vertex -13.5744 -3.63725 10.2857
    endloop
  endfacet
  facet normal -0.72181 -0.219021 -0.656521
    outer loop
      vertex -13.3074 -4.51726 10.2857
      vertex -14.3676 -4.87716 11.5714
      vertex -14.6559 -3.92703 11.5714
    endloop
  endfacet
  facet normal -0.721809 -0.219001 -0.656529
    outer loop
      vertex -13.5744 -3.63725 10.2857
      vertex -13.3074 -4.51726 10.2857
      vertex -14.6559 -3.92703 11.5714
    endloop
  endfacet
  facet normal -0.754882 -0.229023 -0.614574
    outer loop
      vertex -14.3676 -4.87716 11.5714
      vertex -15.3166 -5.19929 12.8571
      vertex -15.6239 -4.1864 12.8571
    endloop
  endfacet
  facet normal -0.754884 -0.229056 -0.614559
    outer loop
      vertex -14.6559 -3.92703 11.5714
      vertex -14.3676 -4.87716 11.5714
      vertex -15.6239 -4.1864 12.8571
    endloop
  endfacet
  facet normal -0.80599 -0.244496 -0.539074
    outer loop
      vertex -15.3166 -5.19929 12.8571
      vertex -16.0963 -5.46396 14.1429
      vertex -16.4192 -4.39951 14.1429
    endloop
  endfacet
  facet normal -0.805993 -0.24453 -0.539056
    outer loop
      vertex -15.6239 -4.1864 12.8571
      vertex -15.3166 -5.19929 12.8571
      vertex -16.4192 -4.39951 14.1429
    endloop
  endfacet
  facet normal -0.956874 -0.290291 0.0111045
    outer loop
      vertex -15.1629 -5.14711 102.857
      vertex -15.4671 -4.14439 102.857
      vertex -16.0963 -5.46396 14.1429
    endloop
  endfacet
  facet normal -0.956881 -0.290269 0.0111042
    outer loop
      vertex -16.0963 -5.46396 14.1429
      vertex -15.4671 -4.14439 102.857
      vertex -16.4192 -4.39951 14.1429
    endloop
  endfacet
  facet normal -0.956578 -0.29021 -0.0271388
    outer loop
      vertex -15.1629 -5.14711 102.857
      vertex -15.1923 -5.15709 104
      vertex -15.4633 -4.26383 104
    endloop
  endfacet
  facet normal -0.956578 -0.29021 -0.0271459
    outer loop
      vertex -15.4671 -4.14439 102.857
      vertex -15.4633 -4.26383 104
      vertex -15.4971 -4.15242 104
    endloop
  endfacet
  facet normal -0.95658 -0.290202 -0.027145
    outer loop
      vertex -15.4633 -4.26383 104
      vertex -15.4671 -4.14439 102.857
      vertex -15.1629 -5.14711 102.857
    endloop
  endfacet
  facet normal -0.585059 -0.136499 -0.799421
    outer loop
      vertex -12.2786 -3.29005 9
      vertex -11.0346 -2.76544 8
      vertex -10.9926 -2.94546 8
    endloop
  endfacet
  facet normal -0.585083 -0.136429 -0.799415
    outer loop
      vertex -11.0346 -2.76544 8
      vertex -12.2786 -3.29005 9
      vertex -12.4675 -2.47994 9
    endloop
  endfacet
  facet normal -0.585081 -0.13639 -0.799423
    outer loop
      vertex -11.1617 -2.22021 8
      vertex -11.0346 -2.76544 8
      vertex -12.4675 -2.47994 9
    endloop
  endfacet
  facet normal -0.674047 -0.157147 -0.721779
    outer loop
      vertex -12.2786 -3.29005 9
      vertex -13.5744 -3.63725 10.2857
      vertex -13.7832 -2.74165 10.2857
    endloop
  endfacet
  facet normal -0.67405 -0.157174 -0.721771
    outer loop
      vertex -12.4675 -2.47994 9
      vertex -12.2786 -3.29005 9
      vertex -13.7832 -2.74165 10.2857
    endloop
  endfacet
  facet normal -0.734607 -0.17124 -0.656529
    outer loop
      vertex -13.5744 -3.63725 10.2857
      vertex -14.6559 -3.92703 11.5714
      vertex -14.8813 -2.96008 11.5714
    endloop
  endfacet
  facet normal -0.73461 -0.171267 -0.656518
    outer loop
      vertex -13.7832 -2.74165 10.2857
      vertex -13.5744 -3.63725 10.2857
      vertex -14.8813 -2.96008 11.5714
    endloop
  endfacet
  facet normal -0.768271 -0.179098 -0.614559
    outer loop
      vertex -14.6559 -3.92703 11.5714
      vertex -15.6239 -4.1864 12.8571
      vertex -15.8642 -3.15559 12.8571
    endloop
  endfacet
  facet normal -0.76827 -0.179087 -0.614565
    outer loop
      vertex -14.8813 -2.96008 11.5714
      vertex -14.6559 -3.92703 11.5714
      vertex -15.8642 -3.15559 12.8571
    endloop
  endfacet
  facet normal -0.820265 -0.191268 -0.539056
    outer loop
      vertex -15.6239 -4.1864 12.8571
      vertex -16.4192 -4.39951 14.1429
      vertex -16.6718 -3.31622 14.1429
    endloop
  endfacet
  facet normal -0.820258 -0.191217 -0.539085
    outer loop
      vertex -15.8642 -3.15559 12.8571
      vertex -15.6239 -4.1864 12.8571
      vertex -16.6718 -3.31622 14.1429
    endloop
  endfacet
  facet normal -0.973825 -0.227026 0.0111042
    outer loop
      vertex -15.4671 -4.14439 102.857
      vertex -15.705 -3.12392 102.857
      vertex -16.4192 -4.39951 14.1429
    endloop
  endfacet
  facet normal -0.973815 -0.227073 0.0111048
    outer loop
      vertex -16.4192 -4.39951 14.1429
      vertex -15.705 -3.12392 102.857
      vertex -16.6718 -3.31622 14.1429
    endloop
  endfacet
  facet normal -0.973533 -0.226929 -0.0271463
    outer loop
      vertex -15.4671 -4.14439 102.857
      vertex -15.4971 -4.15242 104
      vertex -15.709 -3.24336 104
    endloop
  endfacet
  facet normal -0.973396 -0.227509 -0.0271805
    outer loop
      vertex -15.705 -3.12392 102.857
      vertex -15.709 -3.24336 104
      vertex -15.7355 -3.12998 104
    endloop
  endfacet
  facet normal -0.973527 -0.226956 -0.0271232
    outer loop
      vertex -15.709 -3.24336 104
      vertex -15.705 -3.12392 102.857
      vertex -15.4671 -4.14439 102.857
    endloop
  endfacet
  facet normal -0.592752 -0.0978224 -0.799422
    outer loop
      vertex -12.4675 -2.47994 9
      vertex -11.1918 -2.03782 8
      vertex -11.1617 -2.22021 8
    endloop
  endfacet
  facet normal -0.592741 -0.0978609 -0.799426
    outer loop
      vertex -11.1918 -2.03782 8
      vertex -12.4675 -2.47994 9
      vertex -12.603 -1.65922 9
    endloop
  endfacet
  facet normal -0.592741 -0.0978638 -0.799425
    outer loop
      vertex -11.283 -1.48544 8
      vertex -11.1918 -2.03782 8
      vertex -12.603 -1.65922 9
    endloop
  endfacet
  facet normal -0.682887 -0.112745 -0.721771
    outer loop
      vertex -12.4675 -2.47994 9
      vertex -13.7832 -2.74165 10.2857
      vertex -13.933 -1.83432 10.2857
    endloop
  endfacet
  facet normal -0.682887 -0.112744 -0.721771
    outer loop
      vertex -12.603 -1.65922 9
      vertex -12.4675 -2.47994 9
      vertex -13.933 -1.83432 10.2857
    endloop
  endfacet
  facet normal -0.744227 -0.122921 -0.656518
    outer loop
      vertex -13.7832 -2.74165 10.2857
      vertex -14.8813 -2.96008 11.5714
      vertex -15.0431 -1.98046 11.5714
    endloop
  endfacet
  facet normal -0.744217 -0.12287 -0.656539
    outer loop
      vertex -13.933 -1.83432 10.2857
      vertex -13.7832 -2.74165 10.2857
      vertex -15.0431 -1.98046 11.5714
    endloop
  endfacet
  facet normal -0.778333 -0.128489 -0.614564
    outer loop
      vertex -14.8813 -2.96008 11.5714
      vertex -15.8642 -3.15559 12.8571
      vertex -16.0366 -2.11126 12.8571
    endloop
  endfacet
  facet normal -0.778347 -0.128557 -0.614531
    outer loop
      vertex -15.0431 -1.98046 11.5714
      vertex -14.8813 -2.96008 11.5714
      vertex -16.0366 -2.11126 12.8571
    endloop
  endfacet
  facet normal -0.831001 -0.137203 -0.539085
    outer loop
      vertex -15.8642 -3.15559 12.8571
      vertex -16.6718 -3.31622 14.1429
      vertex -16.853 -2.21874 14.1429
    endloop
  endfacet
  facet normal -0.830997 -0.137183 -0.539097
    outer loop
      vertex -16.0366 -2.11126 12.8571
      vertex -15.8642 -3.15559 12.8571
      vertex -16.853 -2.21874 14.1429
    endloop
  endfacet
  facet normal -0.986581 -0.162897 0.0111048
    outer loop
      vertex -15.705 -3.12392 102.857
      vertex -15.8757 -2.09008 102.857
      vertex -16.6718 -3.31622 14.1429
    endloop
  endfacet
  facet normal -0.986582 -0.16289 0.0111047
    outer loop
      vertex -16.6718 -3.31622 14.1429
      vertex -15.8757 -2.09008 102.857
      vertex -16.853 -2.21874 14.1429
    endloop
  endfacet
  facet normal -0.986288 -0.162777 -0.0271813
    outer loop
      vertex -15.705 -3.12392 102.857
      vertex -15.7355 -3.12998 104
      vertex -15.8875 -2.20899 104
    endloop
  endfacet
  facet normal -0.986229 -0.163141 -0.0271536
    outer loop
      vertex -15.8757 -2.09008 102.857
      vertex -15.8875 -2.20899 104
      vertex -15.9065 -2.09413 104
    endloop
  endfacet
  facet normal -0.986278 -0.162847 -0.0271236
    outer loop
      vertex -15.8875 -2.20899 104
      vertex -15.8757 -2.09008 102.857
      vertex -15.705 -3.12392 102.857
    endloop
  endfacet
  facet normal -0.597842 -0.059144 -0.799429
    outer loop
      vertex -12.603 -1.65922 9
      vertex -11.3012 -1.30147 8
      vertex -11.283 -1.48544 8
    endloop
  endfacet
  facet normal -0.597901 -0.0588633 -0.799406
    outer loop
      vertex -11.3012 -1.30147 8
      vertex -12.603 -1.65922 9
      vertex -12.6845 -0.831388 9
    endloop
  endfacet
  facet normal -0.59789 -0.0588064 -0.799418
    outer loop
      vertex -11.356 -0.744313 8
      vertex -11.3012 -1.30147 8
      vertex -12.6845 -0.831388 9
    endloop
  endfacet
  facet normal -0.688802 -0.0678119 -0.721771
    outer loop
      vertex -12.603 -1.65922 9
      vertex -13.933 -1.83432 10.2857
      vertex -14.0231 -0.919126 10.2857
    endloop
  endfacet
  facet normal -0.688802 -0.0678125 -0.721771
    outer loop
      vertex -12.6845 -0.831388 9
      vertex -12.603 -1.65922 9
      vertex -14.0231 -0.919126 10.2857
    endloop
  endfacet
  facet normal -0.750662 -0.0739184 -0.656539
    outer loop
      vertex -13.933 -1.83432 10.2857
      vertex -15.0431 -1.98046 11.5714
      vertex -15.1404 -0.992352 11.5714
    endloop
  endfacet
  facet normal -0.750657 -0.0739015 -0.656546
    outer loop
      vertex -14.0231 -0.919126 10.2857
      vertex -13.933 -1.83432 10.2857
      vertex -15.1404 -0.992352 11.5714
    endloop
  endfacet
  facet normal -0.785089 -0.0773641 -0.614533
    outer loop
      vertex -15.0431 -1.98046 11.5714
      vertex -16.0366 -2.11126 12.8571
      vertex -16.1404 -1.0579 12.8571
    endloop
  endfacet
  facet normal -0.785073 -0.0773069 -0.61456
    outer loop
      vertex -15.1404 -0.992352 11.5714
      vertex -15.0431 -1.98046 11.5714
      vertex -16.1404 -1.0579 12.8571
    endloop
  endfacet
  facet normal -0.838191 -0.0825326 -0.539096
    outer loop
      vertex -16.0366 -2.11126 12.8571
      vertex -16.853 -2.21874 14.1429
      vertex -16.962 -1.11175 14.1429
    endloop
  endfacet
  facet normal -0.838209 -0.0825986 -0.539058
    outer loop
      vertex -16.1404 -1.0579 12.8571
      vertex -16.0366 -2.11126 12.8571
      vertex -16.962 -1.11175 14.1429
    endloop
  endfacet
  facet normal -0.995124 -0.0980046 0.0111047
    outer loop
      vertex -15.8757 -2.09008 102.857
      vertex -15.9784 -1.04728 102.857
      vertex -16.853 -2.21874 14.1429
    endloop
  endfacet
  facet normal -0.995126 -0.0979853 0.0111045
    outer loop
      vertex -16.853 -2.21874 14.1429
      vertex -15.9784 -1.04728 102.857
      vertex -16.962 -1.11175 14.1429
    endloop
  endfacet
  facet normal -0.994817 -0.0979868 -0.0271542
    outer loop
      vertex -15.8757 -2.09008 102.857
      vertex -15.9065 -2.09413 104
      vertex -15.998 -1.16517 104
    endloop
  endfacet
  facet normal -0.994827 -0.0978856 -0.0271552
    outer loop
      vertex -15.9784 -1.04728 102.857
      vertex -15.998 -1.16517 104
      vertex -16.0094 -1.04931 104
    endloop
  endfacet
  facet normal -0.994818 -0.0979745 -0.0271642
    outer loop
      vertex -15.998 -1.16517 104
      vertex -15.9784 -1.04728 102.857
      vertex -15.8757 -2.09008 102.857
    endloop
  endfacet
  facet normal -0.600446 -0.0198246 -0.799419
    outer loop
      vertex -12.6845 -0.831388 9
      vertex -11.3621 -0.559557 8
      vertex -11.356 -0.744313 8
    endloop
  endfacet
  facet normal -0.600462 -0.0197172 -0.79941
    outer loop
      vertex -11.3621 -0.559557 8
      vertex -12.6845 -0.831388 9
      vertex -12.7118 0 9
    endloop
  endfacet
  facet normal -0.600441 -0.0196371 -0.799428
    outer loop
      vertex -11.3804 0 8
      vertex -11.3621 -0.559557 8
      vertex -12.7118 0 9
    endloop
  endfacet
  facet normal -0.691762 -0.0226542 -0.72177
    outer loop
      vertex -12.6845 -0.831388 9
      vertex -14.0231 -0.919126 10.2857
      vertex -14.0532 0 10.2857
    endloop
  endfacet
  facet normal -0.691781 -0.0227158 -0.72175
    outer loop
      vertex -12.7118 0 9
      vertex -12.6845 -0.831388 9
      vertex -14.0532 0 10.2857
    endloop
  endfacet
  facet normal -0.753882 -0.02469 -0.656546
    outer loop
      vertex -14.0231 -0.919126 10.2857
      vertex -15.1404 -0.992352 11.5714
      vertex -15.1729 0 11.5714
    endloop
  endfacet
  facet normal -0.753882 -0.0246885 -0.656546
    outer loop
      vertex -14.0532 0 10.2857
      vertex -14.0231 -0.919126 10.2857
      vertex -15.1729 0 11.5714
    endloop
  endfacet
  facet normal -0.788449 -0.0257872 -0.61456
    outer loop
      vertex -15.1404 -0.992352 11.5714
      vertex -16.1404 -1.0579 12.8571
      vertex -16.175 0 12.8571
    endloop
  endfacet
  facet normal -0.788461 -0.0258225 -0.614542
    outer loop
      vertex -15.1729 0 11.5714
      vertex -15.1404 -0.992352 11.5714
      vertex -16.175 0 12.8571
    endloop
  endfacet
  facet normal -0.841817 -0.0275621 -0.539058
    outer loop
      vertex -16.1404 -1.0579 12.8571
      vertex -16.962 -1.11175 14.1429
      vertex -16.9984 0 14.1429
    endloop
  endfacet
  facet normal -0.841807 -0.0275324 -0.539076
    outer loop
      vertex -16.175 0 12.8571
      vertex -16.1404 -1.0579 12.8571
      vertex -16.9984 0 14.1429
    endloop
  endfacet
  facet normal -0.999402 -0.0327319 0.0111045
    outer loop
      vertex -15.9784 -1.04728 102.857
      vertex -16.0127 0 102.857
      vertex -16.962 -1.11175 14.1429
    endloop
  endfacet
  facet normal -0.999403 -0.0327216 0.0111043
    outer loop
      vertex -16.962 -1.11175 14.1429
      vertex -16.0127 0 102.857
      vertex -16.9984 0 14.1429
    endloop
  endfacet
  facet normal -0.999097 -0.0326625 -0.0271551
    outer loop
      vertex -15.9784 -1.04728 102.857
      vertex -16.0094 -1.04931 104
      vertex -16.0399 -0.11636 104
    endloop
  endfacet
  facet normal -0.9991 -0.0326279 -0.0270972
    outer loop
      vertex -16.0127 0 102.857
      vertex -16.0399 -0.11636 104
      vertex -16.0437 0 104
    endloop
  endfacet
  facet normal -0.999097 -0.0327219 -0.0271067
    outer loop
      vertex -16.0399 -0.11636 104
      vertex -16.0127 0 102.857
      vertex -15.9784 -1.04728 102.857
    endloop
  endfacet
  facet normal -0.989176 -0.146736 0
    outer loop
      vertex 15.4254 1.51927 16
      vertex 15.2022 3.0239 98
      vertex 15.2022 3.0239 16
    endloop
  endfacet
  facet normal -0.989176 -0.146736 0
    outer loop
      vertex 15.2022 3.0239 98
      vertex 15.4254 1.51927 16
      vertex 15.4254 1.51927 98
    endloop
  endfacet
  facet normal -0.998797 -0.0490434 0
    outer loop
      vertex 15.5 0 16
      vertex 15.4254 1.51927 98
      vertex 15.4254 1.51927 16
    endloop
  endfacet
  facet normal -0.998797 -0.0490434 0
    outer loop
      vertex 15.4254 1.51927 98
      vertex 15.5 0 16
      vertex 15.5 0 98
    endloop
  endfacet
  facet normal -0.97004 -0.242945 0
    outer loop
      vertex 14.8326 4.49941 16
      vertex 15 3.83101 68
      vertex 14.8326 4.49941 68
    endloop
  endfacet
  facet normal -0.970023 -0.243014 -0
    outer loop
      vertex 15.2022 3.0239 98
      vertex 15 3.83101 68
      vertex 15.2022 3.0239 16
    endloop
  endfacet
  facet normal -0.970031 -0.242983 -5.09071e-07
    outer loop
      vertex 15.2022 3.0239 16
      vertex 15 3.83101 68
      vertex 14.8326 4.49941 16
    endloop
  endfacet
  facet normal -0.97004 -0.242945 0
    outer loop
      vertex 15 3.83101 72
      vertex 14.8326 4.49941 98
      vertex 14.8326 4.49941 72
    endloop
  endfacet
  facet normal -0.970031 -0.242983 1.01814e-06
    outer loop
      vertex 15 3.83101 72
      vertex 15.2022 3.0239 98
      vertex 14.8326 4.49941 98
    endloop
  endfacet
  facet normal -0.970023 -0.243014 0
    outer loop
      vertex 15 3.83101 68
      vertex 15.2022 3.0239 98
      vertex 15 3.83101 72
    endloop
  endfacet
  facet normal -0.336924 0.941532 0
    outer loop
      vertex 5.93159 -14.3201 16
      vertex 4.49941 -14.8326 98
      vertex 5.93159 -14.3201 98
    endloop
  endfacet
  facet normal -0.336924 0.941532 0
    outer loop
      vertex 4.49941 -14.8326 98
      vertex 5.93159 -14.3201 16
      vertex 4.49941 -14.8326 16
    endloop
  endfacet
  facet normal 0.146736 0.989176 -0
    outer loop
      vertex -1.51927 -15.4254 16
      vertex -3.0239 -15.2022 98
      vertex -1.51927 -15.4254 98
    endloop
  endfacet
  facet normal 0.146736 0.989176 0
    outer loop
      vertex -3.0239 -15.2022 98
      vertex -1.51927 -15.4254 16
      vertex -3.0239 -15.2022 16
    endloop
  endfacet
  facet normal -0.427526 -0.904003 0
    outer loop
      vertex 5.93159 14.3201 16
      vertex 7.30665 13.6698 98
      vertex 5.93159 14.3201 98
    endloop
  endfacet
  facet normal -0.427526 -0.904003 -0
    outer loop
      vertex 7.30665 13.6698 98
      vertex 5.93159 14.3201 16
      vertex 7.30665 13.6698 16
    endloop
  endfacet
  facet normal 0.146736 -0.989176 0
    outer loop
      vertex -3.0239 15.2022 16
      vertex -1.51927 15.4254 98
      vertex -3.0239 15.2022 98
    endloop
  endfacet
  facet normal 0.146736 -0.989176 0
    outer loop
      vertex -1.51927 15.4254 98
      vertex -3.0239 15.2022 16
      vertex -1.51927 15.4254 16
    endloop
  endfacet
  facet normal -0.595691 0.803213 0
    outer loop
      vertex 9.8331 -11.9817 16
      vertex 8.61134 -12.8878 98
      vertex 9.8331 -11.9817 98
    endloop
  endfacet
  facet normal -0.595691 0.803213 0
    outer loop
      vertex 8.61134 -12.8878 98
      vertex 9.8331 -11.9817 16
      vertex 8.61134 -12.8878 16
    endloop
  endfacet
  facet normal 0.595691 -0.803213 0
    outer loop
      vertex -9.8331 11.9817 16
      vertex -8.61134 12.8878 98
      vertex -9.8331 11.9817 98
    endloop
  endfacet
  facet normal 0.595691 -0.803213 0
    outer loop
      vertex -8.61134 12.8878 98
      vertex -9.8331 11.9817 16
      vertex -8.61134 12.8878 16
    endloop
  endfacet
  facet normal 0.904003 -0.427526 0
    outer loop
      vertex -14.3201 5.93159 98
      vertex -13.6698 7.30665 16
      vertex -13.6698 7.30665 98
    endloop
  endfacet
  facet normal 0.904003 -0.427526 0
    outer loop
      vertex -13.6698 7.30665 16
      vertex -14.3201 5.93159 98
      vertex -14.3201 5.93159 16
    endloop
  endfacet
  facet normal -0.514102 0.857729 0
    outer loop
      vertex 8.61134 -12.8878 16
      vertex 7.30665 -13.6698 98
      vertex 8.61134 -12.8878 98
    endloop
  endfacet
  facet normal -0.514102 0.857729 0
    outer loop
      vertex 7.30665 -13.6698 98
      vertex 8.61134 -12.8878 16
      vertex 7.30665 -13.6698 16
    endloop
  endfacet
  facet normal 0.595691 0.803213 -0
    outer loop
      vertex -8.61134 -12.8878 16
      vertex -9.8331 -11.9817 98
      vertex -8.61134 -12.8878 98
    endloop
  endfacet
  facet normal 0.595691 0.803213 0
    outer loop
      vertex -9.8331 -11.9817 98
      vertex -8.61134 -12.8878 16
      vertex -9.8331 -11.9817 16
    endloop
  endfacet
  facet normal 0.904003 0.427526 0
    outer loop
      vertex -13.6698 -7.30665 98
      vertex -14.3201 -5.93159 16
      vertex -14.3201 -5.93159 98
    endloop
  endfacet
  facet normal 0.904003 0.427526 0
    outer loop
      vertex -14.3201 -5.93159 16
      vertex -13.6698 -7.30665 98
      vertex -13.6698 -7.30665 16
    endloop
  endfacet
  facet normal -0.514102 -0.857729 0
    outer loop
      vertex 7.30665 13.6698 16
      vertex 8.61134 12.8878 98
      vertex 7.30665 13.6698 98
    endloop
  endfacet
  facet normal -0.514102 -0.857729 -0
    outer loop
      vertex 8.61134 12.8878 98
      vertex 7.30665 13.6698 16
      vertex 8.61134 12.8878 16
    endloop
  endfacet
  facet normal 0.998797 0.0490434 0
    outer loop
      vertex -15.4254 -1.51927 98
      vertex -15.5 0 16
      vertex -15.5 0 98
    endloop
  endfacet
  facet normal 0.998797 0.0490434 0
    outer loop
      vertex -15.5 0 16
      vertex -15.4254 -1.51927 98
      vertex -15.4254 -1.51927 16
    endloop
  endfacet
  facet normal -0.595691 -0.803213 0
    outer loop
      vertex 8.61134 12.8878 16
      vertex 9.8331 11.9817 98
      vertex 8.61134 12.8878 98
    endloop
  endfacet
  facet normal -0.595691 -0.803213 -0
    outer loop
      vertex 9.8331 11.9817 98
      vertex 8.61134 12.8878 16
      vertex 9.8331 11.9817 16
    endloop
  endfacet
  facet normal -0.970023 0.243014 0
    outer loop
      vertex 15.2022 -3.0239 16
      vertex 15 -3.83101 68
      vertex 15.2022 -3.0239 98
    endloop
  endfacet
  facet normal -0.970031 0.242983 -5.09071e-07
    outer loop
      vertex 14.8326 -4.49941 16
      vertex 15 -3.83101 68
      vertex 15.2022 -3.0239 16
    endloop
  endfacet
  facet normal -0.97004 0.242945 0
    outer loop
      vertex 15 -3.83101 68
      vertex 14.8326 -4.49941 16
      vertex 14.8326 -4.49941 68
    endloop
  endfacet
  facet normal -0.970023 0.243014 0
    outer loop
      vertex 15 -3.83101 72
      vertex 15.2022 -3.0239 98
      vertex 15 -3.83101 68
    endloop
  endfacet
  facet normal -0.97004 0.242945 0
    outer loop
      vertex 14.8326 -4.49941 98
      vertex 15 -3.83101 72
      vertex 14.8326 -4.49941 72
    endloop
  endfacet
  facet normal -0.970031 0.242983 1.01814e-06
    outer loop
      vertex 15 -3.83101 72
      vertex 14.8326 -4.49941 98
      vertex 15.2022 -3.0239 98
    endloop
  endfacet
  facet normal 0.427526 0.904003 -0
    outer loop
      vertex -5.93159 -14.3201 16
      vertex -7.30665 -13.6698 98
      vertex -5.93159 -14.3201 98
    endloop
  endfacet
  facet normal 0.427526 0.904003 0
    outer loop
      vertex -7.30665 -13.6698 98
      vertex -5.93159 -14.3201 16
      vertex -7.30665 -13.6698 16
    endloop
  endfacet
  facet normal 0.740965 -0.671543 0
    outer loop
      vertex -11.9817 9.8331 98
      vertex -10.9602 10.9602 16
      vertex -10.9602 10.9602 98
    endloop
  endfacet
  facet normal 0.740965 -0.671543 0
    outer loop
      vertex -10.9602 10.9602 16
      vertex -11.9817 9.8331 98
      vertex -11.9817 9.8331 16
    endloop
  endfacet
  facet normal -0.0490434 0.998797 0
    outer loop
      vertex 1.51927 -15.4254 16
      vertex 0 -15.5 98
      vertex 1.51927 -15.4254 98
    endloop
  endfacet
  facet normal -0.0490434 0.998797 0
    outer loop
      vertex 0 -15.5 98
      vertex 1.51927 -15.4254 16
      vertex 0 -15.5 16
    endloop
  endfacet
  facet normal -0.803213 -0.595691 0
    outer loop
      vertex 12.8878 8.61134 16
      vertex 11.9817 9.8331 98
      vertex 11.9817 9.8331 16
    endloop
  endfacet
  facet normal -0.803213 -0.595691 0
    outer loop
      vertex 11.9817 9.8331 98
      vertex 12.8878 8.61134 16
      vertex 12.8878 8.61134 98
    endloop
  endfacet
  facet normal 0.970023 0.243014 -0
    outer loop
      vertex -15 -3.83101 68
      vertex -15.2022 -3.0239 98
      vertex -15 -3.83101 72
    endloop
  endfacet
  facet normal 0.970031 0.242983 1.01814e-06
    outer loop
      vertex -14.8326 -4.49941 98
      vertex -15 -3.83101 72
      vertex -15.2022 -3.0239 98
    endloop
  endfacet
  facet normal 0.97004 0.242945 0
    outer loop
      vertex -15 -3.83101 72
      vertex -14.8326 -4.49941 98
      vertex -14.8326 -4.49941 72
    endloop
  endfacet
  facet normal 0.970023 0.243014 0
    outer loop
      vertex -15.2022 -3.0239 98
      vertex -15 -3.83101 68
      vertex -15.2022 -3.0239 16
    endloop
  endfacet
  facet normal 0.97004 0.242945 -0
    outer loop
      vertex -14.8326 -4.49941 16
      vertex -15 -3.83101 68
      vertex -14.8326 -4.49941 68
    endloop
  endfacet
  facet normal 0.970031 0.242983 -5.09071e-07
    outer loop
      vertex -15 -3.83101 68
      vertex -14.8326 -4.49941 16
      vertex -15.2022 -3.0239 16
    endloop
  endfacet
  facet normal -0.989176 0.146736 0
    outer loop
      vertex 15.2022 -3.0239 16
      vertex 15.4254 -1.51927 98
      vertex 15.4254 -1.51927 16
    endloop
  endfacet
  facet normal -0.989176 0.146736 0
    outer loop
      vertex 15.4254 -1.51927 98
      vertex 15.2022 -3.0239 16
      vertex 15.2022 -3.0239 98
    endloop
  endfacet
  facet normal -0.427526 0.904003 0
    outer loop
      vertex 7.30665 -13.6698 16
      vertex 5.93159 -14.3201 98
      vertex 7.30665 -13.6698 98
    endloop
  endfacet
  facet normal -0.427526 0.904003 0
    outer loop
      vertex 5.93159 -14.3201 98
      vertex 7.30665 -13.6698 16
      vertex 5.93159 -14.3201 16
    endloop
  endfacet
  facet normal 0.94153 -0.33693 0
    outer loop
      vertex -14.8324 4.5 68
      vertex -14.3201 5.93159 98
      vertex -14.8324 4.5 72
    endloop
  endfacet
  facet normal 0.941532 -0.336924 -4.03019e-07
    outer loop
      vertex -14.8326 4.49941 98
      vertex -14.8324 4.5 72
      vertex -14.3201 5.93159 98
    endloop
  endfacet
  facet normal 0.947066 -0.321039 0
    outer loop
      vertex -14.8324 4.5 72
      vertex -14.8326 4.49941 98
      vertex -14.8326 4.49941 72
    endloop
  endfacet
  facet normal 0.94153 -0.33693 0
    outer loop
      vertex -14.3201 5.93159 98
      vertex -14.8324 4.5 68
      vertex -14.3201 5.93159 16
    endloop
  endfacet
  facet normal 0.947066 -0.321039 0
    outer loop
      vertex -14.8326 4.49941 16
      vertex -14.8324 4.5 68
      vertex -14.8326 4.49941 68
    endloop
  endfacet
  facet normal 0.941532 -0.336924 2.01509e-07
    outer loop
      vertex -14.8324 4.5 68
      vertex -14.8326 4.49941 16
      vertex -14.3201 5.93159 16
    endloop
  endfacet
  facet normal -0.671543 -0.740965 0
    outer loop
      vertex 9.8331 11.9817 16
      vertex 10.9602 10.9602 98
      vertex 9.8331 11.9817 98
    endloop
  endfacet
  facet normal -0.671543 -0.740965 -0
    outer loop
      vertex 10.9602 10.9602 98
      vertex 9.8331 11.9817 16
      vertex 10.9602 10.9602 16
    endloop
  endfacet
  facet normal 0.242983 0.970031 -0
    outer loop
      vertex -3.0239 -15.2022 16
      vertex -4.49941 -14.8326 98
      vertex -3.0239 -15.2022 98
    endloop
  endfacet
  facet normal 0.242983 0.970031 0
    outer loop
      vertex -4.49941 -14.8326 98
      vertex -3.0239 -15.2022 16
      vertex -4.49941 -14.8326 16
    endloop
  endfacet
  facet normal -0.242983 -0.970031 0
    outer loop
      vertex 3.0239 15.2022 16
      vertex 4.49941 14.8326 98
      vertex 3.0239 15.2022 98
    endloop
  endfacet
  facet normal -0.242983 -0.970031 -0
    outer loop
      vertex 4.49941 14.8326 98
      vertex 3.0239 15.2022 16
      vertex 4.49941 14.8326 16
    endloop
  endfacet
  facet normal -0.998797 0.0490434 0
    outer loop
      vertex 15.4254 -1.51927 16
      vertex 15.5 0 98
      vertex 15.5 0 16
    endloop
  endfacet
  facet normal -0.998797 0.0490434 0
    outer loop
      vertex 15.5 0 98
      vertex 15.4254 -1.51927 16
      vertex 15.4254 -1.51927 98
    endloop
  endfacet
  facet normal 0.947066 0.321039 0
    outer loop
      vertex -14.8326 -4.49941 98
      vertex -14.8324 -4.5 72
      vertex -14.8326 -4.49941 72
    endloop
  endfacet
  facet normal 0.94153 0.33693 0
    outer loop
      vertex -14.8324 -4.5 72
      vertex -14.3201 -5.93159 98
      vertex -14.8324 -4.5 68
    endloop
  endfacet
  facet normal 0.941532 0.336924 -4.03019e-07
    outer loop
      vertex -14.3201 -5.93159 98
      vertex -14.8324 -4.5 72
      vertex -14.8326 -4.49941 98
    endloop
  endfacet
  facet normal 0.947066 0.321039 0
    outer loop
      vertex -14.8324 -4.5 68
      vertex -14.8326 -4.49941 16
      vertex -14.8326 -4.49941 68
    endloop
  endfacet
  facet normal 0.94153 0.33693 -0
    outer loop
      vertex -14.3201 -5.93159 16
      vertex -14.8324 -4.5 68
      vertex -14.3201 -5.93159 98
    endloop
  endfacet
  facet normal 0.941532 0.336924 2.01509e-07
    outer loop
      vertex -14.8324 -4.5 68
      vertex -14.3201 -5.93159 16
      vertex -14.8326 -4.49941 16
    endloop
  endfacet
  facet normal -0.242983 0.970031 0
    outer loop
      vertex 4.49941 -14.8326 16
      vertex 3.0239 -15.2022 98
      vertex 4.49941 -14.8326 98
    endloop
  endfacet
  facet normal -0.242983 0.970031 0
    outer loop
      vertex 3.0239 -15.2022 98
      vertex 4.49941 -14.8326 16
      vertex 3.0239 -15.2022 16
    endloop
  endfacet
  facet normal -0.146736 0.989176 0
    outer loop
      vertex 3.0239 -15.2022 16
      vertex 1.51927 -15.4254 98
      vertex 3.0239 -15.2022 98
    endloop
  endfacet
  facet normal -0.146736 0.989176 0
    outer loop
      vertex 1.51927 -15.4254 98
      vertex 3.0239 -15.2022 16
      vertex 1.51927 -15.4254 16
    endloop
  endfacet
  facet normal -0.94153 -0.33693 0
    outer loop
      vertex 14.3201 5.93159 16
      vertex 14.8324 4.5 68
      vertex 14.3201 5.93159 98
    endloop
  endfacet
  facet normal -0.941532 -0.336924 2.01509e-07
    outer loop
      vertex 14.8326 4.49941 16
      vertex 14.8324 4.5 68
      vertex 14.3201 5.93159 16
    endloop
  endfacet
  facet normal -0.947066 -0.321039 0
    outer loop
      vertex 14.8324 4.5 68
      vertex 14.8326 4.49941 16
      vertex 14.8326 4.49941 68
    endloop
  endfacet
  facet normal -0.94153 -0.33693 -0
    outer loop
      vertex 14.8324 4.5 72
      vertex 14.3201 5.93159 98
      vertex 14.8324 4.5 68
    endloop
  endfacet
  facet normal -0.947066 -0.321039 -0
    outer loop
      vertex 14.8326 4.49941 98
      vertex 14.8324 4.5 72
      vertex 14.8326 4.49941 72
    endloop
  endfacet
  facet normal -0.941532 -0.336924 -4.03019e-07
    outer loop
      vertex 14.8324 4.5 72
      vertex 14.8326 4.49941 98
      vertex 14.3201 5.93159 98
    endloop
  endfacet
  facet normal -0.803213 0.595691 0
    outer loop
      vertex 11.9817 -9.8331 16
      vertex 12.8878 -8.61134 98
      vertex 12.8878 -8.61134 16
    endloop
  endfacet
  facet normal -0.803213 0.595691 0
    outer loop
      vertex 12.8878 -8.61134 98
      vertex 11.9817 -9.8331 16
      vertex 11.9817 -9.8331 98
    endloop
  endfacet
  facet normal -0.857729 0.514102 0
    outer loop
      vertex 12.8878 -8.61134 16
      vertex 13.6698 -7.30665 98
      vertex 13.6698 -7.30665 16
    endloop
  endfacet
  facet normal -0.857729 0.514102 0
    outer loop
      vertex 13.6698 -7.30665 98
      vertex 12.8878 -8.61134 16
      vertex 12.8878 -8.61134 98
    endloop
  endfacet
  facet normal 0.242983 -0.970031 0
    outer loop
      vertex -4.49941 14.8326 16
      vertex -3.0239 15.2022 98
      vertex -4.49941 14.8326 98
    endloop
  endfacet
  facet normal 0.242983 -0.970031 0
    outer loop
      vertex -3.0239 15.2022 98
      vertex -4.49941 14.8326 16
      vertex -3.0239 15.2022 16
    endloop
  endfacet
  facet normal -0.947066 0.321039 0
    outer loop
      vertex 14.8326 -4.49941 16
      vertex 14.8324 -4.5 68
      vertex 14.8326 -4.49941 68
    endloop
  endfacet
  facet normal -0.94153 0.33693 0
    outer loop
      vertex 14.3201 -5.93159 98
      vertex 14.8324 -4.5 68
      vertex 14.3201 -5.93159 16
    endloop
  endfacet
  facet normal -0.941532 0.336924 2.01509e-07
    outer loop
      vertex 14.3201 -5.93159 16
      vertex 14.8324 -4.5 68
      vertex 14.8326 -4.49941 16
    endloop
  endfacet
  facet normal -0.947066 0.321039 0
    outer loop
      vertex 14.8324 -4.5 72
      vertex 14.8326 -4.49941 98
      vertex 14.8326 -4.49941 72
    endloop
  endfacet
  facet normal -0.94153 0.33693 0
    outer loop
      vertex 14.8324 -4.5 68
      vertex 14.3201 -5.93159 98
      vertex 14.8324 -4.5 72
    endloop
  endfacet
  facet normal -0.941532 0.336924 -4.03019e-07
    outer loop
      vertex 14.8324 -4.5 72
      vertex 14.3201 -5.93159 98
      vertex 14.8326 -4.49941 98
    endloop
  endfacet
  facet normal -0.0490434 -0.998797 0
    outer loop
      vertex 0 15.5 16
      vertex 1.51927 15.4254 98
      vertex 0 15.5 98
    endloop
  endfacet
  facet normal -0.0490434 -0.998797 -0
    outer loop
      vertex 1.51927 15.4254 98
      vertex 0 15.5 16
      vertex 1.51927 15.4254 16
    endloop
  endfacet
  facet normal -0.904003 0.427526 0
    outer loop
      vertex 13.6698 -7.30665 16
      vertex 14.3201 -5.93159 98
      vertex 14.3201 -5.93159 16
    endloop
  endfacet
  facet normal -0.904003 0.427526 0
    outer loop
      vertex 14.3201 -5.93159 98
      vertex 13.6698 -7.30665 16
      vertex 13.6698 -7.30665 98
    endloop
  endfacet
  facet normal -0.904003 -0.427526 0
    outer loop
      vertex 14.3201 5.93159 16
      vertex 13.6698 7.30665 98
      vertex 13.6698 7.30665 16
    endloop
  endfacet
  facet normal -0.904003 -0.427526 0
    outer loop
      vertex 13.6698 7.30665 98
      vertex 14.3201 5.93159 16
      vertex 14.3201 5.93159 98
    endloop
  endfacet
  facet normal 0.514102 -0.857729 0
    outer loop
      vertex -8.61134 12.8878 16
      vertex -7.30665 13.6698 98
      vertex -8.61134 12.8878 98
    endloop
  endfacet
  facet normal 0.514102 -0.857729 0
    outer loop
      vertex -7.30665 13.6698 98
      vertex -8.61134 12.8878 16
      vertex -7.30665 13.6698 16
    endloop
  endfacet
  facet normal 0.427526 -0.904003 0
    outer loop
      vertex -7.30665 13.6698 16
      vertex -5.93159 14.3201 98
      vertex -7.30665 13.6698 98
    endloop
  endfacet
  facet normal 0.427526 -0.904003 0
    outer loop
      vertex -5.93159 14.3201 98
      vertex -7.30665 13.6698 16
      vertex -5.93159 14.3201 16
    endloop
  endfacet
  facet normal -0.146736 -0.989176 0
    outer loop
      vertex 1.51927 15.4254 16
      vertex 3.0239 15.2022 98
      vertex 1.51927 15.4254 98
    endloop
  endfacet
  facet normal -0.146736 -0.989176 -0
    outer loop
      vertex 3.0239 15.2022 98
      vertex 1.51927 15.4254 16
      vertex 3.0239 15.2022 16
    endloop
  endfacet
  facet normal 0.857729 0.514102 0
    outer loop
      vertex -12.8878 -8.61134 98
      vertex -13.6698 -7.30665 16
      vertex -13.6698 -7.30665 98
    endloop
  endfacet
  facet normal 0.857729 0.514102 0
    outer loop
      vertex -13.6698 -7.30665 16
      vertex -12.8878 -8.61134 98
      vertex -12.8878 -8.61134 16
    endloop
  endfacet
  facet normal -0.857729 -0.514102 0
    outer loop
      vertex 13.6698 7.30665 16
      vertex 12.8878 8.61134 98
      vertex 12.8878 8.61134 16
    endloop
  endfacet
  facet normal -0.857729 -0.514102 0
    outer loop
      vertex 12.8878 8.61134 98
      vertex 13.6698 7.30665 16
      vertex 13.6698 7.30665 98
    endloop
  endfacet
  facet normal 0.336924 -0.941532 0
    outer loop
      vertex -5.93159 14.3201 16
      vertex -4.49941 14.8326 98
      vertex -5.93159 14.3201 98
    endloop
  endfacet
  facet normal 0.336924 -0.941532 0
    outer loop
      vertex -4.49941 14.8326 98
      vertex -5.93159 14.3201 16
      vertex -4.49941 14.8326 16
    endloop
  endfacet
  facet normal 0.740965 0.671543 0
    outer loop
      vertex -10.9602 -10.9602 98
      vertex -11.9817 -9.8331 16
      vertex -11.9817 -9.8331 98
    endloop
  endfacet
  facet normal 0.740965 0.671543 0
    outer loop
      vertex -11.9817 -9.8331 16
      vertex -10.9602 -10.9602 98
      vertex -10.9602 -10.9602 16
    endloop
  endfacet
  facet normal 0.671543 -0.740965 0
    outer loop
      vertex -10.9602 10.9602 16
      vertex -9.8331 11.9817 98
      vertex -10.9602 10.9602 98
    endloop
  endfacet
  facet normal 0.671543 -0.740965 0
    outer loop
      vertex -9.8331 11.9817 98
      vertex -10.9602 10.9602 16
      vertex -9.8331 11.9817 16
    endloop
  endfacet
  facet normal 0.514102 0.857729 -0
    outer loop
      vertex -7.30665 -13.6698 16
      vertex -8.61134 -12.8878 98
      vertex -7.30665 -13.6698 98
    endloop
  endfacet
  facet normal 0.514102 0.857729 0
    outer loop
      vertex -8.61134 -12.8878 98
      vertex -7.30665 -13.6698 16
      vertex -8.61134 -12.8878 16
    endloop
  endfacet
  facet normal 0.97004 -0.242945 0
    outer loop
      vertex -14.8326 4.49941 98
      vertex -15 3.83101 72
      vertex -14.8326 4.49941 72
    endloop
  endfacet
  facet normal 0.970023 -0.243014 0
    outer loop
      vertex -15 3.83101 72
      vertex -15.2022 3.0239 98
      vertex -15 3.83101 68
    endloop
  endfacet
  facet normal 0.970031 -0.242983 1.01814e-06
    outer loop
      vertex -15.2022 3.0239 98
      vertex -15 3.83101 72
      vertex -14.8326 4.49941 98
    endloop
  endfacet
  facet normal 0.97004 -0.242945 0
    outer loop
      vertex -15 3.83101 68
      vertex -14.8326 4.49941 16
      vertex -14.8326 4.49941 68
    endloop
  endfacet
  facet normal 0.970023 -0.243014 0
    outer loop
      vertex -15.2022 3.0239 16
      vertex -15 3.83101 68
      vertex -15.2022 3.0239 98
    endloop
  endfacet
  facet normal 0.970031 -0.242983 -5.09071e-07
    outer loop
      vertex -15 3.83101 68
      vertex -15.2022 3.0239 16
      vertex -14.8326 4.49941 16
    endloop
  endfacet
  facet normal 0.0490434 -0.998797 0
    outer loop
      vertex -1.51927 15.4254 16
      vertex 0 15.5 98
      vertex -1.51927 15.4254 98
    endloop
  endfacet
  facet normal 0.0490434 -0.998797 0
    outer loop
      vertex 0 15.5 98
      vertex -1.51927 15.4254 16
      vertex 0 15.5 16
    endloop
  endfacet
  facet normal -0.740965 -0.671543 0
    outer loop
      vertex 11.9817 9.8331 16
      vertex 10.9602 10.9602 98
      vertex 10.9602 10.9602 16
    endloop
  endfacet
  facet normal -0.740965 -0.671543 0
    outer loop
      vertex 10.9602 10.9602 98
      vertex 11.9817 9.8331 16
      vertex 11.9817 9.8331 98
    endloop
  endfacet
  facet normal 0.989176 -0.146736 0
    outer loop
      vertex -15.4254 1.51927 98
      vertex -15.2022 3.0239 16
      vertex -15.2022 3.0239 98
    endloop
  endfacet
  facet normal 0.989176 -0.146736 0
    outer loop
      vertex -15.2022 3.0239 16
      vertex -15.4254 1.51927 98
      vertex -15.4254 1.51927 16
    endloop
  endfacet
  facet normal 0.803213 0.595691 0
    outer loop
      vertex -11.9817 -9.8331 98
      vertex -12.8878 -8.61134 16
      vertex -12.8878 -8.61134 98
    endloop
  endfacet
  facet normal 0.803213 0.595691 0
    outer loop
      vertex -12.8878 -8.61134 16
      vertex -11.9817 -9.8331 98
      vertex -11.9817 -9.8331 16
    endloop
  endfacet
  facet normal 0.989176 0.146736 0
    outer loop
      vertex -15.2022 -3.0239 98
      vertex -15.4254 -1.51927 16
      vertex -15.4254 -1.51927 98
    endloop
  endfacet
  facet normal 0.989176 0.146736 0
    outer loop
      vertex -15.4254 -1.51927 16
      vertex -15.2022 -3.0239 98
      vertex -15.2022 -3.0239 16
    endloop
  endfacet
  facet normal 0 0 1
    outer loop
      vertex 15.4254 1.51927 16
      vertex 15.4254 -1.51927 16
      vertex 15.5 0 16
    endloop
  endfacet
  facet normal 0 0 1
    outer loop
      vertex 15.2022 3.0239 16
      vertex 15.4254 -1.51927 16
      vertex 15.4254 1.51927 16
    endloop
  endfacet
  facet normal 0 0 1
    outer loop
      vertex 15.2022 3.0239 16
      vertex 15.2022 -3.0239 16
      vertex 15.4254 -1.51927 16
    endloop
  endfacet
  facet normal 0 0 1
    outer loop
      vertex 14.8326 4.49941 16
      vertex 15.2022 -3.0239 16
      vertex 15.2022 3.0239 16
    endloop
  endfacet
  facet normal 0 0 1
    outer loop
      vertex 14.8326 4.49941 16
      vertex 14.8326 -4.49941 16
      vertex 15.2022 -3.0239 16
    endloop
  endfacet
  facet normal 0 0 1
    outer loop
      vertex 14.3201 5.93159 16
      vertex 14.8326 -4.49941 16
      vertex 14.8326 4.49941 16
    endloop
  endfacet
  facet normal 0 0 1
    outer loop
      vertex 14.3201 5.93159 16
      vertex 14.3201 -5.93159 16
      vertex 14.8326 -4.49941 16
    endloop
  endfacet
  facet normal 0 0 1
    outer loop
      vertex 13.6698 7.30665 16
      vertex 14.3201 -5.93159 16
      vertex 14.3201 5.93159 16
    endloop
  endfacet
  facet normal 0 0 1
    outer loop
      vertex 13.6698 7.30665 16
      vertex 13.6698 -7.30665 16
      vertex 14.3201 -5.93159 16
    endloop
  endfacet
  facet normal 0 0 1
    outer loop
      vertex 12.8878 8.61134 16
      vertex 13.6698 -7.30665 16
      vertex 13.6698 7.30665 16
    endloop
  endfacet
  facet normal 0 0 1
    outer loop
      vertex 12.8878 8.61134 16
      vertex 12.8878 -8.61134 16
      vertex 13.6698 -7.30665 16
    endloop
  endfacet
  facet normal 0 0 1
    outer loop
      vertex 11.9817 9.8331 16
      vertex 12.8878 -8.61134 16
      vertex 12.8878 8.61134 16
    endloop
  endfacet
  facet normal 0 0 1
    outer loop
      vertex 11.9817 9.8331 16
      vertex 11.9817 -9.8331 16
      vertex 12.8878 -8.61134 16
    endloop
  endfacet
  facet normal 0 0 1
    outer loop
      vertex 10.9602 10.9602 16
      vertex 11.9817 -9.8331 16
      vertex 11.9817 9.8331 16
    endloop
  endfacet
  facet normal 0 0 1
    outer loop
      vertex 10.9602 10.9602 16
      vertex 10.9602 -10.9602 16
      vertex 11.9817 -9.8331 16
    endloop
  endfacet
  facet normal 0 0 1
    outer loop
      vertex 9.8331 11.9817 16
      vertex 10.9602 -10.9602 16
      vertex 10.9602 10.9602 16
    endloop
  endfacet
  facet normal 0 0 1
    outer loop
      vertex 9.8331 11.9817 16
      vertex 9.8331 -11.9817 16
      vertex 10.9602 -10.9602 16
    endloop
  endfacet
  facet normal 0 0 1
    outer loop
      vertex 8.61134 12.8878 16
      vertex 9.8331 -11.9817 16
      vertex 9.8331 11.9817 16
    endloop
  endfacet
  facet normal 0 0 1
    outer loop
      vertex 8.61134 12.8878 16
      vertex 8.61134 -12.8878 16
      vertex 9.8331 -11.9817 16
    endloop
  endfacet
  facet normal 0 0 1
    outer loop
      vertex 7.30665 13.6698 16
      vertex 8.61134 -12.8878 16
      vertex 8.61134 12.8878 16
    endloop
  endfacet
  facet normal 0 0 1
    outer loop
      vertex 7.30665 13.6698 16
      vertex 7.30665 -13.6698 16
      vertex 8.61134 -12.8878 16
    endloop
  endfacet
  facet normal 0 0 1
    outer loop
      vertex 5.93159 14.3201 16
      vertex 7.30665 -13.6698 16
      vertex 7.30665 13.6698 16
    endloop
  endfacet
  facet normal 0 0 1
    outer loop
      vertex 5.93159 14.3201 16
      vertex 5.93159 -14.3201 16
      vertex 7.30665 -13.6698 16
    endloop
  endfacet
  facet normal 0 0 1
    outer loop
      vertex 4.49941 14.8326 16
      vertex 5.93159 -14.3201 16
      vertex 5.93159 14.3201 16
    endloop
  endfacet
  facet normal 0 0 1
    outer loop
      vertex 4.49941 14.8326 16
      vertex 4.49941 -14.8326 16
      vertex 5.93159 -14.3201 16
    endloop
  endfacet
  facet normal 0 0 1
    outer loop
      vertex 3.0239 15.2022 16
      vertex 4.49941 -14.8326 16
      vertex 4.49941 14.8326 16
    endloop
  endfacet
  facet normal 0 0 1
    outer loop
      vertex 3.0239 15.2022 16
      vertex 3.0239 -15.2022 16
      vertex 4.49941 -14.8326 16
    endloop
  endfacet
  facet normal 0 0 1
    outer loop
      vertex 1.51927 15.4254 16
      vertex 3.0239 -15.2022 16
      vertex 3.0239 15.2022 16
    endloop
  endfacet
  facet normal 0 0 1
    outer loop
      vertex 1.51927 15.4254 16
      vertex 1.51927 -15.4254 16
      vertex 3.0239 -15.2022 16
    endloop
  endfacet
  facet normal 0 0 1
    outer loop
      vertex 0 15.5 16
      vertex 1.51927 -15.4254 16
      vertex 1.51927 15.4254 16
    endloop
  endfacet
  facet normal 0 0 1
    outer loop
      vertex 0 15.5 16
      vertex 0 -15.5 16
      vertex 1.51927 -15.4254 16
    endloop
  endfacet
  facet normal -0 0 1
    outer loop
      vertex -1.51927 15.4254 16
      vertex 0 -15.5 16
      vertex 0 15.5 16
    endloop
  endfacet
  facet normal 0 0 1
    outer loop
      vertex -1.51927 15.4254 16
      vertex -1.51927 -15.4254 16
      vertex 0 -15.5 16
    endloop
  endfacet
  facet normal -0 0 1
    outer loop
      vertex -3.0239 15.2022 16
      vertex -1.51927 -15.4254 16
      vertex -1.51927 15.4254 16
    endloop
  endfacet
  facet normal 0 0 1
    outer loop
      vertex -3.0239 15.2022 16
      vertex -3.0239 -15.2022 16
      vertex -1.51927 -15.4254 16
    endloop
  endfacet
  facet normal -0 0 1
    outer loop
      vertex -4.49941 14.8326 16
      vertex -3.0239 -15.2022 16
      vertex -3.0239 15.2022 16
    endloop
  endfacet
  facet normal 0 0 1
    outer loop
      vertex -4.49941 14.8326 16
      vertex -4.49941 -14.8326 16
      vertex -3.0239 -15.2022 16
    endloop
  endfacet
  facet normal -0 0 1
    outer loop
      vertex -5.93159 14.3201 16
      vertex -4.49941 -14.8326 16
      vertex -4.49941 14.8326 16
    endloop
  endfacet
  facet normal 0 0 1
    outer loop
      vertex -5.93159 14.3201 16
      vertex -5.93159 -14.3201 16
      vertex -4.49941 -14.8326 16
    endloop
  endfacet
  facet normal -0 0 1
    outer loop
      vertex -7.30665 13.6698 16
      vertex -5.93159 -14.3201 16
      vertex -5.93159 14.3201 16
    endloop
  endfacet
  facet normal 0 0 1
    outer loop
      vertex -7.30665 13.6698 16
      vertex -7.30665 -13.6698 16
      vertex -5.93159 -14.3201 16
    endloop
  endfacet
  facet normal -0 0 1
    outer loop
      vertex -8.61134 12.8878 16
      vertex -7.30665 -13.6698 16
      vertex -7.30665 13.6698 16
    endloop
  endfacet
  facet normal 0 0 1
    outer loop
      vertex -8.61134 12.8878 16
      vertex -8.61134 -12.8878 16
      vertex -7.30665 -13.6698 16
    endloop
  endfacet
  facet normal -0 0 1
    outer loop
      vertex -9.8331 11.9817 16
      vertex -8.61134 -12.8878 16
      vertex -8.61134 12.8878 16
    endloop
  endfacet
  facet normal 0 0 1
    outer loop
      vertex -9.8331 11.9817 16
      vertex -9.8331 -11.9817 16
      vertex -8.61134 -12.8878 16
    endloop
  endfacet
  facet normal -0 0 1
    outer loop
      vertex -10.9602 10.9602 16
      vertex -9.8331 -11.9817 16
      vertex -9.8331 11.9817 16
    endloop
  endfacet
  facet normal 0 0 1
    outer loop
      vertex -10.9602 10.9602 16
      vertex -10.9602 -10.9602 16
      vertex -9.8331 -11.9817 16
    endloop
  endfacet
  facet normal -0 0 1
    outer loop
      vertex -11.9817 9.8331 16
      vertex -10.9602 -10.9602 16
      vertex -10.9602 10.9602 16
    endloop
  endfacet
  facet normal 0 0 1
    outer loop
      vertex -11.9817 9.8331 16
      vertex -11.9817 -9.8331 16
      vertex -10.9602 -10.9602 16
    endloop
  endfacet
  facet normal -0 0 1
    outer loop
      vertex -12.8878 8.61134 16
      vertex -11.9817 -9.8331 16
      vertex -11.9817 9.8331 16
    endloop
  endfacet
  facet normal 0 0 1
    outer loop
      vertex -12.8878 8.61134 16
      vertex -12.8878 -8.61134 16
      vertex -11.9817 -9.8331 16
    endloop
  endfacet
  facet normal -0 0 1
    outer loop
      vertex -13.6698 7.30665 16
      vertex -12.8878 -8.61134 16
      vertex -12.8878 8.61134 16
    endloop
  endfacet
  facet normal 0 0 1
    outer loop
      vertex -13.6698 7.30665 16
      vertex -13.6698 -7.30665 16
      vertex -12.8878 -8.61134 16
    endloop
  endfacet
  facet normal -0 0 1
    outer loop
      vertex -14.3201 5.93159 16
      vertex -13.6698 -7.30665 16
      vertex -13.6698 7.30665 16
    endloop
  endfacet
  facet normal 0 0 1
    outer loop
      vertex -14.3201 5.93159 16
      vertex -14.3201 -5.93159 16
      vertex -13.6698 -7.30665 16
    endloop
  endfacet
  facet normal -0 0 1
    outer loop
      vertex -14.8326 4.49941 16
      vertex -14.3201 -5.93159 16
      vertex -14.3201 5.93159 16
    endloop
  endfacet
  facet normal 0 0 1
    outer loop
      vertex -14.8326 4.49941 16
      vertex -14.8326 -4.49941 16
      vertex -14.3201 -5.93159 16
    endloop
  endfacet
  facet normal -0 0 1
    outer loop
      vertex -15.2022 3.0239 16
      vertex -14.8326 -4.49941 16
      vertex -14.8326 4.49941 16
    endloop
  endfacet
  facet normal 0 0 1
    outer loop
      vertex -15.2022 3.0239 16
      vertex -15.2022 -3.0239 16
      vertex -14.8326 -4.49941 16
    endloop
  endfacet
  facet normal -0 0 1
    outer loop
      vertex -15.4254 1.51927 16
      vertex -15.2022 -3.0239 16
      vertex -15.2022 3.0239 16
    endloop
  endfacet
  facet normal 0 0 1
    outer loop
      vertex -15.4254 1.51927 16
      vertex -15.4254 -1.51927 16
      vertex -15.2022 -3.0239 16
    endloop
  endfacet
  facet normal 0 -0 1
    outer loop
      vertex -15.4254 -1.51927 16
      vertex -15.4254 1.51927 16
      vertex -15.5 0 16
    endloop
  endfacet
  facet normal 0.671543 0.740965 -0
    outer loop
      vertex -9.8331 -11.9817 16
      vertex -10.9602 -10.9602 98
      vertex -9.8331 -11.9817 98
    endloop
  endfacet
  facet normal 0.671543 0.740965 0
    outer loop
      vertex -10.9602 -10.9602 98
      vertex -9.8331 -11.9817 16
      vertex -10.9602 -10.9602 16
    endloop
  endfacet
  facet normal 0.803213 -0.595691 0
    outer loop
      vertex -12.8878 8.61134 98
      vertex -11.9817 9.8331 16
      vertex -11.9817 9.8331 98
    endloop
  endfacet
  facet normal 0.803213 -0.595691 0
    outer loop
      vertex -11.9817 9.8331 16
      vertex -12.8878 8.61134 98
      vertex -12.8878 8.61134 16
    endloop
  endfacet
  facet normal 0.857729 -0.514102 0
    outer loop
      vertex -13.6698 7.30665 98
      vertex -12.8878 8.61134 16
      vertex -12.8878 8.61134 98
    endloop
  endfacet
  facet normal 0.857729 -0.514102 0
    outer loop
      vertex -12.8878 8.61134 16
      vertex -13.6698 7.30665 98
      vertex -13.6698 7.30665 16
    endloop
  endfacet
  facet normal 0 0 -1
    outer loop
      vertex 1.25 0 98
      vertex 15.5 0 98
      vertex 15.4254 -1.51927 98
    endloop
  endfacet
  facet normal 0 0 -1
    outer loop
      vertex 1.20741 -0.323524 98
      vertex 15.4254 -1.51927 98
      vertex 15.2022 -3.0239 98
    endloop
  endfacet
  facet normal 0 0 -1
    outer loop
      vertex 15.5 0 98
      vertex 1.25 0 98
      vertex 15.4254 1.51927 98
    endloop
  endfacet
  facet normal 0 0 -1
    outer loop
      vertex 1.20741 -0.323524 98
      vertex 15.2022 -3.0239 98
      vertex 14.8326 -4.49941 98
    endloop
  endfacet
  facet normal 0 0 -1
    outer loop
      vertex 1.20741 0.323524 98
      vertex 15.4254 1.51927 98
      vertex 1.25 0 98
    endloop
  endfacet
  facet normal 0 0 -1
    outer loop
      vertex 1.20741 -0.323524 98
      vertex 14.8326 -4.49941 98
      vertex 14.3201 -5.93159 98
    endloop
  endfacet
  facet normal -0 0 -1
    outer loop
      vertex 15.4254 1.51927 98
      vertex 1.20741 0.323524 98
      vertex 15.2022 3.0239 98
    endloop
  endfacet
  facet normal 0 0 -1
    outer loop
      vertex 1.08253 -0.625 98
      vertex 14.3201 -5.93159 98
      vertex 13.6698 -7.30665 98
    endloop
  endfacet
  facet normal -0 0 -1
    outer loop
      vertex 15.2022 3.0239 98
      vertex 1.20741 0.323524 98
      vertex 14.8326 4.49941 98
    endloop
  endfacet
  facet normal 0 0 -1
    outer loop
      vertex 1.08253 -0.625 98
      vertex 13.6698 -7.30665 98
      vertex 12.8878 -8.61134 98
    endloop
  endfacet
  facet normal -0 0 -1
    outer loop
      vertex 14.8326 4.49941 98
      vertex 1.20741 0.323524 98
      vertex 14.3201 5.93159 98
    endloop
  endfacet
  facet normal 0 0 -1
    outer loop
      vertex 1.08253 -0.625 98
      vertex 12.8878 -8.61134 98
      vertex 11.9817 -9.8331 98
    endloop
  endfacet
  facet normal 0 0 -1
    outer loop
      vertex 1.08253 0.625 98
      vertex 14.3201 5.93159 98
      vertex 1.20741 0.323524 98
    endloop
  endfacet
  facet normal 0 0 -1
    outer loop
      vertex 0.883883 -0.883883 98
      vertex 11.9817 -9.8331 98
      vertex 10.9602 -10.9602 98
    endloop
  endfacet
  facet normal -0 0 -1
    outer loop
      vertex 14.3201 5.93159 98
      vertex 1.08253 0.625 98
      vertex 13.6698 7.30665 98
    endloop
  endfacet
  facet normal 0 0 -1
    outer loop
      vertex 0.883883 -0.883883 98
      vertex 10.9602 -10.9602 98
      vertex 9.8331 -11.9817 98
    endloop
  endfacet
  facet normal -0 0 -1
    outer loop
      vertex 13.6698 7.30665 98
      vertex 1.08253 0.625 98
      vertex 12.8878 8.61134 98
    endloop
  endfacet
  facet normal 0 0 -1
    outer loop
      vertex 0.625 -1.08253 98
      vertex 9.8331 -11.9817 98
      vertex 8.61134 -12.8878 98
    endloop
  endfacet
  facet normal -0 0 -1
    outer loop
      vertex 12.8878 8.61134 98
      vertex 1.08253 0.625 98
      vertex 11.9817 9.8331 98
    endloop
  endfacet
  facet normal 0 0 -1
    outer loop
      vertex 0.625 -1.08253 98
      vertex 8.61134 -12.8878 98
      vertex 7.30665 -13.6698 98
    endloop
  endfacet
  facet normal 0 0 -1
    outer loop
      vertex 0.883883 0.883883 98
      vertex 11.9817 9.8331 98
      vertex 1.08253 0.625 98
    endloop
  endfacet
  facet normal 0 0 -1
    outer loop
      vertex 0.625 -1.08253 98
      vertex 7.30665 -13.6698 98
      vertex 5.93159 -14.3201 98
    endloop
  endfacet
  facet normal -0 0 -1
    outer loop
      vertex 11.9817 9.8331 98
      vertex 0.883883 0.883883 98
      vertex 10.9602 10.9602 98
    endloop
  endfacet
  facet normal 0 0 -1
    outer loop
      vertex 0.323524 -1.20741 98
      vertex 5.93159 -14.3201 98
      vertex 4.49941 -14.8326 98
    endloop
  endfacet
  facet normal -0 0 -1
    outer loop
      vertex 10.9602 10.9602 98
      vertex 0.883883 0.883883 98
      vertex 9.8331 11.9817 98
    endloop
  endfacet
  facet normal 0 0 -1
    outer loop
      vertex 0.323524 -1.20741 98
      vertex 4.49941 -14.8326 98
      vertex 3.0239 -15.2022 98
    endloop
  endfacet
  facet normal 0 0 -1
    outer loop
      vertex 0.625 1.08253 98
      vertex 9.8331 11.9817 98
      vertex 0.883883 0.883883 98
    endloop
  endfacet
  facet normal 0 0 -1
    outer loop
      vertex 0.323524 -1.20741 98
      vertex 3.0239 -15.2022 98
      vertex 1.51927 -15.4254 98
    endloop
  endfacet
  facet normal -0 0 -1
    outer loop
      vertex 9.8331 11.9817 98
      vertex 0.625 1.08253 98
      vertex 8.61134 12.8878 98
    endloop
  endfacet
  facet normal -0 0 -1
    outer loop
      vertex 8.61134 12.8878 98
      vertex 0.625 1.08253 98
      vertex 7.30665 13.6698 98
    endloop
  endfacet
  facet normal 0 0 -1
    outer loop
      vertex 15.4254 -1.51927 98
      vertex 1.20741 -0.323524 98
      vertex 1.25 0 98
    endloop
  endfacet
  facet normal 0 0 -1
    outer loop
      vertex 14.3201 -5.93159 98
      vertex 1.08253 -0.625 98
      vertex 1.20741 -0.323524 98
    endloop
  endfacet
  facet normal 0 0 -1
    outer loop
      vertex 11.9817 -9.8331 98
      vertex 0.883883 -0.883883 98
      vertex 1.08253 -0.625 98
    endloop
  endfacet
  facet normal 0 0 -1
    outer loop
      vertex 9.8331 -11.9817 98
      vertex 0.625 -1.08253 98
      vertex 0.883883 -0.883883 98
    endloop
  endfacet
  facet normal 0 0 -1
    outer loop
      vertex 5.93159 -14.3201 98
      vertex 0.323524 -1.20741 98
      vertex 0.625 -1.08253 98
    endloop
  endfacet
  facet normal 0 0 -1
    outer loop
      vertex 0 -1.25 98
      vertex 1.51927 -15.4254 98
      vertex 0 -15.5 98
    endloop
  endfacet
  facet normal 0 0 -1
    outer loop
      vertex 1.51927 -15.4254 98
      vertex 0 -1.25 98
      vertex 0.323524 -1.20741 98
    endloop
  endfacet
  facet normal 0 0 -1
    outer loop
      vertex -1.51927 -15.4254 98
      vertex 0 -1.25 98
      vertex 0 -15.5 98
    endloop
  endfacet
  facet normal -0 0 -1
    outer loop
      vertex 0 -1.25 98
      vertex -1.51927 -15.4254 98
      vertex -0.323524 -1.20741 98
    endloop
  endfacet
  facet normal 0 0 -1
    outer loop
      vertex -3.0239 -15.2022 98
      vertex -0.323524 -1.20741 98
      vertex -1.51927 -15.4254 98
    endloop
  endfacet
  facet normal 0 0 -1
    outer loop
      vertex -4.49941 -14.8326 98
      vertex -0.323524 -1.20741 98
      vertex -3.0239 -15.2022 98
    endloop
  endfacet
  facet normal 0 0 -1
    outer loop
      vertex -5.93159 -14.3201 98
      vertex -0.323524 -1.20741 98
      vertex -4.49941 -14.8326 98
    endloop
  endfacet
  facet normal -0 0 -1
    outer loop
      vertex -0.323524 -1.20741 98
      vertex -5.93159 -14.3201 98
      vertex -0.625 -1.08253 98
    endloop
  endfacet
  facet normal 0 0 -1
    outer loop
      vertex -7.30665 -13.6698 98
      vertex -0.625 -1.08253 98
      vertex -5.93159 -14.3201 98
    endloop
  endfacet
  facet normal -0 0 -1
    outer loop
      vertex 7.30665 13.6698 98
      vertex 0.625 1.08253 98
      vertex 5.93159 14.3201 98
    endloop
  endfacet
  facet normal 0 0 -1
    outer loop
      vertex 0.323524 1.20741 98
      vertex 5.93159 14.3201 98
      vertex 0.625 1.08253 98
    endloop
  endfacet
  facet normal -0 0 -1
    outer loop
      vertex 5.93159 14.3201 98
      vertex 0.323524 1.20741 98
      vertex 4.49941 14.8326 98
    endloop
  endfacet
  facet normal -0 0 -1
    outer loop
      vertex 4.49941 14.8326 98
      vertex 0.323524 1.20741 98
      vertex 3.0239 15.2022 98
    endloop
  endfacet
  facet normal -0 0 -1
    outer loop
      vertex 3.0239 15.2022 98
      vertex 0.323524 1.20741 98
      vertex 1.51927 15.4254 98
    endloop
  endfacet
  facet normal 0 0 -1
    outer loop
      vertex 0 1.25 98
      vertex 1.51927 15.4254 98
      vertex 0.323524 1.20741 98
    endloop
  endfacet
  facet normal 0 0 -1
    outer loop
      vertex 0 1.25 98
      vertex 0 15.5 98
      vertex 1.51927 15.4254 98
    endloop
  endfacet
  facet normal 0 0 -1
    outer loop
      vertex -1.51927 15.4254 98
      vertex 0 1.25 98
      vertex -0.323524 1.20741 98
    endloop
  endfacet
  facet normal 0 0 -1
    outer loop
      vertex -5.93159 14.3201 98
      vertex -0.323524 1.20741 98
      vertex -0.625 1.08253 98
    endloop
  endfacet
  facet normal 0 0 -1
    outer loop
      vertex -9.8331 11.9817 98
      vertex -0.625 1.08253 98
      vertex -0.883883 0.883883 98
    endloop
  endfacet
  facet normal 0 0 -1
    outer loop
      vertex -11.9817 9.8331 98
      vertex -0.883883 0.883883 98
      vertex -1.08253 0.625 98
    endloop
  endfacet
  facet normal 0 0 -1
    outer loop
      vertex -14.3201 5.93159 98
      vertex -1.08253 0.625 98
      vertex -1.20741 0.323524 98
    endloop
  endfacet
  facet normal 0 0 -1
    outer loop
      vertex -15.4254 1.51927 98
      vertex -1.20741 0.323524 98
      vertex -1.25 0 98
    endloop
  endfacet
  facet normal 0 0 -1
    outer loop
      vertex 0 1.25 98
      vertex -1.51927 15.4254 98
      vertex 0 15.5 98
    endloop
  endfacet
  facet normal 0 0 -1
    outer loop
      vertex -8.61134 -12.8878 98
      vertex -0.625 -1.08253 98
      vertex -7.30665 -13.6698 98
    endloop
  endfacet
  facet normal 0 0 -1
    outer loop
      vertex -9.8331 -11.9817 98
      vertex -0.625 -1.08253 98
      vertex -8.61134 -12.8878 98
    endloop
  endfacet
  facet normal 0 0 -1
    outer loop
      vertex -0.323524 1.20741 98
      vertex -3.0239 15.2022 98
      vertex -1.51927 15.4254 98
    endloop
  endfacet
  facet normal -0 0 -1
    outer loop
      vertex -0.625 -1.08253 98
      vertex -9.8331 -11.9817 98
      vertex -0.883883 -0.883883 98
    endloop
  endfacet
  facet normal 0 0 -1
    outer loop
      vertex -0.323524 1.20741 98
      vertex -4.49941 14.8326 98
      vertex -3.0239 15.2022 98
    endloop
  endfacet
  facet normal 0 0 -1
    outer loop
      vertex -10.9602 -10.9602 98
      vertex -0.883883 -0.883883 98
      vertex -9.8331 -11.9817 98
    endloop
  endfacet
  facet normal 0 0 -1
    outer loop
      vertex -0.323524 1.20741 98
      vertex -5.93159 14.3201 98
      vertex -4.49941 14.8326 98
    endloop
  endfacet
  facet normal 0 0 -1
    outer loop
      vertex -11.9817 -9.8331 98
      vertex -0.883883 -0.883883 98
      vertex -10.9602 -10.9602 98
    endloop
  endfacet
  facet normal 0 0 -1
    outer loop
      vertex -0.625 1.08253 98
      vertex -7.30665 13.6698 98
      vertex -5.93159 14.3201 98
    endloop
  endfacet
  facet normal -0 0 -1
    outer loop
      vertex -0.883883 -0.883883 98
      vertex -11.9817 -9.8331 98
      vertex -1.08253 -0.625 98
    endloop
  endfacet
  facet normal 0 0 -1
    outer loop
      vertex -0.625 1.08253 98
      vertex -8.61134 12.8878 98
      vertex -7.30665 13.6698 98
    endloop
  endfacet
  facet normal 0 0 -1
    outer loop
      vertex -12.8878 -8.61134 98
      vertex -1.08253 -0.625 98
      vertex -11.9817 -9.8331 98
    endloop
  endfacet
  facet normal 0 0 -1
    outer loop
      vertex -0.625 1.08253 98
      vertex -9.8331 11.9817 98
      vertex -8.61134 12.8878 98
    endloop
  endfacet
  facet normal 0 0 -1
    outer loop
      vertex -13.6698 -7.30665 98
      vertex -1.08253 -0.625 98
      vertex -12.8878 -8.61134 98
    endloop
  endfacet
  facet normal 0 0 -1
    outer loop
      vertex -0.883883 0.883883 98
      vertex -10.9602 10.9602 98
      vertex -9.8331 11.9817 98
    endloop
  endfacet
  facet normal 0 0 -1
    outer loop
      vertex -14.3201 -5.93159 98
      vertex -1.08253 -0.625 98
      vertex -13.6698 -7.30665 98
    endloop
  endfacet
  facet normal 0 0 -1
    outer loop
      vertex -0.883883 0.883883 98
      vertex -11.9817 9.8331 98
      vertex -10.9602 10.9602 98
    endloop
  endfacet
  facet normal -0 0 -1
    outer loop
      vertex -1.08253 -0.625 98
      vertex -14.3201 -5.93159 98
      vertex -1.20741 -0.323524 98
    endloop
  endfacet
  facet normal 0 0 -1
    outer loop
      vertex -1.08253 0.625 98
      vertex -12.8878 8.61134 98
      vertex -11.9817 9.8331 98
    endloop
  endfacet
  facet normal 0 0 -1
    outer loop
      vertex -14.8326 -4.49941 98
      vertex -1.20741 -0.323524 98
      vertex -14.3201 -5.93159 98
    endloop
  endfacet
  facet normal 0 0 -1
    outer loop
      vertex -1.08253 0.625 98
      vertex -13.6698 7.30665 98
      vertex -12.8878 8.61134 98
    endloop
  endfacet
  facet normal 0 0 -1
    outer loop
      vertex -15.2022 -3.0239 98
      vertex -1.20741 -0.323524 98
      vertex -14.8326 -4.49941 98
    endloop
  endfacet
  facet normal 0 0 -1
    outer loop
      vertex -1.08253 0.625 98
      vertex -14.3201 5.93159 98
      vertex -13.6698 7.30665 98
    endloop
  endfacet
  facet normal 0 0 -1
    outer loop
      vertex -15.4254 -1.51927 98
      vertex -1.20741 -0.323524 98
      vertex -15.2022 -3.0239 98
    endloop
  endfacet
  facet normal 0 0 -1
    outer loop
      vertex -1.20741 0.323524 98
      vertex -14.8326 4.49941 98
      vertex -14.3201 5.93159 98
    endloop
  endfacet
  facet normal -0 0 -1
    outer loop
      vertex -1.20741 -0.323524 98
      vertex -15.4254 -1.51927 98
      vertex -1.25 0 98
    endloop
  endfacet
  facet normal 0 0 -1
    outer loop
      vertex -1.20741 0.323524 98
      vertex -15.2022 3.0239 98
      vertex -14.8326 4.49941 98
    endloop
  endfacet
  facet normal 0 0 -1
    outer loop
      vertex -15.5 0 98
      vertex -1.25 0 98
      vertex -15.4254 -1.51927 98
    endloop
  endfacet
  facet normal 0 0 -1
    outer loop
      vertex -1.20741 0.323524 98
      vertex -15.4254 1.51927 98
      vertex -15.2022 3.0239 98
    endloop
  endfacet
  facet normal 0 0 -1
    outer loop
      vertex -1.25 0 98
      vertex -15.5 0 98
      vertex -15.4254 1.51927 98
    endloop
  endfacet
  facet normal 0.0490434 0.998797 -0
    outer loop
      vertex 0 -15.5 16
      vertex -1.51927 -15.4254 98
      vertex 0 -15.5 98
    endloop
  endfacet
  facet normal 0.0490434 0.998797 0
    outer loop
      vertex -1.51927 -15.4254 98
      vertex 0 -15.5 16
      vertex -1.51927 -15.4254 16
    endloop
  endfacet
  facet normal 0.998797 -0.0490434 0
    outer loop
      vertex -15.5 0 98
      vertex -15.4254 1.51927 16
      vertex -15.4254 1.51927 98
    endloop
  endfacet
  facet normal 0.998797 -0.0490434 0
    outer loop
      vertex -15.4254 1.51927 16
      vertex -15.5 0 98
      vertex -15.5 0 16
    endloop
  endfacet
  facet normal 0.336924 0.941532 -0
    outer loop
      vertex -4.49941 -14.8326 16
      vertex -5.93159 -14.3201 98
      vertex -4.49941 -14.8326 98
    endloop
  endfacet
  facet normal 0.336924 0.941532 0
    outer loop
      vertex -5.93159 -14.3201 98
      vertex -4.49941 -14.8326 16
      vertex -5.93159 -14.3201 16
    endloop
  endfacet
  facet normal -0.336924 -0.941532 0
    outer loop
      vertex 4.49941 14.8326 16
      vertex 5.93159 14.3201 98
      vertex 4.49941 14.8326 98
    endloop
  endfacet
  facet normal -0.336924 -0.941532 -0
    outer loop
      vertex 5.93159 14.3201 98
      vertex 4.49941 14.8326 16
      vertex 5.93159 14.3201 16
    endloop
  endfacet
  facet normal -0.740965 0.671543 0
    outer loop
      vertex 10.9602 -10.9602 16
      vertex 11.9817 -9.8331 98
      vertex 11.9817 -9.8331 16
    endloop
  endfacet
  facet normal -0.740965 0.671543 0
    outer loop
      vertex 11.9817 -9.8331 98
      vertex 10.9602 -10.9602 16
      vertex 10.9602 -10.9602 98
    endloop
  endfacet
  facet normal -0.671543 0.740965 0
    outer loop
      vertex 10.9602 -10.9602 16
      vertex 9.8331 -11.9817 98
      vertex 10.9602 -10.9602 98
    endloop
  endfacet
  facet normal -0.671543 0.740965 0
    outer loop
      vertex 9.8331 -11.9817 98
      vertex 10.9602 -10.9602 16
      vertex 9.8331 -11.9817 16
    endloop
  endfacet
  facet normal 0.991446 -0.130518 0
    outer loop
      vertex -1.25 0 104
      vertex -1.20741 0.323524 98
      vertex -1.20741 0.323524 104
    endloop
  endfacet
  facet normal 0.991446 -0.130518 0
    outer loop
      vertex -1.20741 0.323524 98
      vertex -1.25 0 104
      vertex -1.25 0 98
    endloop
  endfacet
  facet normal -0.923875 -0.382695 0
    outer loop
      vertex 1.20741 0.323524 98
      vertex 1.08253 0.625 104
      vertex 1.08253 0.625 98
    endloop
  endfacet
  facet normal -0.923875 -0.382695 0
    outer loop
      vertex 1.08253 0.625 104
      vertex 1.20741 0.323524 98
      vertex 1.20741 0.323524 104
    endloop
  endfacet
  facet normal -0.991446 -0.130518 0
    outer loop
      vertex 1.25 0 98
      vertex 1.20741 0.323524 104
      vertex 1.20741 0.323524 98
    endloop
  endfacet
  facet normal -0.991446 -0.130518 0
    outer loop
      vertex 1.20741 0.323524 104
      vertex 1.25 0 98
      vertex 1.25 0 104
    endloop
  endfacet
  facet normal -0.793355 -0.60876 0
    outer loop
      vertex 1.08253 0.625 98
      vertex 0.883883 0.883883 104
      vertex 0.883883 0.883883 98
    endloop
  endfacet
  facet normal -0.793355 -0.60876 0
    outer loop
      vertex 0.883883 0.883883 104
      vertex 1.08253 0.625 98
      vertex 1.08253 0.625 104
    endloop
  endfacet
  facet normal -0.991446 0.130518 0
    outer loop
      vertex 1.20741 -0.323524 98
      vertex 1.25 0 104
      vertex 1.25 0 98
    endloop
  endfacet
  facet normal -0.991446 0.130518 0
    outer loop
      vertex 1.25 0 104
      vertex 1.20741 -0.323524 98
      vertex 1.20741 -0.323524 104
    endloop
  endfacet
  facet normal -0.130518 0.991446 0
    outer loop
      vertex 0.323524 -1.20741 98
      vertex 0 -1.25 104
      vertex 0.323524 -1.20741 104
    endloop
  endfacet
  facet normal -0.130518 0.991446 0
    outer loop
      vertex 0 -1.25 104
      vertex 0.323524 -1.20741 98
      vertex 0 -1.25 98
    endloop
  endfacet
  facet normal 0.923875 -0.382695 0
    outer loop
      vertex -1.20741 0.323524 104
      vertex -1.08253 0.625 98
      vertex -1.08253 0.625 104
    endloop
  endfacet
  facet normal 0.923875 -0.382695 0
    outer loop
      vertex -1.08253 0.625 98
      vertex -1.20741 0.323524 104
      vertex -1.20741 0.323524 98
    endloop
  endfacet
  facet normal -0.60876 0.793355 0
    outer loop
      vertex 0.883883 -0.883883 98
      vertex 0.625 -1.08253 104
      vertex 0.883883 -0.883883 104
    endloop
  endfacet
  facet normal -0.60876 0.793355 0
    outer loop
      vertex 0.625 -1.08253 104
      vertex 0.883883 -0.883883 98
      vertex 0.625 -1.08253 98
    endloop
  endfacet
  facet normal -0.382695 -0.923875 0
    outer loop
      vertex 0.323524 1.20741 98
      vertex 0.625 1.08253 104
      vertex 0.323524 1.20741 104
    endloop
  endfacet
  facet normal -0.382695 -0.923875 -0
    outer loop
      vertex 0.625 1.08253 104
      vertex 0.323524 1.20741 98
      vertex 0.625 1.08253 98
    endloop
  endfacet
  facet normal 0.793355 -0.60876 0
    outer loop
      vertex -1.08253 0.625 104
      vertex -0.883883 0.883883 98
      vertex -0.883883 0.883883 104
    endloop
  endfacet
  facet normal 0.793355 -0.60876 0
    outer loop
      vertex -0.883883 0.883883 98
      vertex -1.08253 0.625 104
      vertex -1.08253 0.625 98
    endloop
  endfacet
  facet normal 0.923875 0.382695 0
    outer loop
      vertex -1.08253 -0.625 104
      vertex -1.20741 -0.323524 98
      vertex -1.20741 -0.323524 104
    endloop
  endfacet
  facet normal 0.923875 0.382695 0
    outer loop
      vertex -1.20741 -0.323524 98
      vertex -1.08253 -0.625 104
      vertex -1.08253 -0.625 98
    endloop
  endfacet
  facet normal -0.130518 -0.991446 0
    outer loop
      vertex 0 1.25 98
      vertex 0.323524 1.20741 104
      vertex 0 1.25 104
    endloop
  endfacet
  facet normal -0.130518 -0.991446 -0
    outer loop
      vertex 0.323524 1.20741 104
      vertex 0 1.25 98
      vertex 0.323524 1.20741 98
    endloop
  endfacet
  facet normal 0.382695 -0.923875 0
    outer loop
      vertex -0.625 1.08253 98
      vertex -0.323524 1.20741 104
      vertex -0.625 1.08253 104
    endloop
  endfacet
  facet normal 0.382695 -0.923875 0
    outer loop
      vertex -0.323524 1.20741 104
      vertex -0.625 1.08253 98
      vertex -0.323524 1.20741 98
    endloop
  endfacet
  facet normal 0.130518 -0.991446 0
    outer loop
      vertex -0.323524 1.20741 98
      vertex 0 1.25 104
      vertex -0.323524 1.20741 104
    endloop
  endfacet
  facet normal 0.130518 -0.991446 0
    outer loop
      vertex 0 1.25 104
      vertex -0.323524 1.20741 98
      vertex 0 1.25 98
    endloop
  endfacet
  facet normal 0.60876 0.793355 -0
    outer loop
      vertex -0.625 -1.08253 98
      vertex -0.883883 -0.883883 104
      vertex -0.625 -1.08253 104
    endloop
  endfacet
  facet normal 0.60876 0.793355 0
    outer loop
      vertex -0.883883 -0.883883 104
      vertex -0.625 -1.08253 98
      vertex -0.883883 -0.883883 98
    endloop
  endfacet
  facet normal 0.60876 -0.793355 0
    outer loop
      vertex -0.883883 0.883883 98
      vertex -0.625 1.08253 104
      vertex -0.883883 0.883883 104
    endloop
  endfacet
  facet normal 0.60876 -0.793355 0
    outer loop
      vertex -0.625 1.08253 104
      vertex -0.883883 0.883883 98
      vertex -0.625 1.08253 98
    endloop
  endfacet
  facet normal -0.923875 0.382695 0
    outer loop
      vertex 1.08253 -0.625 98
      vertex 1.20741 -0.323524 104
      vertex 1.20741 -0.323524 98
    endloop
  endfacet
  facet normal -0.923875 0.382695 0
    outer loop
      vertex 1.20741 -0.323524 104
      vertex 1.08253 -0.625 98
      vertex 1.08253 -0.625 104
    endloop
  endfacet
  facet normal -0.793355 0.60876 0
    outer loop
      vertex 0.883883 -0.883883 98
      vertex 1.08253 -0.625 104
      vertex 1.08253 -0.625 98
    endloop
  endfacet
  facet normal -0.793355 0.60876 0
    outer loop
      vertex 1.08253 -0.625 104
      vertex 0.883883 -0.883883 98
      vertex 0.883883 -0.883883 104
    endloop
  endfacet
  facet normal -0.60876 -0.793355 0
    outer loop
      vertex 0.625 1.08253 98
      vertex 0.883883 0.883883 104
      vertex 0.625 1.08253 104
    endloop
  endfacet
  facet normal -0.60876 -0.793355 -0
    outer loop
      vertex 0.883883 0.883883 104
      vertex 0.625 1.08253 98
      vertex 0.883883 0.883883 98
    endloop
  endfacet
  facet normal 0.991446 0.130518 0
    outer loop
      vertex -1.20741 -0.323524 104
      vertex -1.25 0 98
      vertex -1.25 0 104
    endloop
  endfacet
  facet normal 0.991446 0.130518 0
    outer loop
      vertex -1.25 0 98
      vertex -1.20741 -0.323524 104
      vertex -1.20741 -0.323524 98
    endloop
  endfacet
  facet normal -0.382695 0.923875 0
    outer loop
      vertex 0.625 -1.08253 98
      vertex 0.323524 -1.20741 104
      vertex 0.625 -1.08253 104
    endloop
  endfacet
  facet normal -0.382695 0.923875 0
    outer loop
      vertex 0.323524 -1.20741 104
      vertex 0.625 -1.08253 98
      vertex 0.323524 -1.20741 98
    endloop
  endfacet
  facet normal 0.793355 0.60876 0
    outer loop
      vertex -0.883883 -0.883883 104
      vertex -1.08253 -0.625 98
      vertex -1.08253 -0.625 104
    endloop
  endfacet
  facet normal 0.793355 0.60876 0
    outer loop
      vertex -1.08253 -0.625 98
      vertex -0.883883 -0.883883 104
      vertex -0.883883 -0.883883 98
    endloop
  endfacet
  facet normal 0.382695 0.923875 -0
    outer loop
      vertex -0.323524 -1.20741 98
      vertex -0.625 -1.08253 104
      vertex -0.323524 -1.20741 104
    endloop
  endfacet
  facet normal 0.382695 0.923875 0
    outer loop
      vertex -0.625 -1.08253 104
      vertex -0.323524 -1.20741 98
      vertex -0.625 -1.08253 98
    endloop
  endfacet
  facet normal 0.130518 0.991446 -0
    outer loop
      vertex 0 -1.25 98
      vertex -0.323524 -1.20741 104
      vertex 0 -1.25 104
    endloop
  endfacet
  facet normal 0.130518 0.991446 0
    outer loop
      vertex -0.323524 -1.20741 104
      vertex 0 -1.25 98
      vertex -0.323524 -1.20741 98
    endloop
  endfacet
  facet normal 0 0 1
    outer loop
      vertex 15 4.5 68
      vertex 14.8326 4.49941 68
      vertex 15 3.83101 68
    endloop
  endfacet
  facet normal 0 -0 1
    outer loop
      vertex 14.8326 4.49941 68
      vertex 15 4.5 68
      vertex 14.8324 4.5 68
    endloop
  endfacet
  facet normal -0 0 1
    outer loop
      vertex -15 4.5 68
      vertex -14.8326 4.49941 68
      vertex -14.8324 4.5 68
    endloop
  endfacet
  facet normal 0 0 1
    outer loop
      vertex -14.8326 4.49941 68
      vertex -15 4.5 68
      vertex -15 3.83101 68
    endloop
  endfacet
  facet normal -0 0 1
    outer loop
      vertex 14.8326 -4.49941 68
      vertex 15 -4.5 68
      vertex 15 -3.83101 68
    endloop
  endfacet
  facet normal 0 0 1
    outer loop
      vertex 15 -4.5 68
      vertex 14.8326 -4.49941 68
      vertex 14.8324 -4.5 68
    endloop
  endfacet
  facet normal 0 0 1
    outer loop
      vertex -14.8326 -4.49941 68
      vertex -15 -4.5 68
      vertex -14.8324 -4.5 68
    endloop
  endfacet
  facet normal 0 0 1
    outer loop
      vertex -15 -4.5 68
      vertex -14.8326 -4.49941 68
      vertex -15 -3.83101 68
    endloop
  endfacet
  facet normal -1 0 0
    outer loop
      vertex 15 3.83101 68
      vertex 15 4.5 72
      vertex 15 4.5 68
    endloop
  endfacet
  facet normal -1 -0 0
    outer loop
      vertex 15 4.5 72
      vertex 15 3.83101 68
      vertex 15 3.83101 72
    endloop
  endfacet
  facet normal -1 0 0
    outer loop
      vertex 15 -4.5 68
      vertex 15 -3.83101 72
      vertex 15 -3.83101 68
    endloop
  endfacet
  facet normal -1 -0 0
    outer loop
      vertex 15 -3.83101 72
      vertex 15 -4.5 68
      vertex 15 -4.5 72
    endloop
  endfacet
  facet normal 1 -0 0
    outer loop
      vertex -15 3.83101 72
      vertex -15 4.5 68
      vertex -15 4.5 72
    endloop
  endfacet
  facet normal 1 0 0
    outer loop
      vertex -15 4.5 68
      vertex -15 3.83101 72
      vertex -15 3.83101 68
    endloop
  endfacet
  facet normal 1 -0 0
    outer loop
      vertex -15 -4.5 72
      vertex -15 -3.83101 68
      vertex -15 -3.83101 72
    endloop
  endfacet
  facet normal 1 0 0
    outer loop
      vertex -15 -3.83101 68
      vertex -15 -4.5 72
      vertex -15 -4.5 68
    endloop
  endfacet
  facet normal 0 0 -1
    outer loop
      vertex 14.8326 4.49941 72
      vertex 15 4.5 72
      vertex 15 3.83101 72
    endloop
  endfacet
  facet normal -0 0 -1
    outer loop
      vertex 15 4.5 72
      vertex 14.8326 4.49941 72
      vertex 14.8324 4.5 72
    endloop
  endfacet
  facet normal 0 0 -1
    outer loop
      vertex 15 -4.5 72
      vertex 14.8326 -4.49941 72
      vertex 15 -3.83101 72
    endloop
  endfacet
  facet normal 0 -0 -1
    outer loop
      vertex 14.8326 -4.49941 72
      vertex 15 -4.5 72
      vertex 14.8324 -4.5 72
    endloop
  endfacet
  facet normal 0 0 -1
    outer loop
      vertex -15 -4.5 72
      vertex -14.8326 -4.49941 72
      vertex -14.8324 -4.5 72
    endloop
  endfacet
  facet normal -0 0 -1
    outer loop
      vertex -14.8326 -4.49941 72
      vertex -15 -4.5 72
      vertex -15 -3.83101 72
    endloop
  endfacet
  facet normal 0 0 -1
    outer loop
      vertex -14.8326 4.49941 72
      vertex -15 4.5 72
      vertex -14.8324 4.5 72
    endloop
  endfacet
  facet normal 0 0 -1
    outer loop
      vertex -15 4.5 72
      vertex -14.8326 4.49941 72
      vertex -15 3.83101 72
    endloop
  endfacet
  facet normal 0 -1 0
    outer loop
      vertex 14.8324 4.5 68
      vertex 15 4.5 72
      vertex 14.8324 4.5 72
    endloop
  endfacet
  facet normal 0 -1 -0
    outer loop
      vertex 15 4.5 72
      vertex 14.8324 4.5 68
      vertex 15 4.5 68
    endloop
  endfacet
  facet normal 0 -1 0
    outer loop
      vertex -15 4.5 68
      vertex -14.8324 4.5 72
      vertex -15 4.5 72
    endloop
  endfacet
  facet normal 0 -1 -0
    outer loop
      vertex -14.8324 4.5 72
      vertex -15 4.5 68
      vertex -14.8324 4.5 68
    endloop
  endfacet
  facet normal 0 1 -0
    outer loop
      vertex 15 -4.5 68
      vertex 14.8324 -4.5 72
      vertex 15 -4.5 72
    endloop
  endfacet
  facet normal 0 1 0
    outer loop
      vertex 14.8324 -4.5 72
      vertex 15 -4.5 68
      vertex 14.8324 -4.5 68
    endloop
  endfacet
  facet normal 0 1 -0
    outer loop
      vertex -14.8324 -4.5 68
      vertex -15 -4.5 72
      vertex -14.8324 -4.5 72
    endloop
  endfacet
  facet normal 0 1 0
    outer loop
      vertex -15 -4.5 72
      vertex -14.8324 -4.5 68
      vertex -15 -4.5 68
    endloop
  endfacet
  facet normal 0 0 1
    outer loop
      vertex 15.9065 2.09413 104
      vertex 3.92314 0.780361 104
      vertex 4 0 104
    endloop
  endfacet
  facet normal 0 0 1
    outer loop
      vertex 4.15242 15.4971 104
      vertex 3.69552 1.53073 104
      vertex 3.92314 0.780361 104
    endloop
  endfacet
  facet normal 0 0 1
    outer loop
      vertex 4.15242 15.4971 104
      vertex 3.32588 2.22228 104
      vertex 3.69552 1.53073 104
    endloop
  endfacet
  facet normal 0 0 1
    outer loop
      vertex 0.780361 3.92314 104
      vertex 4.03904 15.5235 104
      vertex 3.12998 15.7355 104
    endloop
  endfacet
  facet normal 0 0 1
    outer loop
      vertex 0.780361 3.92314 104
      vertex 3.12998 15.7355 104
      vertex 3.01511 15.7544 104
    endloop
  endfacet
  facet normal 0 0 1
    outer loop
      vertex 4.15242 15.4971 104
      vertex 2.82843 2.82843 104
      vertex 3.32588 2.22228 104
    endloop
  endfacet
  facet normal 0 0 1
    outer loop
      vertex 4.15242 15.4971 104
      vertex 2.22228 3.32588 104
      vertex 2.82843 2.82843 104
    endloop
  endfacet
  facet normal 0 0 1
    outer loop
      vertex 0.780361 3.92314 104
      vertex 3.01511 15.7544 104
      vertex 2.09413 15.9065 104
    endloop
  endfacet
  facet normal 0 0 1
    outer loop
      vertex 0.780361 3.92314 104
      vertex 2.09413 15.9065 104
      vertex 1.97826 15.9179 104
    endloop
  endfacet
  facet normal 0 0 1
    outer loop
      vertex 4.15242 15.4971 104
      vertex 1.53073 3.69552 104
      vertex 2.22228 3.32588 104
    endloop
  endfacet
  facet normal 0 0 1
    outer loop
      vertex 0.780361 3.92314 104
      vertex 1.97826 15.9179 104
      vertex 1.04931 16.0094 104
    endloop
  endfacet
  facet normal 0 0 1
    outer loop
      vertex 0 4 104
      vertex 1.04931 16.0094 104
      vertex 0.932949 16.0132 104
    endloop
  endfacet
  facet normal 0 0 1
    outer loop
      vertex 4.15242 15.4971 104
      vertex 0.780361 3.92314 104
      vertex 1.53073 3.69552 104
    endloop
  endfacet
  facet normal 0 0 1
    outer loop
      vertex 0 4 104
      vertex 0.932949 16.0132 104
      vertex 0 16.0437 104
    endloop
  endfacet
  facet normal 0 0 1
    outer loop
      vertex 1.04931 16.0094 104
      vertex 0 4 104
      vertex 0.780361 3.92314 104
    endloop
  endfacet
  facet normal -0 0 1
    outer loop
      vertex -0.11636 16.0399 104
      vertex 0 4 104
      vertex 0 16.0437 104
    endloop
  endfacet
  facet normal -0 0 1
    outer loop
      vertex -1.04931 16.0094 104
      vertex 0 4 104
      vertex -0.11636 16.0399 104
    endloop
  endfacet
  facet normal -0 0 1
    outer loop
      vertex -1.16517 15.998 104
      vertex 0 4 104
      vertex -1.04931 16.0094 104
    endloop
  endfacet
  facet normal 0 0 1
    outer loop
      vertex 0 4 104
      vertex -1.16517 15.998 104
      vertex -0.780361 3.92314 104
    endloop
  endfacet
  facet normal -0 0 1
    outer loop
      vertex -2.09413 15.9065 104
      vertex -0.780361 3.92314 104
      vertex -1.16517 15.998 104
    endloop
  endfacet
  facet normal -0 0 1
    outer loop
      vertex -2.20899 15.8875 104
      vertex -0.780361 3.92314 104
      vertex -2.09413 15.9065 104
    endloop
  endfacet
  facet normal -0 0 1
    outer loop
      vertex -3.12998 15.7355 104
      vertex -0.780361 3.92314 104
      vertex -2.20899 15.8875 104
    endloop
  endfacet
  facet normal -0 0 1
    outer loop
      vertex -3.24336 15.709 104
      vertex -0.780361 3.92314 104
      vertex -3.12998 15.7355 104
    endloop
  endfacet
  facet normal -0 0 1
    outer loop
      vertex -4.15242 15.4971 104
      vertex -0.780361 3.92314 104
      vertex -3.24336 15.709 104
    endloop
  endfacet
  facet normal -0 0 1
    outer loop
      vertex -4.26383 15.4633 104
      vertex -0.780361 3.92314 104
      vertex -4.15242 15.4971 104
    endloop
  endfacet
  facet normal 0 0 1
    outer loop
      vertex -0.780361 3.92314 104
      vertex -4.26383 15.4633 104
      vertex -1.53073 3.69552 104
    endloop
  endfacet
  facet normal -0 0 1
    outer loop
      vertex -5.15709 15.1923 104
      vertex -1.53073 3.69552 104
      vertex -4.26383 15.4633 104
    endloop
  endfacet
  facet normal -0 0 1
    outer loop
      vertex -5.26605 15.1513 104
      vertex -1.53073 3.69552 104
      vertex -5.15709 15.1923 104
    endloop
  endfacet
  facet normal -0 0 1
    outer loop
      vertex -6.13967 14.8225 104
      vertex -1.53073 3.69552 104
      vertex -5.26605 15.1513 104
    endloop
  endfacet
  facet normal -0 0 1
    outer loop
      vertex -6.24571 14.7744 104
      vertex -1.53073 3.69552 104
      vertex -6.13967 14.8225 104
    endloop
  endfacet
  facet normal -0 0 1
    outer loop
      vertex -7.19863 14.3343 104
      vertex -1.53073 3.69552 104
      vertex -7.09596 14.3892 104
    endloop
  endfacet
  facet normal -0 0 1
    outer loop
      vertex -8.02186 13.8943 104
      vertex -2.22228 3.32588 104
      vertex -7.19863 14.3343 104
    endloop
  endfacet
  facet normal -0 0 1
    outer loop
      vertex -8.12073 13.8328 104
      vertex -2.22228 3.32588 104
      vertex -8.02186 13.8943 104
    endloop
  endfacet
  facet normal 0 0 1
    outer loop
      vertex -4 0 104
      vertex -5.04568 -15.2261 104
      vertex -4.03904 -15.5235 104
    endloop
  endfacet
  facet normal 0 0 1
    outer loop
      vertex -4.03904 -15.5235 104
      vertex -5.04568 -15.2261 104
      vertex -4.15242 -15.4971 104
    endloop
  endfacet
  facet normal -0 0 1
    outer loop
      vertex -7.09596 14.3892 104
      vertex -1.53073 3.69552 104
      vertex -6.24571 14.7744 104
    endloop
  endfacet
  facet normal -0 0 1
    outer loop
      vertex -9.00805 13.2721 104
      vertex -2.22228 3.32588 104
      vertex -8.91342 13.3399 104
    endloop
  endfacet
  facet normal 0 0 1
    outer loop
      vertex -4 0 104
      vertex -6.03071 -14.8635 104
      vertex -5.04568 -15.2261 104
    endloop
  endfacet
  facet normal 0 0 1
    outer loop
      vertex -5.04568 -15.2261 104
      vertex -6.03071 -14.8635 104
      vertex -5.15709 -15.1923 104
    endloop
  endfacet
  facet normal 0 0 1
    outer loop
      vertex -1.53073 3.69552 104
      vertex -7.19863 14.3343 104
      vertex -2.22228 3.32588 104
    endloop
  endfacet
  facet normal -0 0 1
    outer loop
      vertex -9.8568 12.6545 104
      vertex -2.22228 3.32588 104
      vertex -9.7668 12.7283 104
    endloop
  endfacet
  facet normal 0 0 1
    outer loop
      vertex -4 0 104
      vertex -6.98991 -14.4372 104
      vertex -6.03071 -14.8635 104
    endloop
  endfacet
  facet normal 0 0 1
    outer loop
      vertex -6.03071 -14.8635 104
      vertex -6.98991 -14.4372 104
      vertex -6.13967 -14.8225 104
    endloop
  endfacet
  facet normal -0 0 1
    outer loop
      vertex -8.91342 13.3399 104
      vertex -2.22228 3.32588 104
      vertex -8.12073 13.8328 104
    endloop
  endfacet
  facet normal -0 0 1
    outer loop
      vertex -10.5784 12.0623 104
      vertex -2.82843 2.82843 104
      vertex -9.8568 12.6545 104
    endloop
  endfacet
  facet normal 0 0 1
    outer loop
      vertex -4 0 104
      vertex -7.91919 -13.9492 104
      vertex -6.98991 -14.4372 104
    endloop
  endfacet
  facet normal 0 0 1
    outer loop
      vertex -6.98991 -14.4372 104
      vertex -7.91919 -13.9492 104
      vertex -7.09596 -14.3892 104
    endloop
  endfacet
  facet normal -0 0 1
    outer loop
      vertex -9.7668 12.7283 104
      vertex -2.22228 3.32588 104
      vertex -9.00805 13.2721 104
    endloop
  endfacet
  facet normal -0 0 1
    outer loop
      vertex -10.6633 11.9827 104
      vertex -2.82843 2.82843 104
      vertex -10.5784 12.0623 104
    endloop
  endfacet
  facet normal 0 0 1
    outer loop
      vertex -4 0 104
      vertex -8.81455 -13.4014 104
      vertex -7.91919 -13.9492 104
    endloop
  endfacet
  facet normal 0 0 1
    outer loop
      vertex -7.91919 -13.9492 104
      vertex -8.81455 -13.4014 104
      vertex -8.02186 -13.8943 104
    endloop
  endfacet
  facet normal 0 0 1
    outer loop
      vertex -2.22228 3.32588 104
      vertex -9.8568 12.6545 104
      vertex -2.82843 2.82843 104
    endloop
  endfacet
  facet normal -0 0 1
    outer loop
      vertex -11.4242 11.2597 104
      vertex -2.82843 2.82843 104
      vertex -11.3446 11.3446 104
    endloop
  endfacet
  facet normal 0 0 1
    outer loop
      vertex -4 0 104
      vertex -9.67217 -12.7962 104
      vertex -8.81455 -13.4014 104
    endloop
  endfacet
  facet normal 0 0 1
    outer loop
      vertex -8.81455 -13.4014 104
      vertex -9.67217 -12.7962 104
      vertex -8.91342 -13.3399 104
    endloop
  endfacet
  facet normal -0 0 1
    outer loop
      vertex -11.3446 11.3446 104
      vertex -2.82843 2.82843 104
      vertex -10.6633 11.9827 104
    endloop
  endfacet
  facet normal -0 0 1
    outer loop
      vertex -12.1362 10.4884 104
      vertex -2.82843 2.82843 104
      vertex -12.0623 10.5784 104
    endloop
  endfacet
  facet normal 0 0 1
    outer loop
      vertex -4 0 104
      vertex -10.4884 -12.1362 104
      vertex -9.67217 -12.7962 104
    endloop
  endfacet
  facet normal 0 0 1
    outer loop
      vertex -9.67217 -12.7962 104
      vertex -10.4884 -12.1362 104
      vertex -9.7668 -12.7283 104
    endloop
  endfacet
  facet normal -0 0 1
    outer loop
      vertex -12.0623 10.5784 104
      vertex -2.82843 2.82843 104
      vertex -11.4242 11.2597 104
    endloop
  endfacet
  facet normal -0 0 1
    outer loop
      vertex -12.7283 9.7668 104
      vertex -3.32588 2.22228 104
      vertex -12.1362 10.4884 104
    endloop
  endfacet
  facet normal 0 0 1
    outer loop
      vertex -4 0 104
      vertex -11.2597 -11.4242 104
      vertex -10.4884 -12.1362 104
    endloop
  endfacet
  facet normal 0 0 1
    outer loop
      vertex -10.4884 -12.1362 104
      vertex -11.2597 -11.4242 104
      vertex -10.5784 -12.0623 104
    endloop
  endfacet
  facet normal 0 0 1
    outer loop
      vertex -2.82843 2.82843 104
      vertex -12.1362 10.4884 104
      vertex -3.32588 2.22228 104
    endloop
  endfacet
  facet normal -0 0 1
    outer loop
      vertex -12.7962 9.67217 104
      vertex -3.32588 2.22228 104
      vertex -12.7283 9.7668 104
    endloop
  endfacet
  facet normal 0 -0 1
    outer loop
      vertex -11.3446 -11.3446 104
      vertex -4 0 104
      vertex -11.9827 -10.6633 104
    endloop
  endfacet
  facet normal 0 0 1
    outer loop
      vertex -4 0 104
      vertex -11.3446 -11.3446 104
      vertex -11.2597 -11.4242 104
    endloop
  endfacet
  facet normal -0 0 1
    outer loop
      vertex -13.3399 8.91342 104
      vertex -3.32588 2.22228 104
      vertex -12.7962 9.67217 104
    endloop
  endfacet
  facet normal -0 0 1
    outer loop
      vertex -13.4014 8.81455 104
      vertex -3.32588 2.22228 104
      vertex -13.3399 8.91342 104
    endloop
  endfacet
  facet normal 0 -0 1
    outer loop
      vertex -12.0623 -10.5784 104
      vertex -4 0 104
      vertex -12.6545 -9.8568 104
    endloop
  endfacet
  facet normal 0 0 1
    outer loop
      vertex -4 0 104
      vertex -12.0623 -10.5784 104
      vertex -11.9827 -10.6633 104
    endloop
  endfacet
  facet normal -0 0 1
    outer loop
      vertex -13.8943 8.02186 104
      vertex -3.32588 2.22228 104
      vertex -13.4014 8.81455 104
    endloop
  endfacet
  facet normal -0 0 1
    outer loop
      vertex -13.9492 7.91919 104
      vertex -3.32588 2.22228 104
      vertex -13.8943 8.02186 104
    endloop
  endfacet
  facet normal 0 -0 1
    outer loop
      vertex -12.7283 -9.7668 104
      vertex -4 0 104
      vertex -13.2721 -9.00805 104
    endloop
  endfacet
  facet normal 0 0 1
    outer loop
      vertex -4 0 104
      vertex -12.7283 -9.7668 104
      vertex -12.6545 -9.8568 104
    endloop
  endfacet
  facet normal 0 0 1
    outer loop
      vertex -3.32588 2.22228 104
      vertex -13.9492 7.91919 104
      vertex -3.69552 1.53073 104
    endloop
  endfacet
  facet normal -0 0 1
    outer loop
      vertex -14.3892 7.09596 104
      vertex -3.69552 1.53073 104
      vertex -13.9492 7.91919 104
    endloop
  endfacet
  facet normal 0 -0 1
    outer loop
      vertex -13.3399 -8.91342 104
      vertex -4 0 104
      vertex -13.8328 -8.12073 104
    endloop
  endfacet
  facet normal 0 0 1
    outer loop
      vertex -4 0 104
      vertex -13.3399 -8.91342 104
      vertex -13.2721 -9.00805 104
    endloop
  endfacet
  facet normal -0 0 1
    outer loop
      vertex -14.4372 6.98991 104
      vertex -3.69552 1.53073 104
      vertex -14.3892 7.09596 104
    endloop
  endfacet
  facet normal -0 0 1
    outer loop
      vertex -14.8225 6.13967 104
      vertex -3.69552 1.53073 104
      vertex -14.4372 6.98991 104
    endloop
  endfacet
  facet normal 0 -0 1
    outer loop
      vertex -13.8943 -8.02186 104
      vertex -4 0 104
      vertex -14.3343 -7.19863 104
    endloop
  endfacet
  facet normal 0 0 1
    outer loop
      vertex -4 0 104
      vertex -13.8943 -8.02186 104
      vertex -13.8328 -8.12073 104
    endloop
  endfacet
  facet normal -0 0 1
    outer loop
      vertex -14.8635 6.03071 104
      vertex -3.69552 1.53073 104
      vertex -14.8225 6.13967 104
    endloop
  endfacet
  facet normal -0 0 1
    outer loop
      vertex -15.1923 5.15709 104
      vertex -3.69552 1.53073 104
      vertex -14.8635 6.03071 104
    endloop
  endfacet
  facet normal 0 -0 1
    outer loop
      vertex -14.3892 -7.09596 104
      vertex -4 0 104
      vertex -14.7744 -6.24571 104
    endloop
  endfacet
  facet normal 0 0 1
    outer loop
      vertex -4 0 104
      vertex -14.3892 -7.09596 104
      vertex -14.3343 -7.19863 104
    endloop
  endfacet
  facet normal -0 0 1
    outer loop
      vertex -15.2261 5.04568 104
      vertex -3.69552 1.53073 104
      vertex -15.1923 5.15709 104
    endloop
  endfacet
  facet normal 0 0 1
    outer loop
      vertex -3.69552 1.53073 104
      vertex -15.2261 5.04568 104
      vertex -3.92314 0.780361 104
    endloop
  endfacet
  facet normal 0 -0 1
    outer loop
      vertex -14.8225 -6.13967 104
      vertex -4 0 104
      vertex -15.1513 -5.26605 104
    endloop
  endfacet
  facet normal 0 0 1
    outer loop
      vertex -4 0 104
      vertex -14.8225 -6.13967 104
      vertex -14.7744 -6.24571 104
    endloop
  endfacet
  facet normal -0 0 1
    outer loop
      vertex -15.4971 4.15242 104
      vertex -3.92314 0.780361 104
      vertex -15.2261 5.04568 104
    endloop
  endfacet
  facet normal -0 0 1
    outer loop
      vertex -15.5235 4.03904 104
      vertex -3.92314 0.780361 104
      vertex -15.4971 4.15242 104
    endloop
  endfacet
  facet normal 0 -0 1
    outer loop
      vertex -15.1923 -5.15709 104
      vertex -4 0 104
      vertex -15.4633 -4.26383 104
    endloop
  endfacet
  facet normal 0 0 1
    outer loop
      vertex -4 0 104
      vertex -15.1923 -5.15709 104
      vertex -15.1513 -5.26605 104
    endloop
  endfacet
  facet normal -0 0 1
    outer loop
      vertex -15.7355 3.12998 104
      vertex -3.92314 0.780361 104
      vertex -15.5235 4.03904 104
    endloop
  endfacet
  facet normal -0 0 1
    outer loop
      vertex -15.7544 3.01511 104
      vertex -3.92314 0.780361 104
      vertex -15.7355 3.12998 104
    endloop
  endfacet
  facet normal 0 -0 1
    outer loop
      vertex -15.4971 -4.15242 104
      vertex -4 0 104
      vertex -15.709 -3.24336 104
    endloop
  endfacet
  facet normal 0 0 1
    outer loop
      vertex -4 0 104
      vertex -15.4971 -4.15242 104
      vertex -15.4633 -4.26383 104
    endloop
  endfacet
  facet normal -0 0 1
    outer loop
      vertex -15.9065 2.09413 104
      vertex -3.92314 0.780361 104
      vertex -15.7544 3.01511 104
    endloop
  endfacet
  facet normal -0 0 1
    outer loop
      vertex -15.9179 1.97826 104
      vertex -3.92314 0.780361 104
      vertex -15.9065 2.09413 104
    endloop
  endfacet
  facet normal 0 -0 1
    outer loop
      vertex -15.7355 -3.12998 104
      vertex -4 0 104
      vertex -15.8875 -2.20899 104
    endloop
  endfacet
  facet normal 0 0 1
    outer loop
      vertex -4 0 104
      vertex -15.7355 -3.12998 104
      vertex -15.709 -3.24336 104
    endloop
  endfacet
  facet normal 0 0 1
    outer loop
      vertex -3.92314 0.780361 104
      vertex -15.9179 1.97826 104
      vertex -4 0 104
    endloop
  endfacet
  facet normal -0 0 1
    outer loop
      vertex -16.0094 1.04931 104
      vertex -4 0 104
      vertex -15.9179 1.97826 104
    endloop
  endfacet
  facet normal 0 -0 1
    outer loop
      vertex -15.9065 -2.09413 104
      vertex -4 0 104
      vertex -15.998 -1.16517 104
    endloop
  endfacet
  facet normal 0 0 1
    outer loop
      vertex -4 0 104
      vertex -15.9065 -2.09413 104
      vertex -15.8875 -2.20899 104
    endloop
  endfacet
  facet normal 0 0 1
    outer loop
      vertex -4 0 104
      vertex -16.0094 1.04931 104
      vertex -16.0132 0.932949 104
    endloop
  endfacet
  facet normal 0 0 1
    outer loop
      vertex -16.0437 0 104
      vertex -4 0 104
      vertex -16.0132 0.932949 104
    endloop
  endfacet
  facet normal 0 -0 1
    outer loop
      vertex -16.0094 -1.04931 104
      vertex -4 0 104
      vertex -16.0399 -0.11636 104
    endloop
  endfacet
  facet normal 0 0 1
    outer loop
      vertex -4 0 104
      vertex -16.0094 -1.04931 104
      vertex -15.998 -1.16517 104
    endloop
  endfacet
  facet normal 0 0 1
    outer loop
      vertex -4 0 104
      vertex -16.0437 0 104
      vertex -16.0399 -0.11636 104
    endloop
  endfacet
  facet normal 0 0 1
    outer loop
      vertex 4 0 104
      vertex 16.0437 0 104
      vertex 16.0399 0.11636 104
    endloop
  endfacet
  facet normal 0 0 1
    outer loop
      vertex 4 0 104
      vertex 16.0399 0.11636 104
      vertex 16.0094 1.04931 104
    endloop
  endfacet
  facet normal 0 0 1
    outer loop
      vertex 16.0437 0 104
      vertex 4 0 104
      vertex 16.0132 -0.932949 104
    endloop
  endfacet
  facet normal 0 0 1
    outer loop
      vertex 4 0 104
      vertex 16.0094 1.04931 104
      vertex 15.998 1.16517 104
    endloop
  endfacet
  facet normal 0 0 1
    outer loop
      vertex 16.0132 -0.932949 104
      vertex 4 0 104
      vertex 16.0094 -1.04931 104
    endloop
  endfacet
  facet normal 0 0 1
    outer loop
      vertex 4 0 104
      vertex 15.998 1.16517 104
      vertex 15.9065 2.09413 104
    endloop
  endfacet
  facet normal 0 0 1
    outer loop
      vertex 16.0094 -1.04931 104
      vertex 4 0 104
      vertex 15.9179 -1.97826 104
    endloop
  endfacet
  facet normal 0 0 1
    outer loop
      vertex 3.92314 0.780361 104
      vertex 15.9065 2.09413 104
      vertex 15.8875 2.20899 104
    endloop
  endfacet
  facet normal -0 0 1
    outer loop
      vertex 3.92314 -0.780361 104
      vertex 15.9179 -1.97826 104
      vertex 4 0 104
    endloop
  endfacet
  facet normal 0 0 1
    outer loop
      vertex 3.92314 0.780361 104
      vertex 15.8875 2.20899 104
      vertex 15.7355 3.12998 104
    endloop
  endfacet
  facet normal 0 0 1
    outer loop
      vertex 15.9179 -1.97826 104
      vertex 3.92314 -0.780361 104
      vertex 15.9065 -2.09413 104
    endloop
  endfacet
  facet normal 0 0 1
    outer loop
      vertex 3.92314 0.780361 104
      vertex 15.7355 3.12998 104
      vertex 15.709 3.24336 104
    endloop
  endfacet
  facet normal 0 0 1
    outer loop
      vertex 15.9065 -2.09413 104
      vertex 3.92314 -0.780361 104
      vertex 15.7544 -3.01511 104
    endloop
  endfacet
  facet normal 0 0 1
    outer loop
      vertex 3.92314 0.780361 104
      vertex 15.709 3.24336 104
      vertex 15.4971 4.15242 104
    endloop
  endfacet
  facet normal 0 0 1
    outer loop
      vertex 15.7544 -3.01511 104
      vertex 3.92314 -0.780361 104
      vertex 15.7355 -3.12998 104
    endloop
  endfacet
  facet normal 0 0 1
    outer loop
      vertex 3.92314 0.780361 104
      vertex 15.4971 4.15242 104
      vertex 15.4633 4.26383 104
    endloop
  endfacet
  facet normal 0 0 1
    outer loop
      vertex 15.7355 -3.12998 104
      vertex 3.92314 -0.780361 104
      vertex 15.5235 -4.03904 104
    endloop
  endfacet
  facet normal 0 0 1
    outer loop
      vertex 3.92314 0.780361 104
      vertex 15.4633 4.26383 104
      vertex 15.1923 5.15709 104
    endloop
  endfacet
  facet normal 0 0 1
    outer loop
      vertex 15.5235 -4.03904 104
      vertex 3.92314 -0.780361 104
      vertex 15.4971 -4.15242 104
    endloop
  endfacet
  facet normal 0 0 1
    outer loop
      vertex 3.92314 0.780361 104
      vertex 15.1923 5.15709 104
      vertex 15.1513 5.26605 104
    endloop
  endfacet
  facet normal 0 0 1
    outer loop
      vertex 15.4971 -4.15242 104
      vertex 3.92314 -0.780361 104
      vertex 15.2261 -5.04568 104
    endloop
  endfacet
  facet normal 0 0 1
    outer loop
      vertex 3.92314 0.780361 104
      vertex 15.1513 5.26605 104
      vertex 14.8225 6.13967 104
    endloop
  endfacet
  facet normal -0 0 1
    outer loop
      vertex 3.69552 -1.53073 104
      vertex 15.2261 -5.04568 104
      vertex 3.92314 -0.780361 104
    endloop
  endfacet
  facet normal 0 0 1
    outer loop
      vertex 3.92314 0.780361 104
      vertex 14.8225 6.13967 104
      vertex 14.7744 6.24571 104
    endloop
  endfacet
  facet normal 0 0 1
    outer loop
      vertex 15.2261 -5.04568 104
      vertex 3.69552 -1.53073 104
      vertex 15.1923 -5.15709 104
    endloop
  endfacet
  facet normal 0 0 1
    outer loop
      vertex 3.92314 0.780361 104
      vertex 14.7744 6.24571 104
      vertex 14.3892 7.09596 104
    endloop
  endfacet
  facet normal 0 0 1
    outer loop
      vertex 15.1923 -5.15709 104
      vertex 3.69552 -1.53073 104
      vertex 14.8635 -6.03071 104
    endloop
  endfacet
  facet normal 0 0 1
    outer loop
      vertex 3.92314 0.780361 104
      vertex 14.3892 7.09596 104
      vertex 14.3343 7.19863 104
    endloop
  endfacet
  facet normal 0 0 1
    outer loop
      vertex 14.8635 -6.03071 104
      vertex 3.69552 -1.53073 104
      vertex 14.8225 -6.13967 104
    endloop
  endfacet
  facet normal 0 0 1
    outer loop
      vertex 3.92314 0.780361 104
      vertex 14.3343 7.19863 104
      vertex 13.8943 8.02186 104
    endloop
  endfacet
  facet normal 0 0 1
    outer loop
      vertex 14.8225 -6.13967 104
      vertex 3.69552 -1.53073 104
      vertex 14.4372 -6.98991 104
    endloop
  endfacet
  facet normal 0 0 1
    outer loop
      vertex 3.92314 0.780361 104
      vertex 13.8943 8.02186 104
      vertex 13.8328 8.12073 104
    endloop
  endfacet
  facet normal 0 0 1
    outer loop
      vertex 14.4372 -6.98991 104
      vertex 3.69552 -1.53073 104
      vertex 14.3892 -7.09596 104
    endloop
  endfacet
  facet normal 0 0 1
    outer loop
      vertex 3.92314 0.780361 104
      vertex 13.8328 8.12073 104
      vertex 13.3399 8.91342 104
    endloop
  endfacet
  facet normal 0 0 1
    outer loop
      vertex 14.3892 -7.09596 104
      vertex 3.69552 -1.53073 104
      vertex 13.9492 -7.91919 104
    endloop
  endfacet
  facet normal 0 0 1
    outer loop
      vertex 3.92314 0.780361 104
      vertex 13.3399 8.91342 104
      vertex 13.2721 9.00805 104
    endloop
  endfacet
  facet normal -0 0 1
    outer loop
      vertex 3.32588 -2.22228 104
      vertex 13.9492 -7.91919 104
      vertex 3.69552 -1.53073 104
    endloop
  endfacet
  facet normal 0 0 1
    outer loop
      vertex 3.92314 0.780361 104
      vertex 13.2721 9.00805 104
      vertex 12.7283 9.7668 104
    endloop
  endfacet
  facet normal 0 0 1
    outer loop
      vertex 13.9492 -7.91919 104
      vertex 3.32588 -2.22228 104
      vertex 13.8943 -8.02186 104
    endloop
  endfacet
  facet normal 0 0 1
    outer loop
      vertex 3.92314 0.780361 104
      vertex 12.7283 9.7668 104
      vertex 12.6545 9.8568 104
    endloop
  endfacet
  facet normal 0 0 1
    outer loop
      vertex 13.8943 -8.02186 104
      vertex 3.32588 -2.22228 104
      vertex 13.4014 -8.81455 104
    endloop
  endfacet
  facet normal 0 0 1
    outer loop
      vertex 3.92314 0.780361 104
      vertex 12.6545 9.8568 104
      vertex 12.0623 10.5784 104
    endloop
  endfacet
  facet normal 0 0 1
    outer loop
      vertex 13.4014 -8.81455 104
      vertex 3.32588 -2.22228 104
      vertex 13.3399 -8.91342 104
    endloop
  endfacet
  facet normal 0 0 1
    outer loop
      vertex 3.92314 0.780361 104
      vertex 12.0623 10.5784 104
      vertex 11.9827 10.6633 104
    endloop
  endfacet
  facet normal 0 0 1
    outer loop
      vertex 13.3399 -8.91342 104
      vertex 3.32588 -2.22228 104
      vertex 12.7962 -9.67217 104
    endloop
  endfacet
  facet normal 0 0 1
    outer loop
      vertex 3.92314 0.780361 104
      vertex 11.9827 10.6633 104
      vertex 11.3446 11.3446 104
    endloop
  endfacet
  facet normal 0 0 1
    outer loop
      vertex 12.7962 -9.67217 104
      vertex 3.32588 -2.22228 104
      vertex 12.7283 -9.7668 104
    endloop
  endfacet
  facet normal 0 0 1
    outer loop
      vertex 3.92314 0.780361 104
      vertex 11.3446 11.3446 104
      vertex 11.2597 11.4242 104
    endloop
  endfacet
  facet normal 0 0 1
    outer loop
      vertex 12.7283 -9.7668 104
      vertex 3.32588 -2.22228 104
      vertex 12.1362 -10.4884 104
    endloop
  endfacet
  facet normal 0 0 1
    outer loop
      vertex 3.92314 0.780361 104
      vertex 11.2597 11.4242 104
      vertex 10.5784 12.0623 104
    endloop
  endfacet
  facet normal -0 0 1
    outer loop
      vertex 2.82843 -2.82843 104
      vertex 12.1362 -10.4884 104
      vertex 3.32588 -2.22228 104
    endloop
  endfacet
  facet normal 0 0 1
    outer loop
      vertex 3.92314 0.780361 104
      vertex 10.5784 12.0623 104
      vertex 10.4884 12.1362 104
    endloop
  endfacet
  facet normal 0 0 1
    outer loop
      vertex 12.1362 -10.4884 104
      vertex 2.82843 -2.82843 104
      vertex 12.0623 -10.5784 104
    endloop
  endfacet
  facet normal 0 0 1
    outer loop
      vertex 3.92314 0.780361 104
      vertex 10.4884 12.1362 104
      vertex 9.7668 12.7283 104
    endloop
  endfacet
  facet normal 0 0 1
    outer loop
      vertex 12.0623 -10.5784 104
      vertex 2.82843 -2.82843 104
      vertex 11.4242 -11.2597 104
    endloop
  endfacet
  facet normal 0 0 1
    outer loop
      vertex 3.92314 0.780361 104
      vertex 9.7668 12.7283 104
      vertex 9.67217 12.7962 104
    endloop
  endfacet
  facet normal 0 0 1
    outer loop
      vertex 11.4242 -11.2597 104
      vertex 2.82843 -2.82843 104
      vertex 11.3446 -11.3446 104
    endloop
  endfacet
  facet normal 0 0 1
    outer loop
      vertex 3.92314 0.780361 104
      vertex 9.67217 12.7962 104
      vertex 8.91342 13.3399 104
    endloop
  endfacet
  facet normal 0 0 1
    outer loop
      vertex 11.3446 -11.3446 104
      vertex 2.82843 -2.82843 104
      vertex 10.6633 -11.9827 104
    endloop
  endfacet
  facet normal 0 0 1
    outer loop
      vertex 3.92314 0.780361 104
      vertex 8.91342 13.3399 104
      vertex 8.81455 13.4014 104
    endloop
  endfacet
  facet normal 0 0 1
    outer loop
      vertex 10.6633 -11.9827 104
      vertex 2.82843 -2.82843 104
      vertex 10.5784 -12.0623 104
    endloop
  endfacet
  facet normal 0 0 1
    outer loop
      vertex 3.92314 0.780361 104
      vertex 8.81455 13.4014 104
      vertex 8.02186 13.8943 104
    endloop
  endfacet
  facet normal 0 0 1
    outer loop
      vertex 10.5784 -12.0623 104
      vertex 2.82843 -2.82843 104
      vertex 9.8568 -12.6545 104
    endloop
  endfacet
  facet normal 0 0 1
    outer loop
      vertex 3.92314 0.780361 104
      vertex 8.02186 13.8943 104
      vertex 7.91919 13.9492 104
    endloop
  endfacet
  facet normal -0 0 1
    outer loop
      vertex 2.22228 -3.32588 104
      vertex 9.8568 -12.6545 104
      vertex 2.82843 -2.82843 104
    endloop
  endfacet
  facet normal 0 0 1
    outer loop
      vertex 3.92314 0.780361 104
      vertex 7.91919 13.9492 104
      vertex 7.09596 14.3892 104
    endloop
  endfacet
  facet normal 0 0 1
    outer loop
      vertex 9.8568 -12.6545 104
      vertex 2.22228 -3.32588 104
      vertex 9.7668 -12.7283 104
    endloop
  endfacet
  facet normal 0 0 1
    outer loop
      vertex 3.92314 0.780361 104
      vertex 7.09596 14.3892 104
      vertex 6.98991 14.4372 104
    endloop
  endfacet
  facet normal 0 0 1
    outer loop
      vertex 9.7668 -12.7283 104
      vertex 2.22228 -3.32588 104
      vertex 9.00805 -13.2721 104
    endloop
  endfacet
  facet normal 0 0 1
    outer loop
      vertex 3.92314 0.780361 104
      vertex 6.98991 14.4372 104
      vertex 6.13967 14.8225 104
    endloop
  endfacet
  facet normal 0 0 1
    outer loop
      vertex 9.00805 -13.2721 104
      vertex 2.22228 -3.32588 104
      vertex 8.91342 -13.3399 104
    endloop
  endfacet
  facet normal 0 0 1
    outer loop
      vertex 3.92314 0.780361 104
      vertex 6.13967 14.8225 104
      vertex 6.03071 14.8635 104
    endloop
  endfacet
  facet normal 0 0 1
    outer loop
      vertex 8.91342 -13.3399 104
      vertex 2.22228 -3.32588 104
      vertex 8.12073 -13.8328 104
    endloop
  endfacet
  facet normal 0 0 1
    outer loop
      vertex 3.92314 0.780361 104
      vertex 6.03071 14.8635 104
      vertex 5.15709 15.1923 104
    endloop
  endfacet
  facet normal 0 0 1
    outer loop
      vertex 8.12073 -13.8328 104
      vertex 2.22228 -3.32588 104
      vertex 8.02186 -13.8943 104
    endloop
  endfacet
  facet normal 0 0 1
    outer loop
      vertex 3.92314 0.780361 104
      vertex 5.15709 15.1923 104
      vertex 5.04568 15.2261 104
    endloop
  endfacet
  facet normal 0 0 1
    outer loop
      vertex 8.02186 -13.8943 104
      vertex 2.22228 -3.32588 104
      vertex 7.19863 -14.3343 104
    endloop
  endfacet
  facet normal 0 0 1
    outer loop
      vertex 3.92314 0.780361 104
      vertex 5.04568 15.2261 104
      vertex 4.15242 15.4971 104
    endloop
  endfacet
  facet normal -0 0 1
    outer loop
      vertex 1.53073 -3.69552 104
      vertex 7.19863 -14.3343 104
      vertex 2.22228 -3.32588 104
    endloop
  endfacet
  facet normal 0 0 1
    outer loop
      vertex 0.780361 3.92314 104
      vertex 4.15242 15.4971 104
      vertex 4.03904 15.5235 104
    endloop
  endfacet
  facet normal 0 0 1
    outer loop
      vertex 7.19863 -14.3343 104
      vertex 1.53073 -3.69552 104
      vertex 7.09596 -14.3892 104
    endloop
  endfacet
  facet normal 0 0 1
    outer loop
      vertex 7.09596 -14.3892 104
      vertex 1.53073 -3.69552 104
      vertex 6.24571 -14.7744 104
    endloop
  endfacet
  facet normal 0 0 1
    outer loop
      vertex 6.24571 -14.7744 104
      vertex 1.53073 -3.69552 104
      vertex 6.13967 -14.8225 104
    endloop
  endfacet
  facet normal 0 0 1
    outer loop
      vertex 6.13967 -14.8225 104
      vertex 1.53073 -3.69552 104
      vertex 5.26605 -15.1513 104
    endloop
  endfacet
  facet normal 0 0 1
    outer loop
      vertex 5.26605 -15.1513 104
      vertex 1.53073 -3.69552 104
      vertex 5.15709 -15.1923 104
    endloop
  endfacet
  facet normal 0 0 1
    outer loop
      vertex 5.15709 -15.1923 104
      vertex 1.53073 -3.69552 104
      vertex 4.26383 -15.4633 104
    endloop
  endfacet
  facet normal -0 0 1
    outer loop
      vertex 0.780361 -3.92314 104
      vertex 4.26383 -15.4633 104
      vertex 1.53073 -3.69552 104
    endloop
  endfacet
  facet normal 0 0 1
    outer loop
      vertex 4.26383 -15.4633 104
      vertex 0.780361 -3.92314 104
      vertex 4.15242 -15.4971 104
    endloop
  endfacet
  facet normal 0 0 1
    outer loop
      vertex 4.15242 -15.4971 104
      vertex 0.780361 -3.92314 104
      vertex 3.24336 -15.709 104
    endloop
  endfacet
  facet normal 0 0 1
    outer loop
      vertex 3.24336 -15.709 104
      vertex 0.780361 -3.92314 104
      vertex 3.12998 -15.7355 104
    endloop
  endfacet
  facet normal 0 0 1
    outer loop
      vertex 3.12998 -15.7355 104
      vertex 0.780361 -3.92314 104
      vertex 2.20899 -15.8875 104
    endloop
  endfacet
  facet normal 0 0 1
    outer loop
      vertex 2.20899 -15.8875 104
      vertex 0.780361 -3.92314 104
      vertex 2.09413 -15.9065 104
    endloop
  endfacet
  facet normal 0 0 1
    outer loop
      vertex 2.09413 -15.9065 104
      vertex 0.780361 -3.92314 104
      vertex 1.16517 -15.998 104
    endloop
  endfacet
  facet normal -0 0 1
    outer loop
      vertex 0 -4 104
      vertex 1.16517 -15.998 104
      vertex 0.780361 -3.92314 104
    endloop
  endfacet
  facet normal 0 0 1
    outer loop
      vertex 1.16517 -15.998 104
      vertex 0 -4 104
      vertex 1.04931 -16.0094 104
    endloop
  endfacet
  facet normal 0 0 1
    outer loop
      vertex 1.04931 -16.0094 104
      vertex 0 -4 104
      vertex 0.11636 -16.0399 104
    endloop
  endfacet
  facet normal 0 0 1
    outer loop
      vertex 0 -4 104
      vertex 0 -16.0437 104
      vertex 0.11636 -16.0399 104
    endloop
  endfacet
  facet normal 0 0 1
    outer loop
      vertex -1.04931 -16.0094 104
      vertex 0 -4 104
      vertex -0.780361 -3.92314 104
    endloop
  endfacet
  facet normal 0 0 1
    outer loop
      vertex 0 -4 104
      vertex -0.932949 -16.0132 104
      vertex 0 -16.0437 104
    endloop
  endfacet
  facet normal 0 0 1
    outer loop
      vertex 0 -4 104
      vertex -1.04931 -16.0094 104
      vertex -0.932949 -16.0132 104
    endloop
  endfacet
  facet normal 0 0 1
    outer loop
      vertex -4.03904 -15.5235 104
      vertex -0.780361 -3.92314 104
      vertex -1.53073 -3.69552 104
    endloop
  endfacet
  facet normal 0 0 1
    outer loop
      vertex -0.780361 -3.92314 104
      vertex -1.97826 -15.9179 104
      vertex -1.04931 -16.0094 104
    endloop
  endfacet
  facet normal 0 0 1
    outer loop
      vertex -0.780361 -3.92314 104
      vertex -2.09413 -15.9065 104
      vertex -1.97826 -15.9179 104
    endloop
  endfacet
  facet normal 0 0 1
    outer loop
      vertex -4.03904 -15.5235 104
      vertex -1.53073 -3.69552 104
      vertex -2.22228 -3.32588 104
    endloop
  endfacet
  facet normal 0 0 1
    outer loop
      vertex -4.03904 -15.5235 104
      vertex -2.22228 -3.32588 104
      vertex -2.82843 -2.82843 104
    endloop
  endfacet
  facet normal 0 0 1
    outer loop
      vertex -0.780361 -3.92314 104
      vertex -3.01511 -15.7544 104
      vertex -2.09413 -15.9065 104
    endloop
  endfacet
  facet normal 0 0 1
    outer loop
      vertex -0.780361 -3.92314 104
      vertex -3.12998 -15.7355 104
      vertex -3.01511 -15.7544 104
    endloop
  endfacet
  facet normal 0 0 1
    outer loop
      vertex -4.03904 -15.5235 104
      vertex -2.82843 -2.82843 104
      vertex -3.32588 -2.22228 104
    endloop
  endfacet
  facet normal 0 0 1
    outer loop
      vertex -4.03904 -15.5235 104
      vertex -3.32588 -2.22228 104
      vertex -3.69552 -1.53073 104
    endloop
  endfacet
  facet normal 0 0 1
    outer loop
      vertex -4.03904 -15.5235 104
      vertex -3.69552 -1.53073 104
      vertex -3.92314 -0.780361 104
    endloop
  endfacet
  facet normal 0 0 1
    outer loop
      vertex -4.03904 -15.5235 104
      vertex -3.92314 -0.780361 104
      vertex -4 0 104
    endloop
  endfacet
  facet normal 0 0 1
    outer loop
      vertex -0.780361 -3.92314 104
      vertex -4.03904 -15.5235 104
      vertex -3.12998 -15.7355 104
    endloop
  endfacet
  facet normal 0 0 -1
    outer loop
      vertex 1.20741 -0.323524 104
      vertex 1.20741 0.323524 104
      vertex 1.25 0 104
    endloop
  endfacet
  facet normal 0 0 -1
    outer loop
      vertex 1.08253 -0.625 104
      vertex 1.20741 0.323524 104
      vertex 1.20741 -0.323524 104
    endloop
  endfacet
  facet normal 0 0 -1
    outer loop
      vertex 1.08253 -0.625 104
      vertex 1.08253 0.625 104
      vertex 1.20741 0.323524 104
    endloop
  endfacet
  facet normal 0 0 -1
    outer loop
      vertex 0.883883 -0.883883 104
      vertex 1.08253 0.625 104
      vertex 1.08253 -0.625 104
    endloop
  endfacet
  facet normal 0 0 -1
    outer loop
      vertex 0.883883 -0.883883 104
      vertex 0.883883 0.883883 104
      vertex 1.08253 0.625 104
    endloop
  endfacet
  facet normal 0 0 -1
    outer loop
      vertex 0.625 -1.08253 104
      vertex 0.883883 0.883883 104
      vertex 0.883883 -0.883883 104
    endloop
  endfacet
  facet normal 0 0 -1
    outer loop
      vertex 0.625 -1.08253 104
      vertex 0.625 1.08253 104
      vertex 0.883883 0.883883 104
    endloop
  endfacet
  facet normal 0 0 -1
    outer loop
      vertex 0.323524 -1.20741 104
      vertex 0.625 1.08253 104
      vertex 0.625 -1.08253 104
    endloop
  endfacet
  facet normal 0 0 -1
    outer loop
      vertex 0.323524 -1.20741 104
      vertex 0.323524 1.20741 104
      vertex 0.625 1.08253 104
    endloop
  endfacet
  facet normal 0 0 -1
    outer loop
      vertex 0 -1.25 104
      vertex 0.323524 1.20741 104
      vertex 0.323524 -1.20741 104
    endloop
  endfacet
  facet normal 0 0 -1
    outer loop
      vertex 0 -1.25 104
      vertex 0 1.25 104
      vertex 0.323524 1.20741 104
    endloop
  endfacet
  facet normal 0 0 -1
    outer loop
      vertex -0.323524 -1.20741 104
      vertex 0 1.25 104
      vertex 0 -1.25 104
    endloop
  endfacet
  facet normal 0 0 -1
    outer loop
      vertex -0.323524 -1.20741 104
      vertex -0.323524 1.20741 104
      vertex 0 1.25 104
    endloop
  endfacet
  facet normal 0 0 -1
    outer loop
      vertex -0.625 -1.08253 104
      vertex -0.323524 1.20741 104
      vertex -0.323524 -1.20741 104
    endloop
  endfacet
  facet normal 0 0 -1
    outer loop
      vertex -0.625 -1.08253 104
      vertex -0.625 1.08253 104
      vertex -0.323524 1.20741 104
    endloop
  endfacet
  facet normal 0 0 -1
    outer loop
      vertex -0.883883 -0.883883 104
      vertex -0.625 1.08253 104
      vertex -0.625 -1.08253 104
    endloop
  endfacet
  facet normal 0 0 -1
    outer loop
      vertex -0.883883 -0.883883 104
      vertex -0.883883 0.883883 104
      vertex -0.625 1.08253 104
    endloop
  endfacet
  facet normal 0 0 -1
    outer loop
      vertex -1.08253 -0.625 104
      vertex -0.883883 0.883883 104
      vertex -0.883883 -0.883883 104
    endloop
  endfacet
  facet normal 0 0 -1
    outer loop
      vertex -1.08253 -0.625 104
      vertex -1.08253 0.625 104
      vertex -0.883883 0.883883 104
    endloop
  endfacet
  facet normal 0 0 -1
    outer loop
      vertex -1.20741 -0.323524 104
      vertex -1.08253 0.625 104
      vertex -1.08253 -0.625 104
    endloop
  endfacet
  facet normal 0 0 -1
    outer loop
      vertex -1.20741 -0.323524 104
      vertex -1.20741 0.323524 104
      vertex -1.08253 0.625 104
    endloop
  endfacet
  facet normal 0 -0 -1
    outer loop
      vertex -1.20741 0.323524 104
      vertex -1.20741 -0.323524 104
      vertex -1.25 0 104
    endloop
  endfacet
  facet normal 0 0 -1
    outer loop
      vertex 11.3379 -0.928278 8
      vertex 2.69716 -0.536498 8
      vertex 2.75 0 8
    endloop
  endfacet
  facet normal 0 0 -1
    outer loop
      vertex 2.94546 -10.9926 8
      vertex 2.54067 -1.05238 8
      vertex 2.69716 -0.536498 8
    endloop
  endfacet
  facet normal 0 0 -1
    outer loop
      vertex 2.94546 -10.9926 8
      vertex 2.28654 -1.52782 8
      vertex 2.54067 -1.05238 8
    endloop
  endfacet
  facet normal 0 0 -1
    outer loop
      vertex 0.536498 -2.69716 8
      vertex 2.76544 -11.0346 8
      vertex 2.22021 -11.1617 8
    endloop
  endfacet
  facet normal 0 0 -1
    outer loop
      vertex 0.536498 -2.69716 8
      vertex 2.22021 -11.1617 8
      vertex 2.03782 -11.1918 8
    endloop
  endfacet
  facet normal 0 0 -1
    outer loop
      vertex 2.94546 -10.9926 8
      vertex 1.94454 -1.94454 8
      vertex 2.28654 -1.52782 8
    endloop
  endfacet
  facet normal 0 0 -1
    outer loop
      vertex 2.94546 -10.9926 8
      vertex 1.52782 -2.28654 8
      vertex 1.94454 -1.94454 8
    endloop
  endfacet
  facet normal 0 0 -1
    outer loop
      vertex 0.536498 -2.69716 8
      vertex 2.03782 -11.1918 8
      vertex 1.48544 -11.283 8
    endloop
  endfacet
  facet normal 0 0 -1
    outer loop
      vertex 0.536498 -2.69716 8
      vertex 1.48544 -11.283 8
      vertex 1.30147 -11.3012 8
    endloop
  endfacet
  facet normal 0 0 -1
    outer loop
      vertex 2.94546 -10.9926 8
      vertex 1.05238 -2.54067 8
      vertex 1.52782 -2.28654 8
    endloop
  endfacet
  facet normal 0 0 -1
    outer loop
      vertex 0 -2.75 8
      vertex 1.30147 -11.3012 8
      vertex 0.744313 -11.356 8
    endloop
  endfacet
  facet normal 0 0 -1
    outer loop
      vertex 0 -2.75 8
      vertex 0.744313 -11.356 8
      vertex 0.559557 -11.3621 8
    endloop
  endfacet
  facet normal 0 0 -1
    outer loop
      vertex 2.94546 -10.9926 8
      vertex 0.536498 -2.69716 8
      vertex 1.05238 -2.54067 8
    endloop
  endfacet
  facet normal 0 0 -1
    outer loop
      vertex 0 -2.75 8
      vertex 0.559557 -11.3621 8
      vertex 0 -11.3804 8
    endloop
  endfacet
  facet normal 0 0 -1
    outer loop
      vertex 1.30147 -11.3012 8
      vertex 0 -2.75 8
      vertex 0.536498 -2.69716 8
    endloop
  endfacet
  facet normal 0 0 -1
    outer loop
      vertex -0.184756 -11.3743 8
      vertex 0 -2.75 8
      vertex 0 -11.3804 8
    endloop
  endfacet
  facet normal 0 0 -1
    outer loop
      vertex -0.744313 -11.356 8
      vertex 0 -2.75 8
      vertex -0.184756 -11.3743 8
    endloop
  endfacet
  facet normal 0 0 -1
    outer loop
      vertex -0.928278 -11.3379 8
      vertex 0 -2.75 8
      vertex -0.744313 -11.356 8
    endloop
  endfacet
  facet normal -0 0 -1
    outer loop
      vertex 0 -2.75 8
      vertex -0.928278 -11.3379 8
      vertex -0.536498 -2.69716 8
    endloop
  endfacet
  facet normal 0 0 -1
    outer loop
      vertex -1.48544 -11.283 8
      vertex -0.536498 -2.69716 8
      vertex -0.928278 -11.3379 8
    endloop
  endfacet
  facet normal 0 0 -1
    outer loop
      vertex -1.66783 -11.2529 8
      vertex -0.536498 -2.69716 8
      vertex -1.48544 -11.283 8
    endloop
  endfacet
  facet normal 0 0 -1
    outer loop
      vertex -2.22021 -11.1617 8
      vertex -0.536498 -2.69716 8
      vertex -1.66783 -11.2529 8
    endloop
  endfacet
  facet normal 0 0 -1
    outer loop
      vertex -2.40023 -11.1198 8
      vertex -0.536498 -2.69716 8
      vertex -2.22021 -11.1617 8
    endloop
  endfacet
  facet normal 0 0 -1
    outer loop
      vertex -2.94546 -10.9926 8
      vertex -0.536498 -2.69716 8
      vertex -2.40023 -11.1198 8
    endloop
  endfacet
  facet normal 0 0 -1
    outer loop
      vertex -3.12236 -10.939 8
      vertex -0.536498 -2.69716 8
      vertex -2.94546 -10.9926 8
    endloop
  endfacet
  facet normal -0 0 -1
    outer loop
      vertex -0.536498 -2.69716 8
      vertex -3.12236 -10.939 8
      vertex -1.05238 -2.54067 8
    endloop
  endfacet
  facet normal 0 0 -1
    outer loop
      vertex -3.65811 -10.7764 8
      vertex -1.05238 -2.54067 8
      vertex -3.12236 -10.939 8
    endloop
  endfacet
  facet normal 0 0 -1
    outer loop
      vertex -3.83112 -10.7113 8
      vertex -1.05238 -2.54067 8
      vertex -3.65811 -10.7764 8
    endloop
  endfacet
  facet normal 0 0 -1
    outer loop
      vertex -4.35509 -10.5141 8
      vertex -1.05238 -2.54067 8
      vertex -3.83112 -10.7113 8
    endloop
  endfacet
  facet normal 0 0 -1
    outer loop
      vertex -4.52347 -10.4378 8
      vertex -1.05238 -2.54067 8
      vertex -4.35509 -10.5141 8
    endloop
  endfacet
  facet normal 0 0 -1
    outer loop
      vertex -5.19645 -10.1196 8
      vertex -1.05238 -2.54067 8
      vertex -5.03342 -10.2068 8
    endloop
  endfacet
  facet normal 0 0 -1
    outer loop
      vertex -5.6902 -9.85571 8
      vertex -1.52782 -2.28654 8
      vertex -5.19645 -10.1196 8
    endloop
  endfacet
  facet normal 0 0 -1
    outer loop
      vertex -5.84718 -9.7581 8
      vertex -1.52782 -2.28654 8
      vertex -5.6902 -9.85571 8
    endloop
  endfacet
  facet normal 0 0 -1
    outer loop
      vertex -2.75 0 8
      vertex -3.48121 10.8301 8
      vertex -2.76544 11.0346 8
    endloop
  endfacet
  facet normal 0 0 -1
    outer loop
      vertex -2.76544 11.0346 8
      vertex -3.48121 10.8301 8
      vertex -2.94546 10.9926 8
    endloop
  endfacet
  facet normal 0 0 -1
    outer loop
      vertex -5.03342 -10.2068 8
      vertex -1.05238 -2.54067 8
      vertex -4.52347 -10.4378 8
    endloop
  endfacet
  facet normal 0 0 -1
    outer loop
      vertex -6.47287 -9.35478 8
      vertex -1.52782 -2.28654 8
      vertex -6.32261 -9.46245 8
    endloop
  endfacet
  facet normal 0 0 -1
    outer loop
      vertex -2.75 0 8
      vertex -4.18208 10.5792 8
      vertex -3.48121 10.8301 8
    endloop
  endfacet
  facet normal 0 0 -1
    outer loop
      vertex -3.48121 10.8301 8
      vertex -4.18208 10.5792 8
      vertex -3.65811 10.7764 8
    endloop
  endfacet
  facet normal -0 0 -1
    outer loop
      vertex -1.05238 -2.54067 8
      vertex -5.19645 -10.1196 8
      vertex -1.52782 -2.28654 8
    endloop
  endfacet
  facet normal 0 0 -1
    outer loop
      vertex -7.07084 -8.91141 8
      vertex -1.52782 -2.28654 8
      vertex -6.92795 -9.02868 8
    endloop
  endfacet
  facet normal 0 0 -1
    outer loop
      vertex -2.75 0 8
      vertex -4.86504 10.2831 8
      vertex -4.18208 10.5792 8
    endloop
  endfacet
  facet normal 0 0 -1
    outer loop
      vertex -4.18208 10.5792 8
      vertex -4.86504 10.2831 8
      vertex -4.35509 10.5141 8
    endloop
  endfacet
  facet normal 0 0 -1
    outer loop
      vertex -6.32261 -9.46245 8
      vertex -1.52782 -2.28654 8
      vertex -5.84718 -9.7581 8
    endloop
  endfacet
  facet normal 0 0 -1
    outer loop
      vertex -7.50362 -8.55624 8
      vertex -1.94454 -1.94454 8
      vertex -7.07084 -8.91141 8
    endloop
  endfacet
  facet normal 0 0 -1
    outer loop
      vertex -2.75 0 8
      vertex -5.52717 9.94285 8
      vertex -4.86504 10.2831 8
    endloop
  endfacet
  facet normal 0 0 -1
    outer loop
      vertex -4.86504 10.2831 8
      vertex -5.52717 9.94285 8
      vertex -5.03342 10.2068 8
    endloop
  endfacet
  facet normal 0 0 -1
    outer loop
      vertex -6.92795 -9.02868 8
      vertex -1.52782 -2.28654 8
      vertex -6.47287 -9.35478 8
    endloop
  endfacet
  facet normal 0 0 -1
    outer loop
      vertex -7.63854 -8.42987 8
      vertex -1.94454 -1.94454 8
      vertex -7.50362 -8.55624 8
    endloop
  endfacet
  facet normal 0 0 -1
    outer loop
      vertex -2.75 0 8
      vertex -6.16563 9.56007 8
      vertex -5.52717 9.94285 8
    endloop
  endfacet
  facet normal 0 0 -1
    outer loop
      vertex -5.52717 9.94285 8
      vertex -6.16563 9.56007 8
      vertex -5.6902 9.85571 8
    endloop
  endfacet
  facet normal -0 0 -1
    outer loop
      vertex -1.52782 -2.28654 8
      vertex -7.07084 -8.91141 8
      vertex -1.94454 -1.94454 8
    endloop
  endfacet
  facet normal 0 0 -1
    outer loop
      vertex -8.17352 -7.91224 8
      vertex -1.94454 -1.94454 8
      vertex -8.04716 -8.04716 8
    endloop
  endfacet
  facet normal 0 0 -1
    outer loop
      vertex -2.75 0 8
      vertex -6.77769 9.13635 8
      vertex -6.16563 9.56007 8
    endloop
  endfacet
  facet normal 0 0 -1
    outer loop
      vertex -6.16563 9.56007 8
      vertex -6.77769 9.13635 8
      vertex -6.32261 9.46245 8
    endloop
  endfacet
  facet normal 0 0 -1
    outer loop
      vertex -8.04716 -8.04716 8
      vertex -1.94454 -1.94454 8
      vertex -7.63854 -8.42987 8
    endloop
  endfacet
  facet normal 0 0 -1
    outer loop
      vertex -8.67351 -7.36072 8
      vertex -1.94454 -1.94454 8
      vertex -8.55624 -7.50362 8
    endloop
  endfacet
  facet normal 0 0 -1
    outer loop
      vertex -2.75 0 8
      vertex -7.36072 8.67351 8
      vertex -6.77769 9.13635 8
    endloop
  endfacet
  facet normal 0 0 -1
    outer loop
      vertex -6.77769 9.13635 8
      vertex -7.36072 8.67351 8
      vertex -6.92795 9.02868 8
    endloop
  endfacet
  facet normal 0 0 -1
    outer loop
      vertex -8.55624 -7.50362 8
      vertex -1.94454 -1.94454 8
      vertex -8.17352 -7.91224 8
    endloop
  endfacet
  facet normal 0 0 -1
    outer loop
      vertex -9.02868 -6.92795 8
      vertex -2.28654 -1.52782 8
      vertex -8.67351 -7.36072 8
    endloop
  endfacet
  facet normal 0 0 -1
    outer loop
      vertex -2.75 0 8
      vertex -7.91224 8.17352 8
      vertex -7.36072 8.67351 8
    endloop
  endfacet
  facet normal 0 0 -1
    outer loop
      vertex -7.36072 8.67351 8
      vertex -7.91224 8.17352 8
      vertex -7.50362 8.55624 8
    endloop
  endfacet
  facet normal -0 0 -1
    outer loop
      vertex -1.94454 -1.94454 8
      vertex -8.67351 -7.36072 8
      vertex -2.28654 -1.52782 8
    endloop
  endfacet
  facet normal 0 0 -1
    outer loop
      vertex -9.13635 -6.77769 8
      vertex -2.28654 -1.52782 8
      vertex -9.02868 -6.92795 8
    endloop
  endfacet
  facet normal 0 -0 -1
    outer loop
      vertex -8.04716 8.04716 8
      vertex -2.75 0 8
      vertex -8.42987 7.63854 8
    endloop
  endfacet
  facet normal 0 0 -1
    outer loop
      vertex -2.75 0 8
      vertex -8.04716 8.04716 8
      vertex -7.91224 8.17352 8
    endloop
  endfacet
  facet normal 0 0 -1
    outer loop
      vertex -9.46245 -6.32261 8
      vertex -2.28654 -1.52782 8
      vertex -9.13635 -6.77769 8
    endloop
  endfacet
  facet normal 0 0 -1
    outer loop
      vertex -9.56007 -6.16563 8
      vertex -2.28654 -1.52782 8
      vertex -9.46245 -6.32261 8
    endloop
  endfacet
  facet normal 0 -0 -1
    outer loop
      vertex -8.55624 7.50362 8
      vertex -2.75 0 8
      vertex -8.91141 7.07084 8
    endloop
  endfacet
  facet normal 0 0 -1
    outer loop
      vertex -2.75 0 8
      vertex -8.55624 7.50362 8
      vertex -8.42987 7.63854 8
    endloop
  endfacet
  facet normal 0 0 -1
    outer loop
      vertex -9.85571 -5.6902 8
      vertex -2.28654 -1.52782 8
      vertex -9.56007 -6.16563 8
    endloop
  endfacet
  facet normal 0 0 -1
    outer loop
      vertex -9.94285 -5.52717 8
      vertex -2.28654 -1.52782 8
      vertex -9.85571 -5.6902 8
    endloop
  endfacet
  facet normal 0 -0 -1
    outer loop
      vertex -9.02868 6.92795 8
      vertex -2.75 0 8
      vertex -9.35478 6.47287 8
    endloop
  endfacet
  facet normal 0 0 -1
    outer loop
      vertex -2.75 0 8
      vertex -9.02868 6.92795 8
      vertex -8.91141 7.07084 8
    endloop
  endfacet
  facet normal -0 0 -1
    outer loop
      vertex -2.28654 -1.52782 8
      vertex -9.94285 -5.52717 8
      vertex -2.54067 -1.05238 8
    endloop
  endfacet
  facet normal 0 0 -1
    outer loop
      vertex -10.2068 -5.03342 8
      vertex -2.54067 -1.05238 8
      vertex -9.94285 -5.52717 8
    endloop
  endfacet
  facet normal 0 -0 -1
    outer loop
      vertex -9.46245 6.32261 8
      vertex -2.75 0 8
      vertex -9.7581 5.84718 8
    endloop
  endfacet
  facet normal 0 0 -1
    outer loop
      vertex -2.75 0 8
      vertex -9.46245 6.32261 8
      vertex -9.35478 6.47287 8
    endloop
  endfacet
  facet normal 0 0 -1
    outer loop
      vertex -10.2831 -4.86504 8
      vertex -2.54067 -1.05238 8
      vertex -10.2068 -5.03342 8
    endloop
  endfacet
  facet normal 0 0 -1
    outer loop
      vertex -10.5141 -4.35509 8
      vertex -2.54067 -1.05238 8
      vertex -10.2831 -4.86504 8
    endloop
  endfacet
  facet normal 0 -0 -1
    outer loop
      vertex -9.85571 5.6902 8
      vertex -2.75 0 8
      vertex -10.1196 5.19645 8
    endloop
  endfacet
  facet normal 0 0 -1
    outer loop
      vertex -2.75 0 8
      vertex -9.85571 5.6902 8
      vertex -9.7581 5.84718 8
    endloop
  endfacet
  facet normal 0 0 -1
    outer loop
      vertex -10.5792 -4.18208 8
      vertex -2.54067 -1.05238 8
      vertex -10.5141 -4.35509 8
    endloop
  endfacet
  facet normal 0 0 -1
    outer loop
      vertex -10.7764 -3.65811 8
      vertex -2.54067 -1.05238 8
      vertex -10.5792 -4.18208 8
    endloop
  endfacet
  facet normal 0 -0 -1
    outer loop
      vertex -10.2068 5.03342 8
      vertex -2.75 0 8
      vertex -10.4378 4.52347 8
    endloop
  endfacet
  facet normal 0 0 -1
    outer loop
      vertex -2.75 0 8
      vertex -10.2068 5.03342 8
      vertex -10.1196 5.19645 8
    endloop
  endfacet
  facet normal 0 0 -1
    outer loop
      vertex -10.8301 -3.48121 8
      vertex -2.54067 -1.05238 8
      vertex -10.7764 -3.65811 8
    endloop
  endfacet
  facet normal -0 0 -1
    outer loop
      vertex -2.54067 -1.05238 8
      vertex -10.8301 -3.48121 8
      vertex -2.69716 -0.536498 8
    endloop
  endfacet
  facet normal 0 -0 -1
    outer loop
      vertex -10.5141 4.35509 8
      vertex -2.75 0 8
      vertex -10.7113 3.83112 8
    endloop
  endfacet
  facet normal 0 0 -1
    outer loop
      vertex -2.75 0 8
      vertex -10.5141 4.35509 8
      vertex -10.4378 4.52347 8
    endloop
  endfacet
  facet normal 0 0 -1
    outer loop
      vertex -10.9926 -2.94546 8
      vertex -2.69716 -0.536498 8
      vertex -10.8301 -3.48121 8
    endloop
  endfacet
  facet normal 0 0 -1
    outer loop
      vertex -11.0346 -2.76544 8
      vertex -2.69716 -0.536498 8
      vertex -10.9926 -2.94546 8
    endloop
  endfacet
  facet normal 0 -0 -1
    outer loop
      vertex -10.7764 3.65811 8
      vertex -2.75 0 8
      vertex -10.939 3.12236 8
    endloop
  endfacet
  facet normal 0 0 -1
    outer loop
      vertex -2.75 0 8
      vertex -10.7764 3.65811 8
      vertex -10.7113 3.83112 8
    endloop
  endfacet
  facet normal 0 0 -1
    outer loop
      vertex -11.1617 -2.22021 8
      vertex -2.69716 -0.536498 8
      vertex -11.0346 -2.76544 8
    endloop
  endfacet
  facet normal 0 0 -1
    outer loop
      vertex -11.1918 -2.03782 8
      vertex -2.69716 -0.536498 8
      vertex -11.1617 -2.22021 8
    endloop
  endfacet
  facet normal 0 -0 -1
    outer loop
      vertex -10.9926 2.94546 8
      vertex -2.75 0 8
      vertex -11.1198 2.40023 8
    endloop
  endfacet
  facet normal 0 0 -1
    outer loop
      vertex -2.75 0 8
      vertex -10.9926 2.94546 8
      vertex -10.939 3.12236 8
    endloop
  endfacet
  facet normal 0 0 -1
    outer loop
      vertex -11.283 -1.48544 8
      vertex -2.69716 -0.536498 8
      vertex -11.1918 -2.03782 8
    endloop
  endfacet
  facet normal 0 0 -1
    outer loop
      vertex -11.3012 -1.30147 8
      vertex -2.69716 -0.536498 8
      vertex -11.283 -1.48544 8
    endloop
  endfacet
  facet normal 0 -0 -1
    outer loop
      vertex -11.1617 2.22021 8
      vertex -2.75 0 8
      vertex -11.2529 1.66783 8
    endloop
  endfacet
  facet normal 0 0 -1
    outer loop
      vertex -2.75 0 8
      vertex -11.1617 2.22021 8
      vertex -11.1198 2.40023 8
    endloop
  endfacet
  facet normal -0 0 -1
    outer loop
      vertex -2.69716 -0.536498 8
      vertex -11.3012 -1.30147 8
      vertex -2.75 0 8
    endloop
  endfacet
  facet normal 0 0 -1
    outer loop
      vertex -11.356 -0.744313 8
      vertex -2.75 0 8
      vertex -11.3012 -1.30147 8
    endloop
  endfacet
  facet normal 0 -0 -1
    outer loop
      vertex -11.283 1.48544 8
      vertex -2.75 0 8
      vertex -11.3379 0.928278 8
    endloop
  endfacet
  facet normal 0 0 -1
    outer loop
      vertex -2.75 0 8
      vertex -11.283 1.48544 8
      vertex -11.2529 1.66783 8
    endloop
  endfacet
  facet normal 0 0 -1
    outer loop
      vertex -2.75 0 8
      vertex -11.356 -0.744313 8
      vertex -11.3621 -0.559557 8
    endloop
  endfacet
  facet normal 0 0 -1
    outer loop
      vertex -11.3804 0 8
      vertex -2.75 0 8
      vertex -11.3621 -0.559557 8
    endloop
  endfacet
  facet normal 0 -0 -1
    outer loop
      vertex -11.356 0.744313 8
      vertex -2.75 0 8
      vertex -11.3743 0.184756 8
    endloop
  endfacet
  facet normal 0 0 -1
    outer loop
      vertex -2.75 0 8
      vertex -11.356 0.744313 8
      vertex -11.3379 0.928278 8
    endloop
  endfacet
  facet normal 0 0 -1
    outer loop
      vertex -2.75 0 8
      vertex -11.3804 0 8
      vertex -11.3743 0.184756 8
    endloop
  endfacet
  facet normal 0 0 -1
    outer loop
      vertex 2.75 0 8
      vertex 11.3804 0 8
      vertex 11.3743 -0.184756 8
    endloop
  endfacet
  facet normal 0 0 -1
    outer loop
      vertex 2.75 0 8
      vertex 11.3743 -0.184756 8
      vertex 11.356 -0.744313 8
    endloop
  endfacet
  facet normal 0 0 -1
    outer loop
      vertex 11.3804 0 8
      vertex 2.75 0 8
      vertex 11.3621 0.559557 8
    endloop
  endfacet
  facet normal 0 0 -1
    outer loop
      vertex 2.75 0 8
      vertex 11.356 -0.744313 8
      vertex 11.3379 -0.928278 8
    endloop
  endfacet
  facet normal -0 0 -1
    outer loop
      vertex 11.3621 0.559557 8
      vertex 2.75 0 8
      vertex 11.356 0.744313 8
    endloop
  endfacet
  facet normal 0 0 -1
    outer loop
      vertex 2.69716 -0.536498 8
      vertex 11.3379 -0.928278 8
      vertex 11.283 -1.48544 8
    endloop
  endfacet
  facet normal -0 0 -1
    outer loop
      vertex 11.356 0.744313 8
      vertex 2.75 0 8
      vertex 11.3012 1.30147 8
    endloop
  endfacet
  facet normal 0 0 -1
    outer loop
      vertex 2.69716 -0.536498 8
      vertex 11.283 -1.48544 8
      vertex 11.2529 -1.66783 8
    endloop
  endfacet
  facet normal 0 0 -1
    outer loop
      vertex 2.69716 0.536498 8
      vertex 11.3012 1.30147 8
      vertex 2.75 0 8
    endloop
  endfacet
  facet normal 0 0 -1
    outer loop
      vertex 2.69716 -0.536498 8
      vertex 11.2529 -1.66783 8
      vertex 11.1617 -2.22021 8
    endloop
  endfacet
  facet normal -0 0 -1
    outer loop
      vertex 11.3012 1.30147 8
      vertex 2.69716 0.536498 8
      vertex 11.283 1.48544 8
    endloop
  endfacet
  facet normal 0 0 -1
    outer loop
      vertex 2.69716 -0.536498 8
      vertex 11.1617 -2.22021 8
      vertex 11.1198 -2.40023 8
    endloop
  endfacet
  facet normal -0 0 -1
    outer loop
      vertex 11.283 1.48544 8
      vertex 2.69716 0.536498 8
      vertex 11.1918 2.03782 8
    endloop
  endfacet
  facet normal 0 0 -1
    outer loop
      vertex 2.69716 -0.536498 8
      vertex 11.1198 -2.40023 8
      vertex 10.9926 -2.94546 8
    endloop
  endfacet
  facet normal -0 0 -1
    outer loop
      vertex 11.1918 2.03782 8
      vertex 2.69716 0.536498 8
      vertex 11.1617 2.22021 8
    endloop
  endfacet
  facet normal 0 0 -1
    outer loop
      vertex 2.69716 -0.536498 8
      vertex 10.9926 -2.94546 8
      vertex 10.939 -3.12236 8
    endloop
  endfacet
  facet normal -0 0 -1
    outer loop
      vertex 11.1617 2.22021 8
      vertex 2.69716 0.536498 8
      vertex 11.0346 2.76544 8
    endloop
  endfacet
  facet normal 0 0 -1
    outer loop
      vertex 2.69716 -0.536498 8
      vertex 10.939 -3.12236 8
      vertex 10.7764 -3.65811 8
    endloop
  endfacet
  facet normal -0 0 -1
    outer loop
      vertex 11.0346 2.76544 8
      vertex 2.69716 0.536498 8
      vertex 10.9926 2.94546 8
    endloop
  endfacet
  facet normal 0 0 -1
    outer loop
      vertex 2.69716 -0.536498 8
      vertex 10.7764 -3.65811 8
      vertex 10.7113 -3.83112 8
    endloop
  endfacet
  facet normal -0 0 -1
    outer loop
      vertex 10.9926 2.94546 8
      vertex 2.69716 0.536498 8
      vertex 10.8301 3.48121 8
    endloop
  endfacet
  facet normal 0 0 -1
    outer loop
      vertex 2.69716 -0.536498 8
      vertex 10.7113 -3.83112 8
      vertex 10.5141 -4.35509 8
    endloop
  endfacet
  facet normal 0 0 -1
    outer loop
      vertex 2.54067 1.05238 8
      vertex 10.8301 3.48121 8
      vertex 2.69716 0.536498 8
    endloop
  endfacet
  facet normal 0 0 -1
    outer loop
      vertex 2.69716 -0.536498 8
      vertex 10.5141 -4.35509 8
      vertex 10.4378 -4.52347 8
    endloop
  endfacet
  facet normal -0 0 -1
    outer loop
      vertex 10.8301 3.48121 8
      vertex 2.54067 1.05238 8
      vertex 10.7764 3.65811 8
    endloop
  endfacet
  facet normal 0 0 -1
    outer loop
      vertex 2.69716 -0.536498 8
      vertex 10.4378 -4.52347 8
      vertex 10.2068 -5.03342 8
    endloop
  endfacet
  facet normal -0 0 -1
    outer loop
      vertex 10.7764 3.65811 8
      vertex 2.54067 1.05238 8
      vertex 10.5792 4.18208 8
    endloop
  endfacet
  facet normal 0 0 -1
    outer loop
      vertex 2.69716 -0.536498 8
      vertex 10.2068 -5.03342 8
      vertex 10.1196 -5.19645 8
    endloop
  endfacet
  facet normal -0 0 -1
    outer loop
      vertex 10.5792 4.18208 8
      vertex 2.54067 1.05238 8
      vertex 10.5141 4.35509 8
    endloop
  endfacet
  facet normal 0 0 -1
    outer loop
      vertex 2.69716 -0.536498 8
      vertex 10.1196 -5.19645 8
      vertex 9.85571 -5.6902 8
    endloop
  endfacet
  facet normal -0 0 -1
    outer loop
      vertex 10.5141 4.35509 8
      vertex 2.54067 1.05238 8
      vertex 10.2831 4.86504 8
    endloop
  endfacet
  facet normal 0 0 -1
    outer loop
      vertex 2.69716 -0.536498 8
      vertex 9.85571 -5.6902 8
      vertex 9.7581 -5.84718 8
    endloop
  endfacet
  facet normal -0 0 -1
    outer loop
      vertex 10.2831 4.86504 8
      vertex 2.54067 1.05238 8
      vertex 10.2068 5.03342 8
    endloop
  endfacet
  facet normal 0 0 -1
    outer loop
      vertex 2.69716 -0.536498 8
      vertex 9.7581 -5.84718 8
      vertex 9.46245 -6.32261 8
    endloop
  endfacet
  facet normal -0 0 -1
    outer loop
      vertex 10.2068 5.03342 8
      vertex 2.54067 1.05238 8
      vertex 9.94285 5.52717 8
    endloop
  endfacet
  facet normal 0 0 -1
    outer loop
      vertex 2.69716 -0.536498 8
      vertex 9.46245 -6.32261 8
      vertex 9.35478 -6.47287 8
    endloop
  endfacet
  facet normal 0 0 -1
    outer loop
      vertex 2.28654 1.52782 8
      vertex 9.94285 5.52717 8
      vertex 2.54067 1.05238 8
    endloop
  endfacet
  facet normal 0 0 -1
    outer loop
      vertex 2.69716 -0.536498 8
      vertex 9.35478 -6.47287 8
      vertex 9.02868 -6.92795 8
    endloop
  endfacet
  facet normal -0 0 -1
    outer loop
      vertex 9.94285 5.52717 8
      vertex 2.28654 1.52782 8
      vertex 9.85571 5.6902 8
    endloop
  endfacet
  facet normal 0 0 -1
    outer loop
      vertex 2.69716 -0.536498 8
      vertex 9.02868 -6.92795 8
      vertex 8.91141 -7.07084 8
    endloop
  endfacet
  facet normal -0 0 -1
    outer loop
      vertex 9.85571 5.6902 8
      vertex 2.28654 1.52782 8
      vertex 9.56007 6.16563 8
    endloop
  endfacet
  facet normal 0 0 -1
    outer loop
      vertex 2.69716 -0.536498 8
      vertex 8.91141 -7.07084 8
      vertex 8.55624 -7.50362 8
    endloop
  endfacet
  facet normal -0 0 -1
    outer loop
      vertex 9.56007 6.16563 8
      vertex 2.28654 1.52782 8
      vertex 9.46245 6.32261 8
    endloop
  endfacet
  facet normal 0 0 -1
    outer loop
      vertex 2.69716 -0.536498 8
      vertex 8.55624 -7.50362 8
      vertex 8.42987 -7.63854 8
    endloop
  endfacet
  facet normal -0 0 -1
    outer loop
      vertex 9.46245 6.32261 8
      vertex 2.28654 1.52782 8
      vertex 9.13635 6.77769 8
    endloop
  endfacet
  facet normal 0 0 -1
    outer loop
      vertex 2.69716 -0.536498 8
      vertex 8.42987 -7.63854 8
      vertex 8.04716 -8.04716 8
    endloop
  endfacet
  facet normal -0 0 -1
    outer loop
      vertex 9.13635 6.77769 8
      vertex 2.28654 1.52782 8
      vertex 9.02868 6.92795 8
    endloop
  endfacet
  facet normal 0 0 -1
    outer loop
      vertex 2.69716 -0.536498 8
      vertex 8.04716 -8.04716 8
      vertex 7.91224 -8.17352 8
    endloop
  endfacet
  facet normal -0 0 -1
    outer loop
      vertex 9.02868 6.92795 8
      vertex 2.28654 1.52782 8
      vertex 8.67351 7.36072 8
    endloop
  endfacet
  facet normal 0 0 -1
    outer loop
      vertex 2.69716 -0.536498 8
      vertex 7.91224 -8.17352 8
      vertex 7.50362 -8.55624 8
    endloop
  endfacet
  facet normal 0 0 -1
    outer loop
      vertex 1.94454 1.94454 8
      vertex 8.67351 7.36072 8
      vertex 2.28654 1.52782 8
    endloop
  endfacet
  facet normal 0 0 -1
    outer loop
      vertex 2.69716 -0.536498 8
      vertex 7.50362 -8.55624 8
      vertex 7.36072 -8.67351 8
    endloop
  endfacet
  facet normal -0 0 -1
    outer loop
      vertex 8.67351 7.36072 8
      vertex 1.94454 1.94454 8
      vertex 8.55624 7.50362 8
    endloop
  endfacet
  facet normal 0 0 -1
    outer loop
      vertex 2.69716 -0.536498 8
      vertex 7.36072 -8.67351 8
      vertex 6.92795 -9.02868 8
    endloop
  endfacet
  facet normal -0 0 -1
    outer loop
      vertex 8.55624 7.50362 8
      vertex 1.94454 1.94454 8
      vertex 8.17352 7.91224 8
    endloop
  endfacet
  facet normal 0 0 -1
    outer loop
      vertex 2.69716 -0.536498 8
      vertex 6.92795 -9.02868 8
      vertex 6.77769 -9.13635 8
    endloop
  endfacet
  facet normal -0 0 -1
    outer loop
      vertex 8.17352 7.91224 8
      vertex 1.94454 1.94454 8
      vertex 8.04716 8.04716 8
    endloop
  endfacet
  facet normal 0 0 -1
    outer loop
      vertex 2.69716 -0.536498 8
      vertex 6.77769 -9.13635 8
      vertex 6.32261 -9.46245 8
    endloop
  endfacet
  facet normal -0 0 -1
    outer loop
      vertex 8.04716 8.04716 8
      vertex 1.94454 1.94454 8
      vertex 7.63854 8.42987 8
    endloop
  endfacet
  facet normal 0 0 -1
    outer loop
      vertex 2.69716 -0.536498 8
      vertex 6.32261 -9.46245 8
      vertex 6.16563 -9.56007 8
    endloop
  endfacet
  facet normal -0 0 -1
    outer loop
      vertex 7.63854 8.42987 8
      vertex 1.94454 1.94454 8
      vertex 7.50362 8.55624 8
    endloop
  endfacet
  facet normal 0 0 -1
    outer loop
      vertex 2.69716 -0.536498 8
      vertex 6.16563 -9.56007 8
      vertex 5.6902 -9.85571 8
    endloop
  endfacet
  facet normal -0 0 -1
    outer loop
      vertex 7.50362 8.55624 8
      vertex 1.94454 1.94454 8
      vertex 7.07084 8.91141 8
    endloop
  endfacet
  facet normal 0 0 -1
    outer loop
      vertex 2.69716 -0.536498 8
      vertex 5.6902 -9.85571 8
      vertex 5.52717 -9.94285 8
    endloop
  endfacet
  facet normal 0 0 -1
    outer loop
      vertex 1.52782 2.28654 8
      vertex 7.07084 8.91141 8
      vertex 1.94454 1.94454 8
    endloop
  endfacet
  facet normal 0 0 -1
    outer loop
      vertex 2.69716 -0.536498 8
      vertex 5.52717 -9.94285 8
      vertex 5.03342 -10.2068 8
    endloop
  endfacet
  facet normal -0 0 -1
    outer loop
      vertex 7.07084 8.91141 8
      vertex 1.52782 2.28654 8
      vertex 6.92795 9.02868 8
    endloop
  endfacet
  facet normal 0 0 -1
    outer loop
      vertex 2.69716 -0.536498 8
      vertex 5.03342 -10.2068 8
      vertex 4.86504 -10.2831 8
    endloop
  endfacet
  facet normal -0 0 -1
    outer loop
      vertex 6.92795 9.02868 8
      vertex 1.52782 2.28654 8
      vertex 6.47287 9.35478 8
    endloop
  endfacet
  facet normal 0 0 -1
    outer loop
      vertex 2.69716 -0.536498 8
      vertex 4.86504 -10.2831 8
      vertex 4.35509 -10.5141 8
    endloop
  endfacet
  facet normal -0 0 -1
    outer loop
      vertex 6.47287 9.35478 8
      vertex 1.52782 2.28654 8
      vertex 6.32261 9.46245 8
    endloop
  endfacet
  facet normal 0 0 -1
    outer loop
      vertex 2.69716 -0.536498 8
      vertex 4.35509 -10.5141 8
      vertex 4.18208 -10.5792 8
    endloop
  endfacet
  facet normal -0 0 -1
    outer loop
      vertex 6.32261 9.46245 8
      vertex 1.52782 2.28654 8
      vertex 5.84718 9.7581 8
    endloop
  endfacet
  facet normal 0 0 -1
    outer loop
      vertex 2.69716 -0.536498 8
      vertex 4.18208 -10.5792 8
      vertex 3.65811 -10.7764 8
    endloop
  endfacet
  facet normal -0 0 -1
    outer loop
      vertex 5.84718 9.7581 8
      vertex 1.52782 2.28654 8
      vertex 5.6902 9.85571 8
    endloop
  endfacet
  facet normal 0 0 -1
    outer loop
      vertex 2.69716 -0.536498 8
      vertex 3.65811 -10.7764 8
      vertex 3.48121 -10.8301 8
    endloop
  endfacet
  facet normal -0 0 -1
    outer loop
      vertex 5.6902 9.85571 8
      vertex 1.52782 2.28654 8
      vertex 5.19645 10.1196 8
    endloop
  endfacet
  facet normal 0 0 -1
    outer loop
      vertex 2.69716 -0.536498 8
      vertex 3.48121 -10.8301 8
      vertex 2.94546 -10.9926 8
    endloop
  endfacet
  facet normal 0 0 -1
    outer loop
      vertex 1.05238 2.54067 8
      vertex 5.19645 10.1196 8
      vertex 1.52782 2.28654 8
    endloop
  endfacet
  facet normal 0 0 -1
    outer loop
      vertex 0.536498 -2.69716 8
      vertex 2.94546 -10.9926 8
      vertex 2.76544 -11.0346 8
    endloop
  endfacet
  facet normal -0 0 -1
    outer loop
      vertex 5.19645 10.1196 8
      vertex 1.05238 2.54067 8
      vertex 5.03342 10.2068 8
    endloop
  endfacet
  facet normal -0 0 -1
    outer loop
      vertex 5.03342 10.2068 8
      vertex 1.05238 2.54067 8
      vertex 4.52347 10.4378 8
    endloop
  endfacet
  facet normal -0 0 -1
    outer loop
      vertex 4.52347 10.4378 8
      vertex 1.05238 2.54067 8
      vertex 4.35509 10.5141 8
    endloop
  endfacet
  facet normal -0 0 -1
    outer loop
      vertex 4.35509 10.5141 8
      vertex 1.05238 2.54067 8
      vertex 3.83112 10.7113 8
    endloop
  endfacet
  facet normal -0 0 -1
    outer loop
      vertex 3.83112 10.7113 8
      vertex 1.05238 2.54067 8
      vertex 3.65811 10.7764 8
    endloop
  endfacet
  facet normal -0 0 -1
    outer loop
      vertex 3.65811 10.7764 8
      vertex 1.05238 2.54067 8
      vertex 3.12236 10.939 8
    endloop
  endfacet
  facet normal 0 0 -1
    outer loop
      vertex 0.536498 2.69716 8
      vertex 3.12236 10.939 8
      vertex 1.05238 2.54067 8
    endloop
  endfacet
  facet normal -0 0 -1
    outer loop
      vertex 3.12236 10.939 8
      vertex 0.536498 2.69716 8
      vertex 2.94546 10.9926 8
    endloop
  endfacet
  facet normal -0 0 -1
    outer loop
      vertex 2.94546 10.9926 8
      vertex 0.536498 2.69716 8
      vertex 2.40023 11.1198 8
    endloop
  endfacet
  facet normal -0 0 -1
    outer loop
      vertex 2.40023 11.1198 8
      vertex 0.536498 2.69716 8
      vertex 2.22021 11.1617 8
    endloop
  endfacet
  facet normal -0 0 -1
    outer loop
      vertex 2.22021 11.1617 8
      vertex 0.536498 2.69716 8
      vertex 1.66783 11.2529 8
    endloop
  endfacet
  facet normal -0 0 -1
    outer loop
      vertex 1.66783 11.2529 8
      vertex 0.536498 2.69716 8
      vertex 1.48544 11.283 8
    endloop
  endfacet
  facet normal -0 0 -1
    outer loop
      vertex 1.48544 11.283 8
      vertex 0.536498 2.69716 8
      vertex 0.928278 11.3379 8
    endloop
  endfacet
  facet normal 0 0 -1
    outer loop
      vertex 0 2.75 8
      vertex 0.928278 11.3379 8
      vertex 0.536498 2.69716 8
    endloop
  endfacet
  facet normal -0 0 -1
    outer loop
      vertex 0.928278 11.3379 8
      vertex 0 2.75 8
      vertex 0.744313 11.356 8
    endloop
  endfacet
  facet normal -0 0 -1
    outer loop
      vertex 0.744313 11.356 8
      vertex 0 2.75 8
      vertex 0.184756 11.3743 8
    endloop
  endfacet
  facet normal 0 0 -1
    outer loop
      vertex 0 2.75 8
      vertex 0 11.3804 8
      vertex 0.184756 11.3743 8
    endloop
  endfacet
  facet normal 0 0 -1
    outer loop
      vertex -1.30147 11.3012 8
      vertex 0 2.75 8
      vertex -0.536498 2.69716 8
    endloop
  endfacet
  facet normal 0 0 -1
    outer loop
      vertex 0 2.75 8
      vertex -0.559557 11.3621 8
      vertex 0 11.3804 8
    endloop
  endfacet
  facet normal 0 0 -1
    outer loop
      vertex 0 2.75 8
      vertex -0.744313 11.356 8
      vertex -0.559557 11.3621 8
    endloop
  endfacet
  facet normal 0 0 -1
    outer loop
      vertex -2.76544 11.0346 8
      vertex -0.536498 2.69716 8
      vertex -1.05238 2.54067 8
    endloop
  endfacet
  facet normal 0 0 -1
    outer loop
      vertex 0 2.75 8
      vertex -1.30147 11.3012 8
      vertex -0.744313 11.356 8
    endloop
  endfacet
  facet normal 0 0 -1
    outer loop
      vertex -0.536498 2.69716 8
      vertex -1.48544 11.283 8
      vertex -1.30147 11.3012 8
    endloop
  endfacet
  facet normal 0 0 -1
    outer loop
      vertex -2.76544 11.0346 8
      vertex -1.05238 2.54067 8
      vertex -1.52782 2.28654 8
    endloop
  endfacet
  facet normal 0 0 -1
    outer loop
      vertex -2.76544 11.0346 8
      vertex -1.52782 2.28654 8
      vertex -1.94454 1.94454 8
    endloop
  endfacet
  facet normal 0 0 -1
    outer loop
      vertex -0.536498 2.69716 8
      vertex -2.03782 11.1918 8
      vertex -1.48544 11.283 8
    endloop
  endfacet
  facet normal 0 0 -1
    outer loop
      vertex -0.536498 2.69716 8
      vertex -2.22021 11.1617 8
      vertex -2.03782 11.1918 8
    endloop
  endfacet
  facet normal 0 0 -1
    outer loop
      vertex -2.76544 11.0346 8
      vertex -1.94454 1.94454 8
      vertex -2.28654 1.52782 8
    endloop
  endfacet
  facet normal 0 0 -1
    outer loop
      vertex -2.76544 11.0346 8
      vertex -2.28654 1.52782 8
      vertex -2.54067 1.05238 8
    endloop
  endfacet
  facet normal 0 0 -1
    outer loop
      vertex -2.76544 11.0346 8
      vertex -2.54067 1.05238 8
      vertex -2.69716 0.536498 8
    endloop
  endfacet
  facet normal 0 0 -1
    outer loop
      vertex -2.76544 11.0346 8
      vertex -2.69716 0.536498 8
      vertex -2.75 0 8
    endloop
  endfacet
  facet normal 0 0 -1
    outer loop
      vertex -0.536498 2.69716 8
      vertex -2.76544 11.0346 8
      vertex -2.22021 11.1617 8
    endloop
  endfacet
  facet normal 0.4714 -0.88192 0
    outer loop
      vertex -1.52782 2.28654 8
      vertex -1.05238 2.54067 13.1
      vertex -1.52782 2.28654 13.1
    endloop
  endfacet
  facet normal 0.4714 -0.88192 0
    outer loop
      vertex -1.05238 2.54067 13.1
      vertex -1.52782 2.28654 8
      vertex -1.05238 2.54067 8
    endloop
  endfacet
  facet normal -0.956941 -0.290283 0
    outer loop
      vertex 2.69716 0.536498 8
      vertex 2.54067 1.05238 13.1
      vertex 2.54067 1.05238 8
    endloop
  endfacet
  facet normal -0.956941 -0.290283 0
    outer loop
      vertex 2.54067 1.05238 13.1
      vertex 2.69716 0.536498 8
      vertex 2.69716 0.536498 13.1
    endloop
  endfacet
  facet normal -0.995185 -0.0980163 0
    outer loop
      vertex 2.75 0 8
      vertex 2.69716 0.536498 13.1
      vertex 2.69716 0.536498 8
    endloop
  endfacet
  facet normal -0.995185 -0.0980163 0
    outer loop
      vertex 2.69716 0.536498 13.1
      vertex 2.75 0 8
      vertex 2.75 0 13.1
    endloop
  endfacet
  facet normal -0.88192 -0.4714 0
    outer loop
      vertex 2.54067 1.05238 8
      vertex 2.28654 1.52782 13.1
      vertex 2.28654 1.52782 8
    endloop
  endfacet
  facet normal -0.88192 -0.4714 0
    outer loop
      vertex 2.28654 1.52782 13.1
      vertex 2.54067 1.05238 8
      vertex 2.54067 1.05238 13.1
    endloop
  endfacet
  facet normal -0.956941 0.290283 0
    outer loop
      vertex 2.54067 -1.05238 8
      vertex 2.69716 -0.536498 13.1
      vertex 2.69716 -0.536498 8
    endloop
  endfacet
  facet normal -0.956941 0.290283 0
    outer loop
      vertex 2.69716 -0.536498 13.1
      vertex 2.54067 -1.05238 8
      vertex 2.54067 -1.05238 13.1
    endloop
  endfacet
  facet normal 0.995185 0.0980163 0
    outer loop
      vertex -2.69716 -0.536498 13.1
      vertex -2.75 0 8
      vertex -2.75 0 13.1
    endloop
  endfacet
  facet normal 0.995185 0.0980163 0
    outer loop
      vertex -2.75 0 8
      vertex -2.69716 -0.536498 13.1
      vertex -2.69716 -0.536498 8
    endloop
  endfacet
  facet normal -0.995185 0.0980163 0
    outer loop
      vertex 2.69716 -0.536498 8
      vertex 2.75 0 13.1
      vertex 2.75 0 8
    endloop
  endfacet
  facet normal -0.995185 0.0980163 0
    outer loop
      vertex 2.75 0 13.1
      vertex 2.69716 -0.536498 8
      vertex 2.69716 -0.536498 13.1
    endloop
  endfacet
  facet normal -0.0980163 -0.995185 0
    outer loop
      vertex 0 2.75 8
      vertex 0.536498 2.69716 13.1
      vertex 0 2.75 13.1
    endloop
  endfacet
  facet normal -0.0980163 -0.995185 -0
    outer loop
      vertex 0.536498 2.69716 13.1
      vertex 0 2.75 8
      vertex 0.536498 2.69716 8
    endloop
  endfacet
  facet normal -0.4714 -0.88192 0
    outer loop
      vertex 1.05238 2.54067 8
      vertex 1.52782 2.28654 13.1
      vertex 1.05238 2.54067 13.1
    endloop
  endfacet
  facet normal -0.4714 -0.88192 -0
    outer loop
      vertex 1.52782 2.28654 13.1
      vertex 1.05238 2.54067 8
      vertex 1.52782 2.28654 8
    endloop
  endfacet
  facet normal -0.634401 -0.773004 0
    outer loop
      vertex 1.52782 2.28654 8
      vertex 1.94454 1.94454 13.1
      vertex 1.52782 2.28654 13.1
    endloop
  endfacet
  facet normal -0.634401 -0.773004 -0
    outer loop
      vertex 1.94454 1.94454 13.1
      vertex 1.52782 2.28654 8
      vertex 1.94454 1.94454 8
    endloop
  endfacet
  facet normal 0.0980163 0.995185 -0
    outer loop
      vertex 0 -2.75 8
      vertex -0.536498 -2.69716 13.1
      vertex 0 -2.75 13.1
    endloop
  endfacet
  facet normal 0.0980163 0.995185 0
    outer loop
      vertex -0.536498 -2.69716 13.1
      vertex 0 -2.75 8
      vertex -0.536498 -2.69716 8
    endloop
  endfacet
  facet normal 0.0980163 -0.995185 0
    outer loop
      vertex -0.536498 2.69716 8
      vertex 0 2.75 13.1
      vertex -0.536498 2.69716 13.1
    endloop
  endfacet
  facet normal 0.0980163 -0.995185 0
    outer loop
      vertex 0 2.75 13.1
      vertex -0.536498 2.69716 8
      vertex 0 2.75 8
    endloop
  endfacet
  facet normal 0.4714 0.88192 -0
    outer loop
      vertex -1.05238 -2.54067 8
      vertex -1.52782 -2.28654 13.1
      vertex -1.05238 -2.54067 13.1
    endloop
  endfacet
  facet normal 0.4714 0.88192 0
    outer loop
      vertex -1.52782 -2.28654 13.1
      vertex -1.05238 -2.54067 8
      vertex -1.52782 -2.28654 8
    endloop
  endfacet
  facet normal -0.773004 -0.634401 0
    outer loop
      vertex 2.28654 1.52782 8
      vertex 1.94454 1.94454 13.1
      vertex 1.94454 1.94454 8
    endloop
  endfacet
  facet normal -0.773004 -0.634401 0
    outer loop
      vertex 1.94454 1.94454 13.1
      vertex 2.28654 1.52782 8
      vertex 2.28654 1.52782 13.1
    endloop
  endfacet
  facet normal 0.773004 -0.634401 0
    outer loop
      vertex -2.28654 1.52782 13.1
      vertex -1.94454 1.94454 8
      vertex -1.94454 1.94454 13.1
    endloop
  endfacet
  facet normal 0.773004 -0.634401 0
    outer loop
      vertex -1.94454 1.94454 8
      vertex -2.28654 1.52782 13.1
      vertex -2.28654 1.52782 8
    endloop
  endfacet
  facet normal 0.995185 -0.0980163 0
    outer loop
      vertex -2.75 0 13.1
      vertex -2.69716 0.536498 8
      vertex -2.69716 0.536498 13.1
    endloop
  endfacet
  facet normal 0.995185 -0.0980163 0
    outer loop
      vertex -2.69716 0.536498 8
      vertex -2.75 0 13.1
      vertex -2.75 0 8
    endloop
  endfacet
  facet normal 0.634401 0.773004 -0
    outer loop
      vertex -1.52782 -2.28654 8
      vertex -1.94454 -1.94454 13.1
      vertex -1.52782 -2.28654 13.1
    endloop
  endfacet
  facet normal 0.634401 0.773004 0
    outer loop
      vertex -1.94454 -1.94454 13.1
      vertex -1.52782 -2.28654 8
      vertex -1.94454 -1.94454 8
    endloop
  endfacet
  facet normal 0.956941 -0.290283 0
    outer loop
      vertex -2.69716 0.536498 13.1
      vertex -2.54067 1.05238 8
      vertex -2.54067 1.05238 13.1
    endloop
  endfacet
  facet normal 0.956941 -0.290283 0
    outer loop
      vertex -2.54067 1.05238 8
      vertex -2.69716 0.536498 13.1
      vertex -2.69716 0.536498 8
    endloop
  endfacet
  facet normal -0.290283 0.956941 0
    outer loop
      vertex 1.05238 -2.54067 8
      vertex 0.536498 -2.69716 13.1
      vertex 1.05238 -2.54067 13.1
    endloop
  endfacet
  facet normal -0.290283 0.956941 0
    outer loop
      vertex 0.536498 -2.69716 13.1
      vertex 1.05238 -2.54067 8
      vertex 0.536498 -2.69716 8
    endloop
  endfacet
  facet normal -0.0980163 0.995185 0
    outer loop
      vertex 0.536498 -2.69716 8
      vertex 0 -2.75 13.1
      vertex 0.536498 -2.69716 13.1
    endloop
  endfacet
  facet normal -0.0980163 0.995185 0
    outer loop
      vertex 0 -2.75 13.1
      vertex 0.536498 -2.69716 8
      vertex 0 -2.75 8
    endloop
  endfacet
  facet normal 0.290283 -0.956941 0
    outer loop
      vertex -1.05238 2.54067 8
      vertex -0.536498 2.69716 13.1
      vertex -1.05238 2.54067 13.1
    endloop
  endfacet
  facet normal 0.290283 -0.956941 0
    outer loop
      vertex -0.536498 2.69716 13.1
      vertex -1.05238 2.54067 8
      vertex -0.536498 2.69716 8
    endloop
  endfacet
  facet normal 0.634401 -0.773004 0
    outer loop
      vertex -1.94454 1.94454 8
      vertex -1.52782 2.28654 13.1
      vertex -1.94454 1.94454 13.1
    endloop
  endfacet
  facet normal 0.634401 -0.773004 0
    outer loop
      vertex -1.52782 2.28654 13.1
      vertex -1.94454 1.94454 8
      vertex -1.52782 2.28654 8
    endloop
  endfacet
  facet normal 0.956941 0.290283 0
    outer loop
      vertex -2.54067 -1.05238 13.1
      vertex -2.69716 -0.536498 8
      vertex -2.69716 -0.536498 13.1
    endloop
  endfacet
  facet normal 0.956941 0.290283 0
    outer loop
      vertex -2.69716 -0.536498 8
      vertex -2.54067 -1.05238 13.1
      vertex -2.54067 -1.05238 8
    endloop
  endfacet
  facet normal 0 0 -1
    outer loop
      vertex 2.69716 -0.536498 13.1
      vertex 2.69716 0.536498 13.1
      vertex 2.75 0 13.1
    endloop
  endfacet
  facet normal 0 0 -1
    outer loop
      vertex 2.54067 -1.05238 13.1
      vertex 2.69716 0.536498 13.1
      vertex 2.69716 -0.536498 13.1
    endloop
  endfacet
  facet normal 0 0 -1
    outer loop
      vertex 2.54067 -1.05238 13.1
      vertex 2.54067 1.05238 13.1
      vertex 2.69716 0.536498 13.1
    endloop
  endfacet
  facet normal 0 0 -1
    outer loop
      vertex 2.28654 -1.52782 13.1
      vertex 2.54067 1.05238 13.1
      vertex 2.54067 -1.05238 13.1
    endloop
  endfacet
  facet normal 0 0 -1
    outer loop
      vertex 2.28654 -1.52782 13.1
      vertex 2.28654 1.52782 13.1
      vertex 2.54067 1.05238 13.1
    endloop
  endfacet
  facet normal 0 0 -1
    outer loop
      vertex 1.94454 -1.94454 13.1
      vertex 2.28654 1.52782 13.1
      vertex 2.28654 -1.52782 13.1
    endloop
  endfacet
  facet normal 0 0 -1
    outer loop
      vertex 1.94454 -1.94454 13.1
      vertex 1.94454 1.94454 13.1
      vertex 2.28654 1.52782 13.1
    endloop
  endfacet
  facet normal 0 0 -1
    outer loop
      vertex 1.52782 -2.28654 13.1
      vertex 1.94454 1.94454 13.1
      vertex 1.94454 -1.94454 13.1
    endloop
  endfacet
  facet normal 0 0 -1
    outer loop
      vertex 1.52782 -2.28654 13.1
      vertex 1.52782 2.28654 13.1
      vertex 1.94454 1.94454 13.1
    endloop
  endfacet
  facet normal 0 0 -1
    outer loop
      vertex 1.05238 -2.54067 13.1
      vertex 1.52782 2.28654 13.1
      vertex 1.52782 -2.28654 13.1
    endloop
  endfacet
  facet normal 0 0 -1
    outer loop
      vertex 1.05238 -2.54067 13.1
      vertex 1.05238 2.54067 13.1
      vertex 1.52782 2.28654 13.1
    endloop
  endfacet
  facet normal 0 0 -1
    outer loop
      vertex 0.536498 -2.69716 13.1
      vertex 1.05238 2.54067 13.1
      vertex 1.05238 -2.54067 13.1
    endloop
  endfacet
  facet normal 0 0 -1
    outer loop
      vertex 0.536498 -2.69716 13.1
      vertex 0.536498 2.69716 13.1
      vertex 1.05238 2.54067 13.1
    endloop
  endfacet
  facet normal 0 0 -1
    outer loop
      vertex 0 -2.75 13.1
      vertex 0.536498 2.69716 13.1
      vertex 0.536498 -2.69716 13.1
    endloop
  endfacet
  facet normal 0 0 -1
    outer loop
      vertex 0 -2.75 13.1
      vertex 0 2.75 13.1
      vertex 0.536498 2.69716 13.1
    endloop
  endfacet
  facet normal 0 0 -1
    outer loop
      vertex -0.536498 -2.69716 13.1
      vertex 0 2.75 13.1
      vertex 0 -2.75 13.1
    endloop
  endfacet
  facet normal 0 0 -1
    outer loop
      vertex -0.536498 -2.69716 13.1
      vertex -0.536498 2.69716 13.1
      vertex 0 2.75 13.1
    endloop
  endfacet
  facet normal 0 0 -1
    outer loop
      vertex -1.05238 -2.54067 13.1
      vertex -0.536498 2.69716 13.1
      vertex -0.536498 -2.69716 13.1
    endloop
  endfacet
  facet normal 0 0 -1
    outer loop
      vertex -1.05238 -2.54067 13.1
      vertex -1.05238 2.54067 13.1
      vertex -0.536498 2.69716 13.1
    endloop
  endfacet
  facet normal 0 0 -1
    outer loop
      vertex -1.52782 -2.28654 13.1
      vertex -1.05238 2.54067 13.1
      vertex -1.05238 -2.54067 13.1
    endloop
  endfacet
  facet normal 0 0 -1
    outer loop
      vertex -1.52782 -2.28654 13.1
      vertex -1.52782 2.28654 13.1
      vertex -1.05238 2.54067 13.1
    endloop
  endfacet
  facet normal 0 0 -1
    outer loop
      vertex -1.94454 -1.94454 13.1
      vertex -1.52782 2.28654 13.1
      vertex -1.52782 -2.28654 13.1
    endloop
  endfacet
  facet normal 0 0 -1
    outer loop
      vertex -1.94454 -1.94454 13.1
      vertex -1.94454 1.94454 13.1
      vertex -1.52782 2.28654 13.1
    endloop
  endfacet
  facet normal 0 0 -1
    outer loop
      vertex -2.28654 -1.52782 13.1
      vertex -1.94454 1.94454 13.1
      vertex -1.94454 -1.94454 13.1
    endloop
  endfacet
  facet normal 0 0 -1
    outer loop
      vertex -2.28654 -1.52782 13.1
      vertex -2.28654 1.52782 13.1
      vertex -1.94454 1.94454 13.1
    endloop
  endfacet
  facet normal 0 0 -1
    outer loop
      vertex -2.54067 -1.05238 13.1
      vertex -2.28654 1.52782 13.1
      vertex -2.28654 -1.52782 13.1
    endloop
  endfacet
  facet normal 0 0 -1
    outer loop
      vertex -2.54067 -1.05238 13.1
      vertex -2.54067 1.05238 13.1
      vertex -2.28654 1.52782 13.1
    endloop
  endfacet
  facet normal 0 0 -1
    outer loop
      vertex -2.69716 -0.536498 13.1
      vertex -2.54067 1.05238 13.1
      vertex -2.54067 -1.05238 13.1
    endloop
  endfacet
  facet normal 0 0 -1
    outer loop
      vertex -2.69716 -0.536498 13.1
      vertex -2.69716 0.536498 13.1
      vertex -2.54067 1.05238 13.1
    endloop
  endfacet
  facet normal 0 -0 -1
    outer loop
      vertex -2.69716 0.536498 13.1
      vertex -2.69716 -0.536498 13.1
      vertex -2.75 0 13.1
    endloop
  endfacet
  facet normal -0.4714 0.88192 0
    outer loop
      vertex 1.52782 -2.28654 8
      vertex 1.05238 -2.54067 13.1
      vertex 1.52782 -2.28654 13.1
    endloop
  endfacet
  facet normal -0.4714 0.88192 0
    outer loop
      vertex 1.05238 -2.54067 13.1
      vertex 1.52782 -2.28654 8
      vertex 1.05238 -2.54067 8
    endloop
  endfacet
  facet normal 0.773004 0.634401 0
    outer loop
      vertex -1.94454 -1.94454 13.1
      vertex -2.28654 -1.52782 8
      vertex -2.28654 -1.52782 13.1
    endloop
  endfacet
  facet normal 0.773004 0.634401 0
    outer loop
      vertex -2.28654 -1.52782 8
      vertex -1.94454 -1.94454 13.1
      vertex -1.94454 -1.94454 8
    endloop
  endfacet
  facet normal 0.88192 0.4714 0
    outer loop
      vertex -2.28654 -1.52782 13.1
      vertex -2.54067 -1.05238 8
      vertex -2.54067 -1.05238 13.1
    endloop
  endfacet
  facet normal 0.88192 0.4714 0
    outer loop
      vertex -2.54067 -1.05238 8
      vertex -2.28654 -1.52782 13.1
      vertex -2.28654 -1.52782 8
    endloop
  endfacet
  facet normal -0.290283 -0.956941 0
    outer loop
      vertex 0.536498 2.69716 8
      vertex 1.05238 2.54067 13.1
      vertex 0.536498 2.69716 13.1
    endloop
  endfacet
  facet normal -0.290283 -0.956941 -0
    outer loop
      vertex 1.05238 2.54067 13.1
      vertex 0.536498 2.69716 8
      vertex 1.05238 2.54067 8
    endloop
  endfacet
  facet normal -0.773004 0.634401 0
    outer loop
      vertex 1.94454 -1.94454 8
      vertex 2.28654 -1.52782 13.1
      vertex 2.28654 -1.52782 8
    endloop
  endfacet
  facet normal -0.773004 0.634401 0
    outer loop
      vertex 2.28654 -1.52782 13.1
      vertex 1.94454 -1.94454 8
      vertex 1.94454 -1.94454 13.1
    endloop
  endfacet
  facet normal -0.634401 0.773004 0
    outer loop
      vertex 1.94454 -1.94454 8
      vertex 1.52782 -2.28654 13.1
      vertex 1.94454 -1.94454 13.1
    endloop
  endfacet
  facet normal -0.634401 0.773004 0
    outer loop
      vertex 1.52782 -2.28654 13.1
      vertex 1.94454 -1.94454 8
      vertex 1.52782 -2.28654 8
    endloop
  endfacet
  facet normal 0.290283 0.956941 -0
    outer loop
      vertex -0.536498 -2.69716 8
      vertex -1.05238 -2.54067 13.1
      vertex -0.536498 -2.69716 13.1
    endloop
  endfacet
  facet normal 0.290283 0.956941 0
    outer loop
      vertex -1.05238 -2.54067 13.1
      vertex -0.536498 -2.69716 8
      vertex -1.05238 -2.54067 8
    endloop
  endfacet
  facet normal -0.88192 0.4714 0
    outer loop
      vertex 2.28654 -1.52782 8
      vertex 2.54067 -1.05238 13.1
      vertex 2.54067 -1.05238 8
    endloop
  endfacet
  facet normal -0.88192 0.4714 0
    outer loop
      vertex 2.54067 -1.05238 13.1
      vertex 2.28654 -1.52782 8
      vertex 2.28654 -1.52782 13.1
    endloop
  endfacet
  facet normal 0.88192 -0.4714 0
    outer loop
      vertex -2.54067 1.05238 13.1
      vertex -2.28654 1.52782 8
      vertex -2.28654 1.52782 13.1
    endloop
  endfacet
  facet normal 0.88192 -0.4714 0
    outer loop
      vertex -2.28654 1.52782 8
      vertex -2.54067 1.05238 13.1
      vertex -2.54067 1.05238 8
    endloop
  endfacet
  facet normal 0.471396 0.881922 -0
    outer loop
      vertex 2.22228 3.32588 104
      vertex 1.53073 3.69552 111
      vertex 2.22228 3.32588 111
    endloop
  endfacet
  facet normal 0.471396 0.881922 0
    outer loop
      vertex 1.53073 3.69552 111
      vertex 2.22228 3.32588 104
      vertex 1.53073 3.69552 104
    endloop
  endfacet
  facet normal 0.956941 0.290282 0
    outer loop
      vertex 3.92314 0.780361 111
      vertex 3.69552 1.53073 104
      vertex 3.69552 1.53073 111
    endloop
  endfacet
  facet normal 0.956941 0.290282 0
    outer loop
      vertex 3.69552 1.53073 104
      vertex 3.92314 0.780361 111
      vertex 3.92314 0.780361 104
    endloop
  endfacet
  facet normal 0.995185 0.0980186 0
    outer loop
      vertex 4 0 111
      vertex 3.92314 0.780361 104
      vertex 3.92314 0.780361 111
    endloop
  endfacet
  facet normal 0.995185 0.0980186 0
    outer loop
      vertex 3.92314 0.780361 104
      vertex 4 0 111
      vertex 4 0 104
    endloop
  endfacet
  facet normal 0.881922 0.471396 0
    outer loop
      vertex 3.69552 1.53073 111
      vertex 3.32588 2.22228 104
      vertex 3.32588 2.22228 111
    endloop
  endfacet
  facet normal 0.881922 0.471396 0
    outer loop
      vertex 3.32588 2.22228 104
      vertex 3.69552 1.53073 111
      vertex 3.69552 1.53073 104
    endloop
  endfacet
  facet normal -0.0980186 0.995185 0
    outer loop
      vertex 0 4 104
      vertex -0.780361 3.92314 111
      vertex 0 4 111
    endloop
  endfacet
  facet normal -0.0980186 0.995185 0
    outer loop
      vertex -0.780361 3.92314 111
      vertex 0 4 104
      vertex -0.780361 3.92314 104
    endloop
  endfacet
  facet normal 0.956941 -0.290282 0
    outer loop
      vertex 3.69552 -1.53073 111
      vertex 3.92314 -0.780361 104
      vertex 3.92314 -0.780361 111
    endloop
  endfacet
  facet normal 0.956941 -0.290282 0
    outer loop
      vertex 3.92314 -0.780361 104
      vertex 3.69552 -1.53073 111
      vertex 3.69552 -1.53073 104
    endloop
  endfacet
  facet normal 0.0980186 0.995185 -0
    outer loop
      vertex 0.780361 3.92314 104
      vertex 0 4 111
      vertex 0.780361 3.92314 111
    endloop
  endfacet
  facet normal 0.0980186 0.995185 0
    outer loop
      vertex 0 4 111
      vertex 0.780361 3.92314 104
      vertex 0 4 104
    endloop
  endfacet
  facet normal 0.290282 0.956941 -0
    outer loop
      vertex 1.53073 3.69552 104
      vertex 0.780361 3.92314 111
      vertex 1.53073 3.69552 111
    endloop
  endfacet
  facet normal 0.290282 0.956941 0
    outer loop
      vertex 0.780361 3.92314 111
      vertex 1.53073 3.69552 104
      vertex 0.780361 3.92314 104
    endloop
  endfacet
  facet normal 0.63439 0.773013 -0
    outer loop
      vertex 2.82843 2.82843 104
      vertex 2.22228 3.32588 111
      vertex 2.82843 2.82843 111
    endloop
  endfacet
  facet normal 0.63439 0.773013 0
    outer loop
      vertex 2.22228 3.32588 111
      vertex 2.82843 2.82843 104
      vertex 2.22228 3.32588 104
    endloop
  endfacet
  facet normal -0.0980186 -0.995185 0
    outer loop
      vertex -0.780361 -3.92314 104
      vertex 0 -4 111
      vertex -0.780361 -3.92314 111
    endloop
  endfacet
  facet normal -0.0980186 -0.995185 -0
    outer loop
      vertex 0 -4 111
      vertex -0.780361 -3.92314 104
      vertex 0 -4 104
    endloop
  endfacet
  facet normal -0.63439 0.773013 0
    outer loop
      vertex -2.22228 3.32588 104
      vertex -2.82843 2.82843 111
      vertex -2.22228 3.32588 111
    endloop
  endfacet
  facet normal -0.63439 0.773013 0
    outer loop
      vertex -2.82843 2.82843 111
      vertex -2.22228 3.32588 104
      vertex -2.82843 2.82843 104
    endloop
  endfacet
  facet normal -0.881922 -0.471396 0
    outer loop
      vertex -3.32588 -2.22228 104
      vertex -3.69552 -1.53073 111
      vertex -3.69552 -1.53073 104
    endloop
  endfacet
  facet normal -0.881922 -0.471396 0
    outer loop
      vertex -3.69552 -1.53073 111
      vertex -3.32588 -2.22228 104
      vertex -3.32588 -2.22228 111
    endloop
  endfacet
  facet normal 0.995185 -0.0980186 0
    outer loop
      vertex 3.92314 -0.780361 111
      vertex 4 0 104
      vertex 4 0 111
    endloop
  endfacet
  facet normal 0.995185 -0.0980186 0
    outer loop
      vertex 4 0 104
      vertex 3.92314 -0.780361 111
      vertex 3.92314 -0.780361 104
    endloop
  endfacet
  facet normal -0.773013 -0.63439 0
    outer loop
      vertex -2.82843 -2.82843 104
      vertex -3.32588 -2.22228 111
      vertex -3.32588 -2.22228 104
    endloop
  endfacet
  facet normal -0.773013 -0.63439 0
    outer loop
      vertex -3.32588 -2.22228 111
      vertex -2.82843 -2.82843 104
      vertex -2.82843 -2.82843 111
    endloop
  endfacet
  facet normal -0.956941 -0.290282 0
    outer loop
      vertex -3.69552 -1.53073 104
      vertex -3.92314 -0.780361 111
      vertex -3.92314 -0.780361 104
    endloop
  endfacet
  facet normal -0.956941 -0.290282 0
    outer loop
      vertex -3.92314 -0.780361 111
      vertex -3.69552 -1.53073 104
      vertex -3.69552 -1.53073 111
    endloop
  endfacet
  facet normal -0.63439 -0.773013 0
    outer loop
      vertex -2.82843 -2.82843 104
      vertex -2.22228 -3.32588 111
      vertex -2.82843 -2.82843 111
    endloop
  endfacet
  facet normal -0.63439 -0.773013 -0
    outer loop
      vertex -2.22228 -3.32588 111
      vertex -2.82843 -2.82843 104
      vertex -2.22228 -3.32588 104
    endloop
  endfacet
  facet normal -0.995185 -0.0980186 0
    outer loop
      vertex -3.92314 -0.780361 104
      vertex -4 0 111
      vertex -4 0 104
    endloop
  endfacet
  facet normal -0.995185 -0.0980186 0
    outer loop
      vertex -4 0 111
      vertex -3.92314 -0.780361 104
      vertex -3.92314 -0.780361 111
    endloop
  endfacet
  facet normal -0.471396 -0.881922 0
    outer loop
      vertex -2.22228 -3.32588 104
      vertex -1.53073 -3.69552 111
      vertex -2.22228 -3.32588 111
    endloop
  endfacet
  facet normal -0.471396 -0.881922 -0
    outer loop
      vertex -1.53073 -3.69552 111
      vertex -2.22228 -3.32588 104
      vertex -1.53073 -3.69552 104
    endloop
  endfacet
  facet normal -0.773013 0.63439 0
    outer loop
      vertex -3.32588 2.22228 104
      vertex -2.82843 2.82843 111
      vertex -2.82843 2.82843 104
    endloop
  endfacet
  facet normal -0.773013 0.63439 0
    outer loop
      vertex -2.82843 2.82843 111
      vertex -3.32588 2.22228 104
      vertex -3.32588 2.22228 111
    endloop
  endfacet
  facet normal -0.290282 0.956941 0
    outer loop
      vertex -0.780361 3.92314 104
      vertex -1.53073 3.69552 111
      vertex -0.780361 3.92314 111
    endloop
  endfacet
  facet normal -0.290282 0.956941 0
    outer loop
      vertex -1.53073 3.69552 111
      vertex -0.780361 3.92314 104
      vertex -1.53073 3.69552 104
    endloop
  endfacet
  facet normal 0.773013 -0.63439 0
    outer loop
      vertex 2.82843 -2.82843 111
      vertex 3.32588 -2.22228 104
      vertex 3.32588 -2.22228 111
    endloop
  endfacet
  facet normal 0.773013 -0.63439 0
    outer loop
      vertex 3.32588 -2.22228 104
      vertex 2.82843 -2.82843 111
      vertex 2.82843 -2.82843 104
    endloop
  endfacet
  facet normal 0.290282 -0.956941 0
    outer loop
      vertex 0.780361 -3.92314 104
      vertex 1.53073 -3.69552 111
      vertex 0.780361 -3.92314 111
    endloop
  endfacet
  facet normal 0.290282 -0.956941 0
    outer loop
      vertex 1.53073 -3.69552 111
      vertex 0.780361 -3.92314 104
      vertex 1.53073 -3.69552 104
    endloop
  endfacet
  facet normal -0.995185 0.0980186 0
    outer loop
      vertex -4 0 104
      vertex -3.92314 0.780361 111
      vertex -3.92314 0.780361 104
    endloop
  endfacet
  facet normal -0.995185 0.0980186 0
    outer loop
      vertex -3.92314 0.780361 111
      vertex -4 0 104
      vertex -4 0 111
    endloop
  endfacet
  facet normal 0.773013 0.63439 0
    outer loop
      vertex 3.32588 2.22228 111
      vertex 2.82843 2.82843 104
      vertex 2.82843 2.82843 111
    endloop
  endfacet
  facet normal 0.773013 0.63439 0
    outer loop
      vertex 2.82843 2.82843 104
      vertex 3.32588 2.22228 111
      vertex 3.32588 2.22228 104
    endloop
  endfacet
  facet normal -0.956941 0.290282 0
    outer loop
      vertex -3.92314 0.780361 104
      vertex -3.69552 1.53073 111
      vertex -3.69552 1.53073 104
    endloop
  endfacet
  facet normal -0.956941 0.290282 0
    outer loop
      vertex -3.69552 1.53073 111
      vertex -3.92314 0.780361 104
      vertex -3.92314 0.780361 111
    endloop
  endfacet
  facet normal 0.471396 -0.881922 0
    outer loop
      vertex 1.53073 -3.69552 104
      vertex 2.22228 -3.32588 111
      vertex 1.53073 -3.69552 111
    endloop
  endfacet
  facet normal 0.471396 -0.881922 0
    outer loop
      vertex 2.22228 -3.32588 111
      vertex 1.53073 -3.69552 104
      vertex 2.22228 -3.32588 104
    endloop
  endfacet
  facet normal -0.471396 0.881922 0
    outer loop
      vertex -1.53073 3.69552 104
      vertex -2.22228 3.32588 111
      vertex -1.53073 3.69552 111
    endloop
  endfacet
  facet normal -0.471396 0.881922 0
    outer loop
      vertex -2.22228 3.32588 111
      vertex -1.53073 3.69552 104
      vertex -2.22228 3.32588 104
    endloop
  endfacet
  facet normal 0.0980186 -0.995185 0
    outer loop
      vertex 0 -4 104
      vertex 0.780361 -3.92314 111
      vertex 0 -4 111
    endloop
  endfacet
  facet normal 0.0980186 -0.995185 0
    outer loop
      vertex 0.780361 -3.92314 111
      vertex 0 -4 104
      vertex 0.780361 -3.92314 104
    endloop
  endfacet
  facet normal 0 0 1
    outer loop
      vertex 3.92314 0.780361 111
      vertex 3.92314 -0.780361 111
      vertex 4 0 111
    endloop
  endfacet
  facet normal 0 0 1
    outer loop
      vertex 3.69552 1.53073 111
      vertex 3.92314 -0.780361 111
      vertex 3.92314 0.780361 111
    endloop
  endfacet
  facet normal 0 0 1
    outer loop
      vertex 3.69552 1.53073 111
      vertex 3.69552 -1.53073 111
      vertex 3.92314 -0.780361 111
    endloop
  endfacet
  facet normal 0 0 1
    outer loop
      vertex 3.32588 2.22228 111
      vertex 3.69552 -1.53073 111
      vertex 3.69552 1.53073 111
    endloop
  endfacet
  facet normal 0 0 1
    outer loop
      vertex 3.32588 2.22228 111
      vertex 3.32588 -2.22228 111
      vertex 3.69552 -1.53073 111
    endloop
  endfacet
  facet normal 0 0 1
    outer loop
      vertex 2.82843 2.82843 111
      vertex 3.32588 -2.22228 111
      vertex 3.32588 2.22228 111
    endloop
  endfacet
  facet normal 0 0 1
    outer loop
      vertex 2.82843 2.82843 111
      vertex 2.82843 -2.82843 111
      vertex 3.32588 -2.22228 111
    endloop
  endfacet
  facet normal 0 0 1
    outer loop
      vertex 2.22228 3.32588 111
      vertex 2.82843 -2.82843 111
      vertex 2.82843 2.82843 111
    endloop
  endfacet
  facet normal 0 0 1
    outer loop
      vertex 2.22228 3.32588 111
      vertex 2.22228 -3.32588 111
      vertex 2.82843 -2.82843 111
    endloop
  endfacet
  facet normal 0 0 1
    outer loop
      vertex 1.53073 3.69552 111
      vertex 2.22228 -3.32588 111
      vertex 2.22228 3.32588 111
    endloop
  endfacet
  facet normal 0 0 1
    outer loop
      vertex 1.53073 3.69552 111
      vertex 1.53073 -3.69552 111
      vertex 2.22228 -3.32588 111
    endloop
  endfacet
  facet normal 0 0 1
    outer loop
      vertex 0.780361 3.92314 111
      vertex 1.53073 -3.69552 111
      vertex 1.53073 3.69552 111
    endloop
  endfacet
  facet normal 0 0 1
    outer loop
      vertex 0.780361 3.92314 111
      vertex 0.780361 -3.92314 111
      vertex 1.53073 -3.69552 111
    endloop
  endfacet
  facet normal 0 0 1
    outer loop
      vertex 0 4 111
      vertex 0.780361 -3.92314 111
      vertex 0.780361 3.92314 111
    endloop
  endfacet
  facet normal 0 0 1
    outer loop
      vertex 0 4 111
      vertex 0 -4 111
      vertex 0.780361 -3.92314 111
    endloop
  endfacet
  facet normal -0 0 1
    outer loop
      vertex -0.780361 3.92314 111
      vertex 0 -4 111
      vertex 0 4 111
    endloop
  endfacet
  facet normal 0 0 1
    outer loop
      vertex -0.780361 3.92314 111
      vertex -0.780361 -3.92314 111
      vertex 0 -4 111
    endloop
  endfacet
  facet normal -0 0 1
    outer loop
      vertex -1.53073 3.69552 111
      vertex -0.780361 -3.92314 111
      vertex -0.780361 3.92314 111
    endloop
  endfacet
  facet normal 0 0 1
    outer loop
      vertex -1.53073 3.69552 111
      vertex -1.53073 -3.69552 111
      vertex -0.780361 -3.92314 111
    endloop
  endfacet
  facet normal -0 0 1
    outer loop
      vertex -2.22228 3.32588 111
      vertex -1.53073 -3.69552 111
      vertex -1.53073 3.69552 111
    endloop
  endfacet
  facet normal 0 0 1
    outer loop
      vertex -2.22228 3.32588 111
      vertex -2.22228 -3.32588 111
      vertex -1.53073 -3.69552 111
    endloop
  endfacet
  facet normal -0 0 1
    outer loop
      vertex -2.82843 2.82843 111
      vertex -2.22228 -3.32588 111
      vertex -2.22228 3.32588 111
    endloop
  endfacet
  facet normal 0 0 1
    outer loop
      vertex -2.82843 2.82843 111
      vertex -2.82843 -2.82843 111
      vertex -2.22228 -3.32588 111
    endloop
  endfacet
  facet normal -0 0 1
    outer loop
      vertex -3.32588 2.22228 111
      vertex -2.82843 -2.82843 111
      vertex -2.82843 2.82843 111
    endloop
  endfacet
  facet normal 0 0 1
    outer loop
      vertex -3.32588 2.22228 111
      vertex -3.32588 -2.22228 111
      vertex -2.82843 -2.82843 111
    endloop
  endfacet
  facet normal -0 0 1
    outer loop
      vertex -3.69552 1.53073 111
      vertex -3.32588 -2.22228 111
      vertex -3.32588 2.22228 111
    endloop
  endfacet
  facet normal 0 0 1
    outer loop
      vertex -3.69552 1.53073 111
      vertex -3.69552 -1.53073 111
      vertex -3.32588 -2.22228 111
    endloop
  endfacet
  facet normal -0 0 1
    outer loop
      vertex -3.92314 0.780361 111
      vertex -3.69552 -1.53073 111
      vertex -3.69552 1.53073 111
    endloop
  endfacet
  facet normal 0 0 1
    outer loop
      vertex -3.92314 0.780361 111
      vertex -3.92314 -0.780361 111
      vertex -3.69552 -1.53073 111
    endloop
  endfacet
  facet normal 0 -0 1
    outer loop
      vertex -3.92314 -0.780361 111
      vertex -3.92314 0.780361 111
      vertex -4 0 111
    endloop
  endfacet
  facet normal 0.63439 -0.773013 0
    outer loop
      vertex 2.22228 -3.32588 104
      vertex 2.82843 -2.82843 111
      vertex 2.22228 -3.32588 111
    endloop
  endfacet
  facet normal 0.63439 -0.773013 0
    outer loop
      vertex 2.82843 -2.82843 111
      vertex 2.22228 -3.32588 104
      vertex 2.82843 -2.82843 104
    endloop
  endfacet
  facet normal -0.290282 -0.956941 0
    outer loop
      vertex -1.53073 -3.69552 104
      vertex -0.780361 -3.92314 111
      vertex -1.53073 -3.69552 111
    endloop
  endfacet
  facet normal -0.290282 -0.956941 -0
    outer loop
      vertex -0.780361 -3.92314 111
      vertex -1.53073 -3.69552 104
      vertex -0.780361 -3.92314 104
    endloop
  endfacet
  facet normal 0.881922 -0.471396 0
    outer loop
      vertex 3.32588 -2.22228 111
      vertex 3.69552 -1.53073 104
      vertex 3.69552 -1.53073 111
    endloop
  endfacet
  facet normal 0.881922 -0.471396 0
    outer loop
      vertex 3.69552 -1.53073 104
      vertex 3.32588 -2.22228 111
      vertex 3.32588 -2.22228 104
    endloop
  endfacet
  facet normal -0.881922 0.471396 0
    outer loop
      vertex -3.69552 1.53073 104
      vertex -3.32588 2.22228 111
      vertex -3.32588 2.22228 104
    endloop
  endfacet
  facet normal -0.881922 0.471396 0
    outer loop
      vertex -3.32588 2.22228 111
      vertex -3.69552 1.53073 104
      vertex -3.69552 1.53073 111
    endloop
  endfacet
endsolid OpenSCAD_Model
